#
# There is insufficient memory for the Java Runtime Environment to continue.
# Native memory allocation (mmap) failed to map 95420416 bytes. Error detail: G1 virtual space
# Possible reasons:
#   The system is out of physical RAM or swap space
#   This process is running with CompressedOops enabled, and the Java Heap may be blocking the growth of the native heap
# Possible solutions:
#   Reduce memory load on the system
#   Increase physical memory or swap space
#   Check if swap backing store is full
#   Decrease Java heap size (-Xmx/-Xms)
#   Decrease number of Java threads
#   Decrease Java thread stack sizes (-Xss)
#   Set larger code cache with -XX:ReservedCodeCacheSize=
#   JVM is running with Unscaled Compressed Oops mode in which the Java heap is
#     placed in the first 4GB address space. The Java Heap base address is the
#     maximum limit for the native heap growth. Please use -XX:HeapBaseMinAddress
#     to set the Java Heap base and to place the Java Heap above 4GB virtual address.
# This output file may be truncated or incomplete.
#
#  Out of Memory Error (os_windows.cpp:3828), pid=7960, tid=11412
#
# JRE version: OpenJDK Runtime Environment (21.0.4) (build 21.0.4+-12508038-b607.1)
# Java VM: OpenJDK 64-Bit Server VM (21.0.4+-12508038-b607.1, mixed mode, tiered, compressed oops, compressed class ptrs, g1 gc, windows-amd64)
# No core dump will be written. Minidumps are not enabled by default on client versions of Windows
#

---------------  S U M M A R Y ------------

Command Line: --add-opens=java.base/java.util=ALL-UNNAMED --add-opens=java.base/java.lang=ALL-UNNAMED --add-opens=java.base/java.lang.invoke=ALL-UNNAMED --add-opens=java.prefs/java.util.prefs=ALL-UNNAMED --add-opens=java.base/java.nio.charset=ALL-UNNAMED --add-opens=java.base/java.net=ALL-UNNAMED --add-opens=java.base/java.util.concurrent.atomic=ALL-UNNAMED -Xmx2048m -Dfile.encoding=UTF-8 -Duser.country=IN -Duser.language=en -Duser.variant -javaagent:C:\Users\asus\.gradle\wrapper\dists\gradle-8.7-bin\bhs2wmbdwecv87pi65oeuq5iu\gradle-8.7\lib\agents\gradle-instrumentation-agent-8.7.jar org.gradle.launcher.daemon.bootstrap.GradleDaemon 8.7

Host: 11th Gen Intel(R) Core(TM) i5-1135G7 @ 2.40GHz, 8 cores, 7G,  Windows 11 , 64 bit Build 22621 (10.0.22621.2506)
Time: Thu Feb 13 00:35:04 2025 India Standard Time elapsed time: 37.162181 seconds (0d 0h 0m 37s)

---------------  T H R E A D  ---------------

Current thread (0x00000136fecaae30):  VMThread "VM Thread"          [id=11412, stack(0x00000026e8c00000,0x00000026e8d00000) (1024K)]

Stack: [0x00000026e8c00000,0x00000026e8d00000]
Native frames: (J=compiled Java code, j=interpreted, Vv=VM code, C=native code)
V  [jvm.dll+0x6ce539]
V  [jvm.dll+0x85bf03]
V  [jvm.dll+0x85e45e]
V  [jvm.dll+0x85eb43]
V  [jvm.dll+0x27dd06]
V  [jvm.dll+0x6cada5]
V  [jvm.dll+0x6bf27a]
V  [jvm.dll+0x3541fb]
V  [jvm.dll+0x35be36]
V  [jvm.dll+0x3adbc6]
V  [jvm.dll+0x3ade98]
V  [jvm.dll+0x32691c]
V  [jvm.dll+0x329326]
V  [jvm.dll+0x33325d]
V  [jvm.dll+0x36a865]
V  [jvm.dll+0x8648c8]
V  [jvm.dll+0x865c44]
V  [jvm.dll+0x866180]
V  [jvm.dll+0x866413]
V  [jvm.dll+0x804418]
V  [jvm.dll+0x6cce0d]
C  [ucrtbase.dll+0x29363]
C  [KERNEL32.DLL+0x1257d]
C  [ntdll.dll+0x5aa58]

VM_Operation (0x00000026e87ff600): G1PauseRemark, mode: safepoint, requested by thread 0x00000136e568e060


---------------  P R O C E S S  ---------------

Threads class SMR info:
_java_thread_list=0x000001368903e6f0, length=131, elements={
0x00000136e56240a0, 0x00000136fee540f0, 0x00000136fee56cc0, 0x00000136fee765d0,
0x00000136fee69ff0, 0x00000136fee6aa50, 0x00000136fee6b4b0, 0x00000136fee60f90,
0x00000136fee61a30, 0x00000136fefeb5f0, 0x00000136ff14a720, 0x00000136855701b0,
0x00000136ff4656f0, 0x00000136851306f0, 0x0000013685150c40, 0x00000136851122b0,
0x000001368512a320, 0x0000013684eb1a40, 0x0000013684eaf2e0, 0x0000013684eb13b0,
0x0000013684eb20d0, 0x0000013684eb2760, 0x0000013684eaf970, 0x0000013684eb0000,
0x0000013684eb0d20, 0x0000013689210290, 0x000001368920f570, 0x000001368920e850,
0x000001368920fc00, 0x000001368920db30, 0x0000013689210fb0, 0x0000013689211cd0,
0x00000136892129f0, 0x000001368920ba60, 0x000001368920c0f0, 0x000001368920c780,
0x000001368920d4a0, 0x00000136890c3a10, 0x00000136890c40a0, 0x00000136890c4dc0,
0x00000136890c0c20, 0x00000136890c1fd0, 0x00000136890c2cf0, 0x00000136890bff00,
0x00000136890bf1e0, 0x00000136890be4c0, 0x00000136890c2660, 0x00000136890bde30,
0x00000136890c0590, 0x00000136890beb50, 0x00000136890c12b0, 0x00000136890bf870,
0x00000136890c3380, 0x00000136890c1940, 0x00000136890c5450, 0x00000136848419b0,
0x000001368483ff70, 0x000001368483f8e0, 0x0000013684844110, 0x0000013684844e30,
0x0000013684840c90, 0x00000136848433f0, 0x00000136848454c0, 0x00000136869aece0,
0x00000136869adfc0, 0x00000136869b0720, 0x00000136869abef0, 0x00000136869ac580,
0x00000136869b2e80, 0x00000136869ad2a0, 0x00000136869b0db0, 0x00000136869b1440,
0x00000136848426d0, 0x0000013689212360, 0x00000136898d0d30, 0x00000136898d06a0,
0x00000136898cec60, 0x00000136898cf980, 0x00000136898d0010, 0x00000136886b8cf0,
0x00000136886b9a10, 0x00000136886ba730, 0x00000136886b9380, 0x00000136886b72b0,
0x00000136886b7fd0, 0x00000136886ba0a0, 0x00000136898d13c0, 0x00000136898ce5d0,
0x00000136898cdf40, 0x00000136898cf2f0, 0x00000136869ad930, 0x00000136869ae650,
0x00000136876895a0, 0x000001368768afe0, 0x00000136876846e0, 0x0000013687684050,
0x000001368768b670, 0x0000013687689c30, 0x0000013687685400, 0x0000013687685a90,
0x0000013687684d70, 0x000001368768a950, 0x0000013687686120, 0x00000136876867b0,
0x0000013687686e40, 0x00000136876881f0, 0x000001368768a2c0, 0x0000013687688880,
0x0000013687687b60, 0x00000136876874d0, 0x0000013687688f10, 0x0000013687a11100,
0x0000013687a13ef0, 0x0000013687a0f030, 0x0000013687a11e20, 0x0000013687a103e0,
0x0000013687a13860, 0x0000013687a14580, 0x0000013687a0f6c0, 0x0000013687a131d0,
0x0000013687a15930, 0x0000013687a14c10, 0x0000013687a0fd50, 0x0000013687a10a70,
0x0000013687a152a0, 0x0000013689ad75a0, 0x0000013689ad8fe0, 0x0000013689ad7c30,
0x0000013689adb0b0, 0x0000013689adb740, 0x0000013687ed96c0
}

Java Threads: ( => current thread )
  0x00000136e56240a0 JavaThread "main"                              [_thread_blocked, id=13456, stack(0x00000026e8500000,0x00000026e8600000) (1024K)]
  0x00000136fee540f0 JavaThread "Reference Handler"          daemon [_thread_blocked, id=1320, stack(0x00000026e8d00000,0x00000026e8e00000) (1024K)]
  0x00000136fee56cc0 JavaThread "Finalizer"                  daemon [_thread_blocked, id=13508, stack(0x00000026e8e00000,0x00000026e8f00000) (1024K)]
  0x00000136fee765d0 JavaThread "Signal Dispatcher"          daemon [_thread_blocked, id=14556, stack(0x00000026e8f00000,0x00000026e9000000) (1024K)]
  0x00000136fee69ff0 JavaThread "Attach Listener"            daemon [_thread_blocked, id=8568, stack(0x00000026e9000000,0x00000026e9100000) (1024K)]
  0x00000136fee6aa50 JavaThread "Service Thread"             daemon [_thread_blocked, id=13148, stack(0x00000026e9100000,0x00000026e9200000) (1024K)]
  0x00000136fee6b4b0 JavaThread "Monitor Deflation Thread"   daemon [_thread_blocked, id=15600, stack(0x00000026e9200000,0x00000026e9300000) (1024K)]
  0x00000136fee60f90 JavaThread "C2 CompilerThread0"         daemon [_thread_blocked, id=14440, stack(0x00000026e9300000,0x00000026e9400000) (1024K)]
  0x00000136fee61a30 JavaThread "C1 CompilerThread0"         daemon [_thread_blocked, id=1080, stack(0x00000026e9400000,0x00000026e9500000) (1024K)]
  0x00000136fefeb5f0 JavaThread "Common-Cleaner"             daemon [_thread_blocked, id=18404, stack(0x00000026e9500000,0x00000026e9600000) (1024K)]
  0x00000136ff14a720 JavaThread "Notification Thread"        daemon [_thread_blocked, id=18020, stack(0x00000026e9600000,0x00000026e9700000) (1024K)]
  0x00000136855701b0 JavaThread "Daemon health stats"               [_thread_blocked, id=15244, stack(0x00000026e9800000,0x00000026e9900000) (1024K)]
  0x00000136ff4656f0 JavaThread "Incoming local TCP Connector on port 59371"        [_thread_in_native, id=17968, stack(0x00000026e9700000,0x00000026e9800000) (1024K)]
  0x00000136851306f0 JavaThread "Daemon periodic checks"            [_thread_blocked, id=19312, stack(0x00000026e9d00000,0x00000026e9e00000) (1024K)]
  0x0000013685150c40 JavaThread "Daemon"                            [_thread_blocked, id=18868, stack(0x00000026e9e00000,0x00000026e9f00000) (1024K)]
  0x00000136851122b0 JavaThread "Handler for socket connection from /127.0.0.1:59371 to /127.0.0.1:59372"        [_thread_in_native, id=17660, stack(0x00000026e9f00000,0x00000026ea000000) (1024K)]
  0x000001368512a320 JavaThread "Cancel handler"                    [_thread_blocked, id=22148, stack(0x00000026ea000000,0x00000026ea100000) (1024K)]
  0x0000013684eb1a40 JavaThread "Daemon worker"                     [_thread_blocked, id=17096, stack(0x00000026ea100000,0x00000026ea200000) (1024K)]
  0x0000013684eaf2e0 JavaThread "Asynchronous log dispatcher for DefaultDaemonConnection: socket connection from /127.0.0.1:59371 to /127.0.0.1:59372"        [_thread_blocked, id=15556, stack(0x00000026ea200000,0x00000026ea300000) (1024K)]
  0x0000013684eb13b0 JavaThread "Stdin handler"                     [_thread_blocked, id=19448, stack(0x00000026ea300000,0x00000026ea400000) (1024K)]
  0x0000013684eb20d0 JavaThread "Daemon client event forwarder"        [_thread_blocked, id=6192, stack(0x00000026ea400000,0x00000026ea500000) (1024K)]
  0x0000013684eb2760 JavaThread "Cache worker for journal cache (C:\Users\asus\.gradle\caches\journal-1)"        [_thread_blocked, id=16648, stack(0x00000026ea900000,0x00000026eaa00000) (1024K)]
  0x0000013684eaf970 JavaThread "File lock request listener"        [_thread_in_native, id=21712, stack(0x00000026eaa00000,0x00000026eab00000) (1024K)]
  0x0000013684eb0000 JavaThread "Cache worker for file hash cache (C:\Users\asus\.gradle\caches\8.7\fileHashes)"        [_thread_blocked, id=10332, stack(0x00000026eab00000,0x00000026eac00000) (1024K)]
  0x0000013684eb0d20 JavaThread "Cache worker for file hash cache (E:\Users\mkjl4\AndroidStudioProjects\HaveneraOwner\.gradle\8.7\fileHashes)"        [_thread_blocked, id=7516, stack(0x00000026eae00000,0x00000026eaf00000) (1024K)]
  0x0000013689210290 JavaThread "File watcher server"        daemon [_thread_blocked, id=12616, stack(0x00000026eaf00000,0x00000026eb000000) (1024K)]
  0x000001368920f570 JavaThread "File watcher consumer"      daemon [_thread_blocked, id=7660, stack(0x00000026eb000000,0x00000026eb100000) (1024K)]
  0x000001368920e850 JavaThread "Cache worker for checksums cache (E:\Users\mkjl4\AndroidStudioProjects\HaveneraOwner\.gradle\8.7\checksums)"        [_thread_blocked, id=18932, stack(0x00000026eb100000,0x00000026eb200000) (1024K)]
  0x000001368920fc00 JavaThread "Cache worker for cache directory md-supplier (C:\Users\asus\.gradle\caches\8.7\md-supplier)"        [_thread_blocked, id=20600, stack(0x00000026eb200000,0x00000026eb300000) (1024K)]
  0x000001368920db30 JavaThread "Cache worker for cache directory md-rule (C:\Users\asus\.gradle\caches\8.7\md-rule)"        [_thread_blocked, id=20424, stack(0x00000026eb300000,0x00000026eb400000) (1024K)]
  0x0000013689210fb0 JavaThread "Cache worker for file content cache (C:\Users\asus\.gradle\caches\8.7\fileContent)"        [_thread_blocked, id=16788, stack(0x00000026eb400000,0x00000026eb500000) (1024K)]
  0x0000013689211cd0 JavaThread "Cache worker for Build Output Cleanup Cache (E:\Users\mkjl4\AndroidStudioProjects\HaveneraOwner\.gradle\buildOutputCleanup)"        [_thread_blocked, id=14212, stack(0x00000026eb500000,0x00000026eb600000) (1024K)]
  0x00000136892129f0 JavaThread "Unconstrained build operations"        [_thread_blocked, id=4508, stack(0x00000026ead00000,0x00000026eae00000) (1024K)]
  0x000001368920ba60 JavaThread "Unconstrained build operations Thread 2"        [_thread_blocked, id=15260, stack(0x00000026eb600000,0x00000026eb700000) (1024K)]
  0x000001368920c0f0 JavaThread "Unconstrained build operations Thread 3"        [_thread_blocked, id=21944, stack(0x00000026eb700000,0x00000026eb800000) (1024K)]
  0x000001368920c780 JavaThread "Unconstrained build operations Thread 4"        [_thread_blocked, id=13360, stack(0x00000026eb800000,0x00000026eb900000) (1024K)]
  0x000001368920d4a0 JavaThread "Unconstrained build operations Thread 5"        [_thread_blocked, id=8436, stack(0x00000026eb900000,0x00000026eba00000) (1024K)]
  0x00000136890c3a10 JavaThread "Unconstrained build operations Thread 6"        [_thread_blocked, id=20884, stack(0x00000026eba00000,0x00000026ebb00000) (1024K)]
  0x00000136890c40a0 JavaThread "Unconstrained build operations Thread 7"        [_thread_blocked, id=7948, stack(0x00000026ebb00000,0x00000026ebc00000) (1024K)]
  0x00000136890c4dc0 JavaThread "Unconstrained build operations Thread 8"        [_thread_blocked, id=16612, stack(0x00000026ebc00000,0x00000026ebd00000) (1024K)]
  0x00000136890c0c20 JavaThread "Unconstrained build operations Thread 9"        [_thread_blocked, id=2264, stack(0x00000026ebd00000,0x00000026ebe00000) (1024K)]
  0x00000136890c1fd0 JavaThread "Unconstrained build operations Thread 10"        [_thread_blocked, id=14976, stack(0x00000026ebe00000,0x00000026ebf00000) (1024K)]
  0x00000136890c2cf0 JavaThread "Unconstrained build operations Thread 11"        [_thread_blocked, id=22392, stack(0x00000026ebf00000,0x00000026ec000000) (1024K)]
  0x00000136890bff00 JavaThread "Unconstrained build operations Thread 12"        [_thread_blocked, id=15964, stack(0x00000026ec000000,0x00000026ec100000) (1024K)]
  0x00000136890bf1e0 JavaThread "Unconstrained build operations Thread 13"        [_thread_blocked, id=14356, stack(0x00000026ec100000,0x00000026ec200000) (1024K)]
  0x00000136890be4c0 JavaThread "Unconstrained build operations Thread 14"        [_thread_blocked, id=17900, stack(0x00000026ec200000,0x00000026ec300000) (1024K)]
  0x00000136890c2660 JavaThread "Unconstrained build operations Thread 15"        [_thread_blocked, id=16232, stack(0x00000026ec300000,0x00000026ec400000) (1024K)]
  0x00000136890bde30 JavaThread "Unconstrained build operations Thread 16"        [_thread_blocked, id=13868, stack(0x00000026ec400000,0x00000026ec500000) (1024K)]
  0x00000136890c0590 JavaThread "Unconstrained build operations Thread 17"        [_thread_blocked, id=15512, stack(0x00000026ec500000,0x00000026ec600000) (1024K)]
  0x00000136890beb50 JavaThread "Unconstrained build operations Thread 18"        [_thread_blocked, id=9868, stack(0x00000026ec600000,0x00000026ec700000) (1024K)]
  0x00000136890c12b0 JavaThread "Unconstrained build operations Thread 19"        [_thread_blocked, id=10336, stack(0x00000026ec700000,0x00000026ec800000) (1024K)]
  0x00000136890bf870 JavaThread "Unconstrained build operations Thread 20"        [_thread_blocked, id=3412, stack(0x00000026ec800000,0x00000026ec900000) (1024K)]
  0x00000136890c3380 JavaThread "Unconstrained build operations Thread 21"        [_thread_blocked, id=2524, stack(0x00000026ec900000,0x00000026eca00000) (1024K)]
  0x00000136890c1940 JavaThread "Unconstrained build operations Thread 22"        [_thread_blocked, id=14980, stack(0x00000026eca00000,0x00000026ecb00000) (1024K)]
  0x00000136890c5450 JavaThread "Unconstrained build operations Thread 23"        [_thread_blocked, id=16792, stack(0x00000026ecb00000,0x00000026ecc00000) (1024K)]
  0x00000136848419b0 JavaThread "Unconstrained build operations Thread 24"        [_thread_blocked, id=6400, stack(0x00000026ecc00000,0x00000026ecd00000) (1024K)]
  0x000001368483ff70 JavaThread "Unconstrained build operations Thread 25"        [_thread_blocked, id=20304, stack(0x00000026ecd00000,0x00000026ece00000) (1024K)]
  0x000001368483f8e0 JavaThread "Unconstrained build operations Thread 26"        [_thread_blocked, id=15040, stack(0x00000026ece00000,0x00000026ecf00000) (1024K)]
  0x0000013684844110 JavaThread "Unconstrained build operations Thread 27"        [_thread_blocked, id=16716, stack(0x00000026ecf00000,0x00000026ed000000) (1024K)]
  0x0000013684844e30 JavaThread "Unconstrained build operations Thread 28"        [_thread_blocked, id=5096, stack(0x00000026ed000000,0x00000026ed100000) (1024K)]
  0x0000013684840c90 JavaThread "build event listener"              [_thread_blocked, id=20060, stack(0x00000026ed100000,0x00000026ed200000) (1024K)]
  0x00000136848433f0 JavaThread "Memory manager"                    [_thread_blocked, id=11328, stack(0x00000026eac00000,0x00000026ead00000) (1024K)]
  0x00000136848454c0 JavaThread "build event listener"              [_thread_blocked, id=10016, stack(0x00000026ed400000,0x00000026ed500000) (1024K)]
  0x00000136869aece0 JavaThread "included builds"                   [_thread_blocked, id=20436, stack(0x00000026ed300000,0x00000026ed400000) (1024K)]
  0x00000136869adfc0 JavaThread "Execution worker"                  [_thread_blocked, id=9076, stack(0x00000026ed500000,0x00000026ed600000) (1024K)]
  0x00000136869b0720 JavaThread "Execution worker Thread 2"         [_thread_blocked, id=11708, stack(0x00000026ed600000,0x00000026ed700000) (1024K)]
  0x00000136869abef0 JavaThread "Execution worker Thread 3"         [_thread_blocked, id=13432, stack(0x00000026ed700000,0x00000026ed800000) (1024K)]
  0x00000136869ac580 JavaThread "Execution worker Thread 4"         [_thread_blocked, id=1340, stack(0x00000026ed800000,0x00000026ed900000) (1024K)]
  0x00000136869b2e80 JavaThread "Execution worker Thread 5"         [_thread_blocked, id=16420, stack(0x00000026ed900000,0x00000026eda00000) (1024K)]
  0x00000136869ad2a0 JavaThread "Execution worker Thread 6"         [_thread_blocked, id=6896, stack(0x00000026eda00000,0x00000026edb00000) (1024K)]
  0x00000136869b0db0 JavaThread "Execution worker Thread 7"         [_thread_blocked, id=5196, stack(0x00000026edb00000,0x00000026edc00000) (1024K)]
  0x00000136869b1440 JavaThread "Cache worker for execution history cache (E:\Users\mkjl4\AndroidStudioProjects\HaveneraOwner\.gradle\8.7\executionHistory)"        [_thread_blocked, id=11020, stack(0x00000026edc00000,0x00000026edd00000) (1024K)]
  0x00000136848426d0 JavaThread "Unconstrained build operations Thread 29"        [_thread_blocked, id=22488, stack(0x00000026edd00000,0x00000026ede00000) (1024K)]
  0x0000013689212360 JavaThread "Unconstrained build operations Thread 30"        [_thread_blocked, id=11080, stack(0x00000026ede00000,0x00000026edf00000) (1024K)]
  0x00000136898d0d30 JavaThread "Unconstrained build operations Thread 31"        [_thread_blocked, id=20072, stack(0x00000026edf00000,0x00000026ee000000) (1024K)]
  0x00000136898d06a0 JavaThread "Unconstrained build operations Thread 32"        [_thread_blocked, id=18244, stack(0x00000026ee000000,0x00000026ee100000) (1024K)]
  0x00000136898cec60 JavaThread "Unconstrained build operations Thread 33"        [_thread_blocked, id=21332, stack(0x00000026ee100000,0x00000026ee200000) (1024K)]
  0x00000136898cf980 JavaThread "Unconstrained build operations Thread 34"        [_thread_blocked, id=16844, stack(0x00000026ee200000,0x00000026ee300000) (1024K)]
  0x00000136898d0010 JavaThread "Unconstrained build operations Thread 35"        [_thread_blocked, id=13472, stack(0x00000026ee300000,0x00000026ee400000) (1024K)]
  0x00000136886b8cf0 JavaThread "Unconstrained build operations Thread 36"        [_thread_blocked, id=22436, stack(0x00000026ee400000,0x00000026ee500000) (1024K)]
  0x00000136886b9a10 JavaThread "Unconstrained build operations Thread 37"        [_thread_blocked, id=21680, stack(0x00000026ee500000,0x00000026ee600000) (1024K)]
  0x00000136886ba730 JavaThread "Unconstrained build operations Thread 38"        [_thread_blocked, id=6256, stack(0x00000026ee600000,0x00000026ee700000) (1024K)]
  0x00000136886b9380 JavaThread "Unconstrained build operations Thread 39"        [_thread_blocked, id=8176, stack(0x00000026ee700000,0x00000026ee800000) (1024K)]
  0x00000136886b72b0 JavaThread "Unconstrained build operations Thread 40"        [_thread_blocked, id=22520, stack(0x00000026ee800000,0x00000026ee900000) (1024K)]
  0x00000136886b7fd0 JavaThread "Unconstrained build operations Thread 41"        [_thread_blocked, id=10564, stack(0x00000026ee900000,0x00000026eea00000) (1024K)]
  0x00000136886ba0a0 JavaThread "Unconstrained build operations Thread 42"        [_thread_blocked, id=852, stack(0x00000026eea00000,0x00000026eeb00000) (1024K)]
  0x00000136898d13c0 JavaThread "Unconstrained build operations Thread 43"        [_thread_blocked, id=7608, stack(0x00000026eeb00000,0x00000026eec00000) (1024K)]
  0x00000136898ce5d0 JavaThread "Unconstrained build operations Thread 44"        [_thread_blocked, id=2416, stack(0x00000026eec00000,0x00000026eed00000) (1024K)]
  0x00000136898cdf40 JavaThread "Unconstrained build operations Thread 45"        [_thread_blocked, id=20796, stack(0x00000026eed00000,0x00000026eee00000) (1024K)]
  0x00000136898cf2f0 JavaThread "Unconstrained build operations Thread 46"        [_thread_blocked, id=17500, stack(0x00000026eee00000,0x00000026eef00000) (1024K)]
  0x00000136869ad930 JavaThread "Unconstrained build operations Thread 47"        [_thread_blocked, id=3008, stack(0x00000026eef00000,0x00000026ef000000) (1024K)]
  0x00000136869ae650 JavaThread "Unconstrained build operations Thread 48"        [_thread_blocked, id=15724, stack(0x00000026ef000000,0x00000026ef100000) (1024K)]
  0x00000136876895a0 JavaThread "Unconstrained build operations Thread 49"        [_thread_blocked, id=19932, stack(0x00000026ef100000,0x00000026ef200000) (1024K)]
  0x000001368768afe0 JavaThread "Unconstrained build operations Thread 50"        [_thread_blocked, id=12196, stack(0x00000026ef200000,0x00000026ef300000) (1024K)]
  0x00000136876846e0 JavaThread "Unconstrained build operations Thread 51"        [_thread_blocked, id=20860, stack(0x00000026ef300000,0x00000026ef400000) (1024K)]
  0x0000013687684050 JavaThread "Unconstrained build operations Thread 52"        [_thread_blocked, id=4900, stack(0x00000026ef400000,0x00000026ef500000) (1024K)]
  0x000001368768b670 JavaThread "Unconstrained build operations Thread 53"        [_thread_blocked, id=18184, stack(0x00000026ef500000,0x00000026ef600000) (1024K)]
  0x0000013687689c30 JavaThread "Unconstrained build operations Thread 54"        [_thread_blocked, id=12480, stack(0x00000026ef600000,0x00000026ef700000) (1024K)]
  0x0000013687685400 JavaThread "Unconstrained build operations Thread 55"        [_thread_blocked, id=7028, stack(0x00000026ef700000,0x00000026ef800000) (1024K)]
  0x0000013687685a90 JavaThread "Unconstrained build operations Thread 56"        [_thread_blocked, id=3080, stack(0x00000026ef800000,0x00000026ef900000) (1024K)]
  0x0000013687684d70 JavaThread "Unconstrained build operations Thread 57"        [_thread_blocked, id=16692, stack(0x00000026ef900000,0x00000026efa00000) (1024K)]
  0x000001368768a950 JavaThread "Unconstrained build operations Thread 58"        [_thread_blocked, id=20836, stack(0x00000026efa00000,0x00000026efb00000) (1024K)]
  0x0000013687686120 JavaThread "Unconstrained build operations Thread 59"        [_thread_blocked, id=8188, stack(0x00000026efb00000,0x00000026efc00000) (1024K)]
  0x00000136876867b0 JavaThread "Unconstrained build operations Thread 60"        [_thread_blocked, id=11532, stack(0x00000026efc00000,0x00000026efd00000) (1024K)]
  0x0000013687686e40 JavaThread "Unconstrained build operations Thread 61"        [_thread_blocked, id=12044, stack(0x00000026efd00000,0x00000026efe00000) (1024K)]
  0x00000136876881f0 JavaThread "Unconstrained build operations Thread 62"        [_thread_blocked, id=16196, stack(0x00000026efe00000,0x00000026eff00000) (1024K)]
  0x000001368768a2c0 JavaThread "Unconstrained build operations Thread 63"        [_thread_blocked, id=5160, stack(0x00000026eff00000,0x00000026f0000000) (1024K)]
  0x0000013687688880 JavaThread "Unconstrained build operations Thread 64"        [_thread_blocked, id=5796, stack(0x00000026f0000000,0x00000026f0100000) (1024K)]
  0x0000013687687b60 JavaThread "Unconstrained build operations Thread 65"        [_thread_blocked, id=18260, stack(0x00000026f0100000,0x00000026f0200000) (1024K)]
  0x00000136876874d0 JavaThread "Unconstrained build operations Thread 66"        [_thread_blocked, id=8856, stack(0x00000026f0200000,0x00000026f0300000) (1024K)]
  0x0000013687688f10 JavaThread "Unconstrained build operations Thread 67"        [_thread_blocked, id=6340, stack(0x00000026f0300000,0x00000026f0400000) (1024K)]
  0x0000013687a11100 JavaThread "Unconstrained build operations Thread 68"        [_thread_blocked, id=20896, stack(0x00000026f0400000,0x00000026f0500000) (1024K)]
  0x0000013687a13ef0 JavaThread "Unconstrained build operations Thread 69"        [_thread_blocked, id=12700, stack(0x00000026f0500000,0x00000026f0600000) (1024K)]
  0x0000013687a0f030 JavaThread "Unconstrained build operations Thread 70"        [_thread_blocked, id=8024, stack(0x00000026f0600000,0x00000026f0700000) (1024K)]
  0x0000013687a11e20 JavaThread "Unconstrained build operations Thread 71"        [_thread_blocked, id=14180, stack(0x00000026f0700000,0x00000026f0800000) (1024K)]
  0x0000013687a103e0 JavaThread "Unconstrained build operations Thread 72"        [_thread_blocked, id=2076, stack(0x00000026f0800000,0x00000026f0900000) (1024K)]
  0x0000013687a13860 JavaThread "Unconstrained build operations Thread 73"        [_thread_blocked, id=5784, stack(0x00000026f0900000,0x00000026f0a00000) (1024K)]
  0x0000013687a14580 JavaThread "Unconstrained build operations Thread 74"        [_thread_blocked, id=13088, stack(0x00000026f0a00000,0x00000026f0b00000) (1024K)]
  0x0000013687a0f6c0 JavaThread "Unconstrained build operations Thread 75"        [_thread_blocked, id=10892, stack(0x00000026f0b00000,0x00000026f0c00000) (1024K)]
  0x0000013687a131d0 JavaThread "Unconstrained build operations Thread 76"        [_thread_blocked, id=13792, stack(0x00000026f0c00000,0x00000026f0d00000) (1024K)]
  0x0000013687a15930 JavaThread "Unconstrained build operations Thread 77"        [_thread_blocked, id=4032, stack(0x00000026f0d00000,0x00000026f0e00000) (1024K)]
  0x0000013687a14c10 JavaThread "Unconstrained build operations Thread 78"        [_thread_blocked, id=22136, stack(0x00000026f0e00000,0x00000026f0f00000) (1024K)]
  0x0000013687a0fd50 JavaThread "Unconstrained build operations Thread 79"        [_thread_blocked, id=15084, stack(0x00000026f0f00000,0x00000026f1000000) (1024K)]
  0x0000013687a10a70 JavaThread "Unconstrained build operations Thread 80"        [_thread_blocked, id=19272, stack(0x00000026f1000000,0x00000026f1100000) (1024K)]
  0x0000013687a152a0 JavaThread "WorkerExecutor Queue"              [_thread_in_native, id=17260, stack(0x00000026f1100000,0x00000026f1200000) (1024K)]
  0x0000013689ad75a0 JavaThread "RMI Scheduler(0)"           daemon [_thread_blocked, id=11076, stack(0x00000026f1200000,0x00000026f1300000) (1024K)]
  0x0000013689ad8fe0 JavaThread "RMI RenewClean-[127.0.0.1:17208,org.jetbrains.kotlin.daemon.common.LoopbackNetworkInterface$ClientLoopbackSocketFactory@53f611bb]" daemon [_thread_blocked, id=12832, stack(0x00000026f1300000,0x00000026f1400000) (1024K)]
  0x0000013689ad7c30 JavaThread "RMI GC Daemon"              daemon [_thread_blocked, id=10428, stack(0x00000026f1400000,0x00000026f1500000) (1024K)]
  0x0000013689adb0b0 JavaThread "RMI TCP Accept-0"           daemon [_thread_in_native, id=10164, stack(0x00000026f1500000,0x00000026f1600000) (1024K)]
  0x0000013689adb740 JavaThread "RMI Reaper"                        [_thread_blocked, id=14044, stack(0x00000026f1600000,0x00000026f1700000) (1024K)]
  0x0000013687ed96c0 JavaThread "RMI TCP Connection(1)-127.0.0.1" daemon [_thread_in_native, id=14828, stack(0x00000026f1700000,0x00000026f1800000) (1024K)]
Total: 131

Other Threads:
=>0x00000136fecaae30 VMThread "VM Thread"                           [id=11412, stack(0x00000026e8c00000,0x00000026e8d00000) (1024K)]
  0x00000136fec49100 WatcherThread "VM Periodic Task Thread"        [id=18104, stack(0x00000026e8b00000,0x00000026e8c00000) (1024K)]
  0x00000136e567bf00 WorkerThread "GC Thread#0"                     [id=3468, stack(0x00000026e8600000,0x00000026e8700000) (1024K)]
  0x00000136841bdfe0 WorkerThread "GC Thread#1"                     [id=15356, stack(0x00000026e9900000,0x00000026e9a00000) (1024K)]
  0x0000013684146420 WorkerThread "GC Thread#2"                     [id=21848, stack(0x00000026e9a00000,0x00000026e9b00000) (1024K)]
  0x000001368416c4d0 WorkerThread "GC Thread#3"                     [id=1576, stack(0x00000026e9b00000,0x00000026e9c00000) (1024K)]
  0x000001368416c870 WorkerThread "GC Thread#4"                     [id=20928, stack(0x00000026e9c00000,0x00000026e9d00000) (1024K)]
  0x00000136853c5a40 WorkerThread "GC Thread#5"                     [id=18228, stack(0x00000026ea500000,0x00000026ea600000) (1024K)]
  0x00000136853c5de0 WorkerThread "GC Thread#6"                     [id=4472, stack(0x00000026ea600000,0x00000026ea700000) (1024K)]
  0x000001368508b910 WorkerThread "GC Thread#7"                     [id=15552, stack(0x00000026ea700000,0x00000026ea800000) (1024K)]
  0x00000136e568e060 ConcurrentGCThread "G1 Main Marker"            [id=17464, stack(0x00000026e8700000,0x00000026e8800000) (1024K)]
  0x00000136e568fb10 WorkerThread "G1 Conc#0"                       [id=22152, stack(0x00000026e8800000,0x00000026e8900000) (1024K)]
  0x000001368508bcb0 WorkerThread "G1 Conc#1"                       [id=17400, stack(0x00000026ea800000,0x00000026ea900000) (1024K)]
  0x00000136e56de010 ConcurrentGCThread "G1 Refine#0"               [id=8268, stack(0x00000026e8900000,0x00000026e8a00000) (1024K)]
  0x00000136e56deb80 ConcurrentGCThread "G1 Service"                [id=19988, stack(0x00000026e8a00000,0x00000026e8b00000) (1024K)]
Total: 15

Threads with active compile tasks:
Total: 0

VM state: at safepoint (normal execution)

VM Mutex/Monitor currently owned by a thread:  ([mutex/lock_event])
[0x00007ff911ad72f8] Threads_lock - owner thread: 0x00000136fecaae30
[0x00007ff911ad73f8] Heap_lock - owner thread: 0x00000136e568e060

Heap address: 0x0000000080000000, size: 2048 MB, Compressed Oops mode: 32-bit

CDS archive(s) not mapped
Compressed class space mapped at: 0x0000000100000000-0x0000000140000000, reserved size: 1073741824
Narrow klass base: 0x0000000000000000, Narrow klass shift: 3, Narrow klass range: 0x140000000

GC Precious Log:
 CardTable entry size: 512
 Card Set container configuration: InlinePtr #cards 5 size 8 Array Of Cards #cards 12 size 40 Howl #buckets 4 coarsen threshold 1843 Howl Bitmap #cards 512 size 80 coarsen threshold 460 Card regions per heap region 1 cards per card region 2048
 CPUs: 8 total, 8 available
 Memory: 7884M
 Large Page Support: Disabled
 NUMA Support: Disabled
 Compressed Oops: Enabled (32-bit)
 Heap Region Size: 1M
 Heap Min Capacity: 8M
 Heap Initial Capacity: 124M
 Heap Max Capacity: 2G
 Pre-touch: Disabled
 Parallel Workers: 8
 Concurrent Workers: 2
 Concurrent Refinement Workers: 8
 Periodic GC: Disabled

Heap:
 garbage-first heap   total 280576K, used 230744K [0x0000000080000000, 0x0000000100000000)
  region size 1024K, 15 young (15360K), 7 survivors (7168K)
 Metaspace       used 117405K, committed 119680K, reserved 1179648K
  class space    used 16129K, committed 17280K, reserved 1048576K

Heap Regions: E=young(eden), S=young(survivor), O=old, HS=humongous(starts), HC=humongous(continues), CS=collection set, F=free, TAMS=top-at-mark-start, PB=parsable bottom
|   0|0x0000000080000000, 0x0000000080100000, 0x0000000080100000|100%|HS|  |TAMS 0x0000000080100000| PB 0x0000000080000000| Complete 
|   1|0x0000000080100000, 0x0000000080200000, 0x0000000080200000|100%|HC|  |TAMS 0x0000000080200000| PB 0x0000000080100000| Complete 
|   2|0x0000000080200000, 0x0000000080300000, 0x0000000080300000|100%|HC|  |TAMS 0x0000000080300000| PB 0x0000000080200000| Complete 
|   3|0x0000000080300000, 0x0000000080400000, 0x0000000080400000|100%|HC|  |TAMS 0x0000000080400000| PB 0x0000000080300000| Complete 
|   4|0x0000000080400000, 0x0000000080500000, 0x0000000080500000|100%| O|  |TAMS 0x0000000080500000| PB 0x0000000080500000| Untracked 
|   5|0x0000000080500000, 0x0000000080600000, 0x0000000080600000|100%| O|  |TAMS 0x0000000080600000| PB 0x0000000080600000| Untracked 
|   6|0x0000000080600000, 0x0000000080700000, 0x0000000080700000|100%| O|  |TAMS 0x0000000080700000| PB 0x0000000080700000| Untracked 
|   7|0x0000000080700000, 0x0000000080800000, 0x0000000080800000|100%| O|  |TAMS 0x0000000080800000| PB 0x0000000080800000| Updating 
|   8|0x0000000080800000, 0x0000000080900000, 0x0000000080900000|100%| O|  |TAMS 0x0000000080900000| PB 0x0000000080900000| Untracked 
|   9|0x0000000080900000, 0x0000000080a00000, 0x0000000080a00000|100%| O|  |TAMS 0x0000000080a00000| PB 0x0000000080a00000| Untracked 
|  10|0x0000000080a00000, 0x0000000080b00000, 0x0000000080b00000|100%| O|  |TAMS 0x0000000080b00000| PB 0x0000000080b00000| Untracked 
|  11|0x0000000080b00000, 0x0000000080c00000, 0x0000000080c00000|100%| O|  |TAMS 0x0000000080c00000| PB 0x0000000080c00000| Untracked 
|  12|0x0000000080c00000, 0x0000000080d00000, 0x0000000080d00000|100%| O|  |TAMS 0x0000000080d00000| PB 0x0000000080d00000| Untracked 
|  13|0x0000000080d00000, 0x0000000080e00000, 0x0000000080e00000|100%| O|  |TAMS 0x0000000080e00000| PB 0x0000000080e00000| Untracked 
|  14|0x0000000080e00000, 0x0000000080f00000, 0x0000000080f00000|100%| O|  |TAMS 0x0000000080f00000| PB 0x0000000080f00000| Untracked 
|  15|0x0000000080f00000, 0x0000000081000000, 0x0000000081000000|100%| O|  |TAMS 0x0000000081000000| PB 0x0000000081000000| Untracked 
|  16|0x0000000081000000, 0x0000000081100000, 0x0000000081100000|100%| O|  |TAMS 0x0000000081100000| PB 0x0000000081100000| Untracked 
|  17|0x0000000081100000, 0x0000000081200000, 0x0000000081200000|100%| O|  |TAMS 0x0000000081200000| PB 0x0000000081200000| Untracked 
|  18|0x0000000081200000, 0x0000000081300000, 0x0000000081300000|100%| O|  |TAMS 0x0000000081300000| PB 0x0000000081300000| Untracked 
|  19|0x0000000081300000, 0x0000000081400000, 0x0000000081400000|100%| O|  |TAMS 0x0000000081400000| PB 0x0000000081400000| Untracked 
|  20|0x0000000081400000, 0x0000000081500000, 0x0000000081500000|100%| O|  |TAMS 0x0000000081500000| PB 0x0000000081500000| Updating 
|  21|0x0000000081500000, 0x0000000081600000, 0x0000000081600000|100%| O|  |TAMS 0x0000000081600000| PB 0x0000000081600000| Untracked 
|  22|0x0000000081600000, 0x0000000081700000, 0x0000000081700000|100%| O|  |TAMS 0x0000000081700000| PB 0x0000000081700000| Updating 
|  23|0x0000000081700000, 0x0000000081800000, 0x0000000081800000|100%| O|  |TAMS 0x0000000081800000| PB 0x0000000081800000| Untracked 
|  24|0x0000000081800000, 0x0000000081900000, 0x0000000081900000|100%| O|  |TAMS 0x0000000081900000| PB 0x0000000081900000| Untracked 
|  25|0x0000000081900000, 0x0000000081a00000, 0x0000000081a00000|100%| O|  |TAMS 0x0000000081a00000| PB 0x0000000081a00000| Updating 
|  26|0x0000000081a00000, 0x0000000081b00000, 0x0000000081b00000|100%| O|  |TAMS 0x0000000081b00000| PB 0x0000000081b00000| Untracked 
|  27|0x0000000081b00000, 0x0000000081c00000, 0x0000000081c00000|100%| O|  |TAMS 0x0000000081c00000| PB 0x0000000081c00000| Untracked 
|  28|0x0000000081c00000, 0x0000000081d00000, 0x0000000081d00000|100%| O|  |TAMS 0x0000000081d00000| PB 0x0000000081d00000| Untracked 
|  29|0x0000000081d00000, 0x0000000081e00000, 0x0000000081e00000|100%| O|  |TAMS 0x0000000081e00000| PB 0x0000000081e00000| Updating 
|  30|0x0000000081e00000, 0x0000000081f00000, 0x0000000081f00000|100%| O|  |TAMS 0x0000000081f00000| PB 0x0000000081f00000| Updating 
|  31|0x0000000081f00000, 0x0000000082000000, 0x0000000082000000|100%| O|  |TAMS 0x0000000082000000| PB 0x0000000082000000| Updating 
|  32|0x0000000082000000, 0x0000000082100000, 0x0000000082100000|100%| O|  |TAMS 0x0000000082100000| PB 0x0000000082100000| Updating 
|  33|0x0000000082100000, 0x0000000082200000, 0x0000000082200000|100%| O|  |TAMS 0x0000000082200000| PB 0x0000000082200000| Untracked 
|  34|0x0000000082200000, 0x0000000082300000, 0x0000000082300000|100%| O|  |TAMS 0x0000000082300000| PB 0x0000000082300000| Updating 
|  35|0x0000000082300000, 0x0000000082400000, 0x0000000082400000|100%| O|  |TAMS 0x0000000082400000| PB 0x0000000082400000| Updating 
|  36|0x0000000082400000, 0x0000000082500000, 0x0000000082500000|100%| O|  |TAMS 0x0000000082500000| PB 0x0000000082500000| Untracked 
|  37|0x0000000082500000, 0x0000000082600000, 0x0000000082600000|100%| O|  |TAMS 0x0000000082600000| PB 0x0000000082600000| Untracked 
|  38|0x0000000082600000, 0x0000000082700000, 0x0000000082700000|100%| O|  |TAMS 0x0000000082700000| PB 0x0000000082700000| Updating 
|  39|0x0000000082700000, 0x0000000082800000, 0x0000000082800000|100%| O|  |TAMS 0x0000000082800000| PB 0x0000000082800000| Untracked 
|  40|0x0000000082800000, 0x0000000082900000, 0x0000000082900000|100%| O|  |TAMS 0x0000000082900000| PB 0x0000000082900000| Untracked 
|  41|0x0000000082900000, 0x0000000082a00000, 0x0000000082a00000|100%| O|  |TAMS 0x0000000082a00000| PB 0x0000000082a00000| Untracked 
|  42|0x0000000082a00000, 0x0000000082b00000, 0x0000000082b00000|100%| O|  |TAMS 0x0000000082b00000| PB 0x0000000082b00000| Untracked 
|  43|0x0000000082b00000, 0x0000000082c00000, 0x0000000082c00000|100%|HS|  |TAMS 0x0000000082c00000| PB 0x0000000082b00000| Complete 
|  44|0x0000000082c00000, 0x0000000082d00000, 0x0000000082d00000|100%|HS|  |TAMS 0x0000000082d00000| PB 0x0000000082c00000| Complete 
|  45|0x0000000082d00000, 0x0000000082e00000, 0x0000000082e00000|100%|HS|  |TAMS 0x0000000082e00000| PB 0x0000000082d00000| Complete 
|  46|0x0000000082e00000, 0x0000000082f00000, 0x0000000082f00000|100%|HC|  |TAMS 0x0000000082f00000| PB 0x0000000082e00000| Complete 
|  47|0x0000000082f00000, 0x0000000083000000, 0x0000000083000000|100%|HS|  |TAMS 0x0000000083000000| PB 0x0000000082f00000| Complete 
|  48|0x0000000083000000, 0x0000000083100000, 0x0000000083100000|100%|HC|  |TAMS 0x0000000083100000| PB 0x0000000083000000| Complete 
|  49|0x0000000083100000, 0x0000000083200000, 0x0000000083200000|100%|HS|  |TAMS 0x0000000083200000| PB 0x0000000083100000| Complete 
|  50|0x0000000083200000, 0x0000000083300000, 0x0000000083300000|100%|HS|  |TAMS 0x0000000083300000| PB 0x0000000083200000| Complete 
|  51|0x0000000083300000, 0x0000000083400000, 0x0000000083400000|100%|HC|  |TAMS 0x0000000083400000| PB 0x0000000083300000| Complete 
|  52|0x0000000083400000, 0x0000000083500000, 0x0000000083500000|100%|HC|  |TAMS 0x0000000083500000| PB 0x0000000083400000| Complete 
|  53|0x0000000083500000, 0x0000000083600000, 0x0000000083600000|100%|HS|  |TAMS 0x0000000083600000| PB 0x0000000083500000| Complete 
|  54|0x0000000083600000, 0x0000000083700000, 0x0000000083700000|100%|HS|  |TAMS 0x0000000083700000| PB 0x0000000083600000| Complete 
|  55|0x0000000083700000, 0x0000000083800000, 0x0000000083800000|100%|HS|  |TAMS 0x0000000083800000| PB 0x0000000083700000| Complete 
|  56|0x0000000083800000, 0x0000000083900000, 0x0000000083900000|100%| O|  |TAMS 0x0000000083900000| PB 0x0000000083900000| Untracked 
|  57|0x0000000083900000, 0x0000000083a00000, 0x0000000083a00000|100%| O|  |TAMS 0x0000000083a00000| PB 0x0000000083a00000| Untracked 
|  58|0x0000000083a00000, 0x0000000083b00000, 0x0000000083b00000|100%| O|  |TAMS 0x0000000083b00000| PB 0x0000000083b00000| Updating 
|  59|0x0000000083b00000, 0x0000000083c00000, 0x0000000083c00000|100%| O|  |TAMS 0x0000000083c00000| PB 0x0000000083c00000| Untracked 
|  60|0x0000000083c00000, 0x0000000083d00000, 0x0000000083d00000|100%| O|  |TAMS 0x0000000083d00000| PB 0x0000000083d00000| Untracked 
|  61|0x0000000083d00000, 0x0000000083e00000, 0x0000000083e00000|100%| O|  |TAMS 0x0000000083e00000| PB 0x0000000083e00000| Untracked 
|  62|0x0000000083e00000, 0x0000000083f00000, 0x0000000083f00000|100%| O|  |TAMS 0x0000000083f00000| PB 0x0000000083f00000| Untracked 
|  63|0x0000000083f00000, 0x0000000084000000, 0x0000000084000000|100%|HS|  |TAMS 0x0000000084000000| PB 0x0000000083f00000| Complete 
|  64|0x0000000084000000, 0x0000000084100000, 0x0000000084100000|100%| O|  |TAMS 0x0000000084100000| PB 0x0000000084100000| Untracked 
|  65|0x0000000084100000, 0x0000000084200000, 0x0000000084200000|100%| O|  |TAMS 0x0000000084200000| PB 0x0000000084200000| Updating 
|  66|0x0000000084200000, 0x0000000084300000, 0x0000000084300000|100%| O|  |TAMS 0x0000000084300000| PB 0x0000000084300000| Untracked 
|  67|0x0000000084300000, 0x0000000084400000, 0x0000000084400000|100%| O|  |TAMS 0x0000000084400000| PB 0x0000000084400000| Updating 
|  68|0x0000000084400000, 0x0000000084500000, 0x0000000084500000|100%|HS|  |TAMS 0x0000000084500000| PB 0x0000000084400000| Complete 
|  69|0x0000000084500000, 0x0000000084600000, 0x0000000084600000|100%|HC|  |TAMS 0x0000000084600000| PB 0x0000000084500000| Complete 
|  70|0x0000000084600000, 0x0000000084700000, 0x0000000084700000|100%|HC|  |TAMS 0x0000000084700000| PB 0x0000000084600000| Complete 
|  71|0x0000000084700000, 0x0000000084800000, 0x0000000084800000|100%| O|  |TAMS 0x0000000084800000| PB 0x0000000084800000| Untracked 
|  72|0x0000000084800000, 0x0000000084900000, 0x0000000084900000|100%| O|  |TAMS 0x0000000084900000| PB 0x0000000084900000| Updating 
|  73|0x0000000084900000, 0x0000000084a00000, 0x0000000084a00000|100%| O|  |TAMS 0x0000000084a00000| PB 0x0000000084a00000| Untracked 
|  74|0x0000000084a00000, 0x0000000084b00000, 0x0000000084b00000|100%| O|  |TAMS 0x0000000084b00000| PB 0x0000000084b00000| Updating 
|  75|0x0000000084b00000, 0x0000000084c00000, 0x0000000084c00000|100%| O|  |TAMS 0x0000000084c00000| PB 0x0000000084c00000| Updating 
|  76|0x0000000084c00000, 0x0000000084d00000, 0x0000000084d00000|100%| O|  |TAMS 0x0000000084d00000| PB 0x0000000084d00000| Untracked 
|  77|0x0000000084d00000, 0x0000000084e00000, 0x0000000084e00000|100%| O|  |TAMS 0x0000000084d00000| PB 0x0000000084d00000| Untracked 
|  78|0x0000000084e00000, 0x0000000084f00000, 0x0000000084f00000|100%| O|  |TAMS 0x0000000084f00000| PB 0x0000000084f00000| Untracked 
|  79|0x0000000084f00000, 0x0000000085000000, 0x0000000085000000|100%| O|  |TAMS 0x0000000085000000| PB 0x0000000085000000| Untracked 
|  80|0x0000000085000000, 0x0000000085100000, 0x0000000085100000|100%| O|  |TAMS 0x0000000085100000| PB 0x0000000085100000| Updating 
|  81|0x0000000085100000, 0x0000000085200000, 0x0000000085200000|100%| O|  |TAMS 0x0000000085200000| PB 0x0000000085200000| Updating 
|  82|0x0000000085200000, 0x0000000085300000, 0x0000000085300000|100%| O|  |TAMS 0x0000000085300000| PB 0x0000000085300000| Untracked 
|  83|0x0000000085300000, 0x0000000085400000, 0x0000000085400000|100%| O|  |TAMS 0x0000000085400000| PB 0x0000000085400000| Untracked 
|  84|0x0000000085400000, 0x0000000085500000, 0x0000000085500000|100%| O|  |TAMS 0x0000000085500000| PB 0x0000000085500000| Untracked 
|  85|0x0000000085500000, 0x0000000085600000, 0x0000000085600000|100%| O|  |TAMS 0x0000000085600000| PB 0x0000000085600000| Untracked 
|  86|0x0000000085600000, 0x0000000085700000, 0x0000000085700000|100%| O|  |TAMS 0x0000000085700000| PB 0x0000000085700000| Updating 
|  87|0x0000000085700000, 0x0000000085800000, 0x0000000085800000|100%| O|  |TAMS 0x0000000085800000| PB 0x0000000085800000| Updating 
|  88|0x0000000085800000, 0x0000000085900000, 0x0000000085900000|100%| O|  |TAMS 0x0000000085900000| PB 0x0000000085900000| Untracked 
|  89|0x0000000085900000, 0x0000000085a00000, 0x0000000085a00000|100%| O|  |TAMS 0x0000000085a00000| PB 0x0000000085a00000| Untracked 
|  90|0x0000000085a00000, 0x0000000085b00000, 0x0000000085b00000|100%| O|  |TAMS 0x0000000085b00000| PB 0x0000000085b00000| Updating 
|  91|0x0000000085b00000, 0x0000000085c00000, 0x0000000085c00000|100%| O|  |TAMS 0x0000000085c00000| PB 0x0000000085c00000| Untracked 
|  92|0x0000000085c00000, 0x0000000085d00000, 0x0000000085d00000|100%| O|  |TAMS 0x0000000085d00000| PB 0x0000000085d00000| Untracked 
|  93|0x0000000085d00000, 0x0000000085e00000, 0x0000000085e00000|100%| O|  |TAMS 0x0000000085e00000| PB 0x0000000085e00000| Untracked 
|  94|0x0000000085e00000, 0x0000000085f00000, 0x0000000085f00000|100%| O|  |TAMS 0x0000000085f00000| PB 0x0000000085f00000| Untracked 
|  95|0x0000000085f00000, 0x0000000086000000, 0x0000000086000000|100%| O|  |TAMS 0x0000000086000000| PB 0x0000000086000000| Updating 
|  96|0x0000000086000000, 0x0000000086100000, 0x0000000086100000|100%| O|  |TAMS 0x0000000086100000| PB 0x0000000086100000| Updating 
|  97|0x0000000086100000, 0x0000000086200000, 0x0000000086200000|100%| O|  |TAMS 0x0000000086200000| PB 0x0000000086200000| Untracked 
|  98|0x0000000086200000, 0x0000000086300000, 0x0000000086300000|100%| O|  |TAMS 0x0000000086300000| PB 0x0000000086300000| Updating 
|  99|0x0000000086300000, 0x0000000086400000, 0x0000000086400000|100%| O|  |TAMS 0x0000000086400000| PB 0x0000000086400000| Untracked 
| 100|0x0000000086400000, 0x0000000086500000, 0x0000000086500000|100%| O|  |TAMS 0x0000000086500000| PB 0x0000000086500000| Updating 
| 101|0x0000000086500000, 0x0000000086600000, 0x0000000086600000|100%| O|  |TAMS 0x0000000086600000| PB 0x0000000086600000| Updating 
| 102|0x0000000086600000, 0x0000000086700000, 0x0000000086700000|100%| O|  |TAMS 0x0000000086700000| PB 0x0000000086700000| Untracked 
| 103|0x0000000086700000, 0x0000000086800000, 0x0000000086800000|100%| O|  |TAMS 0x0000000086800000| PB 0x0000000086800000| Updating 
| 104|0x0000000086800000, 0x0000000086900000, 0x0000000086900000|100%| O|  |TAMS 0x0000000086900000| PB 0x0000000086900000| Untracked 
| 105|0x0000000086900000, 0x0000000086a00000, 0x0000000086a00000|100%| O|  |TAMS 0x0000000086a00000| PB 0x0000000086a00000| Updating 
| 106|0x0000000086a00000, 0x0000000086b00000, 0x0000000086b00000|100%| O|  |TAMS 0x0000000086a00000| PB 0x0000000086a00000| Untracked 
| 107|0x0000000086b00000, 0x0000000086c00000, 0x0000000086c00000|100%| O|  |TAMS 0x0000000086b00000| PB 0x0000000086b00000| Untracked 
| 108|0x0000000086c00000, 0x0000000086d00000, 0x0000000086d00000|100%|HS|  |TAMS 0x0000000086d00000| PB 0x0000000086c00000| Complete 
| 109|0x0000000086d00000, 0x0000000086e00000, 0x0000000086e00000|100%|HC|  |TAMS 0x0000000086e00000| PB 0x0000000086d00000| Complete 
| 110|0x0000000086e00000, 0x0000000086f00000, 0x0000000086f00000|100%| O|  |TAMS 0x0000000086f00000| PB 0x0000000086f00000| Untracked 
| 111|0x0000000086f00000, 0x0000000087000000, 0x0000000087000000|100%| O|  |TAMS 0x0000000087000000| PB 0x0000000087000000| Untracked 
| 112|0x0000000087000000, 0x0000000087100000, 0x0000000087100000|100%| O|  |TAMS 0x0000000087100000| PB 0x0000000087100000| Untracked 
| 113|0x0000000087100000, 0x0000000087200000, 0x0000000087200000|100%| O|  |TAMS 0x0000000087200000| PB 0x0000000087200000| Updating 
| 114|0x0000000087200000, 0x0000000087300000, 0x0000000087300000|100%| O|  |TAMS 0x0000000087300000| PB 0x0000000087300000| Untracked 
| 115|0x0000000087300000, 0x0000000087400000, 0x0000000087400000|100%| O|  |TAMS 0x0000000087400000| PB 0x0000000087400000| Untracked 
| 116|0x0000000087400000, 0x0000000087500000, 0x0000000087500000|100%| O|  |TAMS 0x0000000087500000| PB 0x0000000087500000| Untracked 
| 117|0x0000000087500000, 0x0000000087600000, 0x0000000087600000|100%| O|  |TAMS 0x0000000087600000| PB 0x0000000087600000| Untracked 
| 118|0x0000000087600000, 0x0000000087700000, 0x0000000087700000|100%| O|  |TAMS 0x0000000087700000| PB 0x0000000087700000| Untracked 
| 119|0x0000000087700000, 0x0000000087800000, 0x0000000087800000|100%| O|  |TAMS 0x0000000087800000| PB 0x0000000087800000| Untracked 
| 120|0x0000000087800000, 0x0000000087900000, 0x0000000087900000|100%| O|  |TAMS 0x0000000087900000| PB 0x0000000087900000| Untracked 
| 121|0x0000000087900000, 0x0000000087a00000, 0x0000000087a00000|100%| O|  |TAMS 0x0000000087a00000| PB 0x0000000087a00000| Untracked 
| 122|0x0000000087a00000, 0x0000000087b00000, 0x0000000087b00000|100%| O|  |TAMS 0x0000000087b00000| PB 0x0000000087b00000| Untracked 
| 123|0x0000000087b00000, 0x0000000087c00000, 0x0000000087c00000|100%| O|  |TAMS 0x0000000087c00000| PB 0x0000000087c00000| Untracked 
| 124|0x0000000087c00000, 0x0000000087d00000, 0x0000000087d00000|100%| O|  |TAMS 0x0000000087d00000| PB 0x0000000087d00000| Untracked 
| 125|0x0000000087d00000, 0x0000000087e00000, 0x0000000087e00000|100%| O|  |TAMS 0x0000000087e00000| PB 0x0000000087e00000| Untracked 
| 126|0x0000000087e00000, 0x0000000087f00000, 0x0000000087f00000|100%| O|  |TAMS 0x0000000087f00000| PB 0x0000000087f00000| Untracked 
| 127|0x0000000087f00000, 0x0000000088000000, 0x0000000088000000|100%| O|  |TAMS 0x0000000088000000| PB 0x0000000088000000| Untracked 
| 128|0x0000000088000000, 0x0000000088100000, 0x0000000088100000|100%| O|  |TAMS 0x0000000088100000| PB 0x0000000088100000| Untracked 
| 129|0x0000000088100000, 0x0000000088200000, 0x0000000088200000|100%| O|  |TAMS 0x0000000088200000| PB 0x0000000088200000| Untracked 
| 130|0x0000000088200000, 0x0000000088300000, 0x0000000088300000|100%| O|  |TAMS 0x0000000088300000| PB 0x0000000088300000| Untracked 
| 131|0x0000000088300000, 0x0000000088400000, 0x0000000088400000|100%| O|  |TAMS 0x0000000088400000| PB 0x0000000088400000| Untracked 
| 132|0x0000000088400000, 0x0000000088500000, 0x0000000088500000|100%| O|  |TAMS 0x0000000088500000| PB 0x0000000088500000| Untracked 
| 133|0x0000000088500000, 0x0000000088600000, 0x0000000088600000|100%| O|  |TAMS 0x0000000088600000| PB 0x0000000088600000| Untracked 
| 134|0x0000000088600000, 0x0000000088700000, 0x0000000088700000|100%| O|  |TAMS 0x0000000088700000| PB 0x0000000088700000| Untracked 
| 135|0x0000000088700000, 0x0000000088800000, 0x0000000088800000|100%| O|  |TAMS 0x0000000088800000| PB 0x0000000088800000| Untracked 
| 136|0x0000000088800000, 0x0000000088900000, 0x0000000088900000|100%| O|  |TAMS 0x0000000088900000| PB 0x0000000088900000| Untracked 
| 137|0x0000000088900000, 0x0000000088a00000, 0x0000000088a00000|100%| O|  |TAMS 0x0000000088a00000| PB 0x0000000088a00000| Updating 
| 138|0x0000000088a00000, 0x0000000088b00000, 0x0000000088b00000|100%| O|  |TAMS 0x0000000088b00000| PB 0x0000000088b00000| Untracked 
| 139|0x0000000088b00000, 0x0000000088c00000, 0x0000000088c00000|100%| O|  |TAMS 0x0000000088c00000| PB 0x0000000088c00000| Untracked 
| 140|0x0000000088c00000, 0x0000000088d00000, 0x0000000088d00000|100%| O|  |TAMS 0x0000000088d00000| PB 0x0000000088d00000| Untracked 
| 141|0x0000000088d00000, 0x0000000088e00000, 0x0000000088e00000|100%| O|  |TAMS 0x0000000088e00000| PB 0x0000000088e00000| Untracked 
| 142|0x0000000088e00000, 0x0000000088f00000, 0x0000000088f00000|100%| O|  |TAMS 0x0000000088f00000| PB 0x0000000088f00000| Untracked 
| 143|0x0000000088f00000, 0x0000000089000000, 0x0000000089000000|100%| O|  |TAMS 0x0000000089000000| PB 0x0000000089000000| Untracked 
| 144|0x0000000089000000, 0x0000000089100000, 0x0000000089100000|100%| O|  |TAMS 0x0000000089100000| PB 0x0000000089100000| Untracked 
| 145|0x0000000089100000, 0x0000000089200000, 0x0000000089200000|100%| O|  |TAMS 0x0000000089200000| PB 0x0000000089200000| Untracked 
| 146|0x0000000089200000, 0x0000000089300000, 0x0000000089300000|100%| O|  |TAMS 0x0000000089300000| PB 0x0000000089300000| Updating 
| 147|0x0000000089300000, 0x0000000089400000, 0x0000000089400000|100%| O|  |TAMS 0x0000000089400000| PB 0x0000000089400000| Updating 
| 148|0x0000000089400000, 0x0000000089500000, 0x0000000089500000|100%| O|  |TAMS 0x0000000089500000| PB 0x0000000089500000| Updating 
| 149|0x0000000089500000, 0x0000000089600000, 0x0000000089600000|100%| O|  |TAMS 0x0000000089600000| PB 0x0000000089600000| Updating 
| 150|0x0000000089600000, 0x0000000089700000, 0x0000000089700000|100%| O|  |TAMS 0x0000000089700000| PB 0x0000000089700000| Untracked 
| 151|0x0000000089700000, 0x0000000089800000, 0x0000000089800000|100%| O|  |TAMS 0x0000000089800000| PB 0x0000000089800000| Untracked 
| 152|0x0000000089800000, 0x0000000089900000, 0x0000000089900000|100%| O|  |TAMS 0x0000000089900000| PB 0x0000000089900000| Untracked 
| 153|0x0000000089900000, 0x0000000089a00000, 0x0000000089a00000|100%| O|  |TAMS 0x0000000089a00000| PB 0x0000000089a00000| Untracked 
| 154|0x0000000089a00000, 0x0000000089b00000, 0x0000000089b00000|100%| O|  |TAMS 0x0000000089b00000| PB 0x0000000089b00000| Updating 
| 155|0x0000000089b00000, 0x0000000089c00000, 0x0000000089c00000|100%| O|  |TAMS 0x0000000089c00000| PB 0x0000000089c00000| Updating 
| 156|0x0000000089c00000, 0x0000000089d00000, 0x0000000089d00000|100%| O|  |TAMS 0x0000000089d00000| PB 0x0000000089d00000| Untracked 
| 157|0x0000000089d00000, 0x0000000089e00000, 0x0000000089e00000|100%| O|  |TAMS 0x0000000089e00000| PB 0x0000000089e00000| Untracked 
| 158|0x0000000089e00000, 0x0000000089f00000, 0x0000000089f00000|100%| O|  |TAMS 0x0000000089f00000| PB 0x0000000089f00000| Untracked 
| 159|0x0000000089f00000, 0x000000008a000000, 0x000000008a000000|100%| O|  |TAMS 0x000000008a000000| PB 0x000000008a000000| Untracked 
| 160|0x000000008a000000, 0x000000008a100000, 0x000000008a100000|100%| O|  |TAMS 0x000000008a100000| PB 0x000000008a100000| Untracked 
| 161|0x000000008a100000, 0x000000008a200000, 0x000000008a200000|100%| O|  |TAMS 0x000000008a200000| PB 0x000000008a200000| Untracked 
| 162|0x000000008a200000, 0x000000008a300000, 0x000000008a300000|100%| O|  |TAMS 0x000000008a300000| PB 0x000000008a300000| Untracked 
| 163|0x000000008a300000, 0x000000008a400000, 0x000000008a400000|100%| O|  |TAMS 0x000000008a400000| PB 0x000000008a400000| Untracked 
| 164|0x000000008a400000, 0x000000008a500000, 0x000000008a500000|100%| O|  |TAMS 0x000000008a500000| PB 0x000000008a500000| Untracked 
| 165|0x000000008a500000, 0x000000008a600000, 0x000000008a600000|100%| O|  |TAMS 0x000000008a600000| PB 0x000000008a600000| Untracked 
| 166|0x000000008a600000, 0x000000008a700000, 0x000000008a700000|100%| O|  |TAMS 0x000000008a700000| PB 0x000000008a700000| Updating 
| 167|0x000000008a700000, 0x000000008a800000, 0x000000008a800000|100%| O|  |TAMS 0x000000008a800000| PB 0x000000008a800000| Untracked 
| 168|0x000000008a800000, 0x000000008a900000, 0x000000008a900000|100%| O|  |TAMS 0x000000008a900000| PB 0x000000008a900000| Untracked 
| 169|0x000000008a900000, 0x000000008aa00000, 0x000000008aa00000|100%| O|  |TAMS 0x000000008aa00000| PB 0x000000008aa00000| Untracked 
| 170|0x000000008aa00000, 0x000000008ab00000, 0x000000008ab00000|100%| O|  |TAMS 0x000000008ab00000| PB 0x000000008ab00000| Untracked 
| 171|0x000000008ab00000, 0x000000008ac00000, 0x000000008ac00000|100%| O|  |TAMS 0x000000008ac00000| PB 0x000000008ac00000| Untracked 
| 172|0x000000008ac00000, 0x000000008ad00000, 0x000000008ad00000|100%| O|  |TAMS 0x000000008ad00000| PB 0x000000008ad00000| Updating 
| 173|0x000000008ad00000, 0x000000008ae00000, 0x000000008ae00000|100%| O|  |TAMS 0x000000008ae00000| PB 0x000000008ae00000| Untracked 
| 174|0x000000008ae00000, 0x000000008af00000, 0x000000008af00000|100%| O|  |TAMS 0x000000008af00000| PB 0x000000008af00000| Untracked 
| 175|0x000000008af00000, 0x000000008b000000, 0x000000008b000000|100%| O|  |TAMS 0x000000008b000000| PB 0x000000008b000000| Untracked 
| 176|0x000000008b000000, 0x000000008b100000, 0x000000008b100000|100%| O|  |TAMS 0x000000008b100000| PB 0x000000008b100000| Untracked 
| 177|0x000000008b100000, 0x000000008b200000, 0x000000008b200000|100%| O|  |TAMS 0x000000008b200000| PB 0x000000008b200000| Untracked 
| 178|0x000000008b200000, 0x000000008b300000, 0x000000008b300000|100%| O|  |TAMS 0x000000008b2c47d0| PB 0x000000008b2c47d0| Updating 
| 179|0x000000008b300000, 0x000000008b400000, 0x000000008b400000|100%| O|  |TAMS 0x000000008b300000| PB 0x000000008b300000| Untracked 
| 180|0x000000008b400000, 0x000000008b500000, 0x000000008b500000|100%| O|  |TAMS 0x000000008b400000| PB 0x000000008b400000| Untracked 
| 181|0x000000008b500000, 0x000000008b600000, 0x000000008b600000|100%| O|  |TAMS 0x000000008b500000| PB 0x000000008b500000| Untracked 
| 182|0x000000008b600000, 0x000000008b700000, 0x000000008b700000|100%| O|  |TAMS 0x000000008b600000| PB 0x000000008b600000| Untracked 
| 183|0x000000008b700000, 0x000000008b800000, 0x000000008b800000|100%| O|  |TAMS 0x000000008b700000| PB 0x000000008b700000| Untracked 
| 184|0x000000008b800000, 0x000000008b900000, 0x000000008b900000|100%| O|  |TAMS 0x000000008b800000| PB 0x000000008b800000| Untracked 
| 185|0x000000008b900000, 0x000000008ba00000, 0x000000008ba00000|100%| O|  |TAMS 0x000000008b900000| PB 0x000000008b900000| Untracked 
| 186|0x000000008ba00000, 0x000000008bb00000, 0x000000008bb00000|100%| O|  |TAMS 0x000000008ba00000| PB 0x000000008ba00000| Untracked 
| 187|0x000000008bb00000, 0x000000008bc00000, 0x000000008bc00000|100%| O|  |TAMS 0x000000008bb00000| PB 0x000000008bb00000| Untracked 
| 188|0x000000008bc00000, 0x000000008bd00000, 0x000000008bd00000|100%| O|  |TAMS 0x000000008bc00000| PB 0x000000008bc00000| Untracked 
| 189|0x000000008bd00000, 0x000000008be00000, 0x000000008be00000|100%| O|  |TAMS 0x000000008bd00000| PB 0x000000008bd00000| Untracked 
| 190|0x000000008be00000, 0x000000008bf00000, 0x000000008bf00000|100%| O|  |TAMS 0x000000008be00000| PB 0x000000008be00000| Untracked 
| 191|0x000000008bf00000, 0x000000008c000000, 0x000000008c000000|100%| O|  |TAMS 0x000000008bf00000| PB 0x000000008bf00000| Untracked 
| 192|0x000000008c000000, 0x000000008c100000, 0x000000008c100000|100%| O|  |TAMS 0x000000008c000000| PB 0x000000008c000000| Untracked 
| 193|0x000000008c100000, 0x000000008c200000, 0x000000008c200000|100%| O|  |TAMS 0x000000008c100000| PB 0x000000008c100000| Untracked 
| 194|0x000000008c200000, 0x000000008c300000, 0x000000008c300000|100%| O|  |TAMS 0x000000008c200000| PB 0x000000008c200000| Untracked 
| 195|0x000000008c300000, 0x000000008c400000, 0x000000008c400000|100%| O|  |TAMS 0x000000008c300000| PB 0x000000008c300000| Untracked 
| 196|0x000000008c400000, 0x000000008c500000, 0x000000008c500000|100%| O|  |TAMS 0x000000008c400000| PB 0x000000008c400000| Untracked 
| 197|0x000000008c500000, 0x000000008c600000, 0x000000008c600000|100%| O|  |TAMS 0x000000008c500000| PB 0x000000008c500000| Untracked 
| 198|0x000000008c600000, 0x000000008c700000, 0x000000008c700000|100%| O|  |TAMS 0x000000008c600000| PB 0x000000008c600000| Untracked 
| 199|0x000000008c700000, 0x000000008c800000, 0x000000008c800000|100%| O|  |TAMS 0x000000008c700000| PB 0x000000008c700000| Untracked 
| 200|0x000000008c800000, 0x000000008c900000, 0x000000008c900000|100%| O|  |TAMS 0x000000008c800000| PB 0x000000008c800000| Untracked 
| 201|0x000000008c900000, 0x000000008ca00000, 0x000000008ca00000|100%| O|  |TAMS 0x000000008c900000| PB 0x000000008c900000| Untracked 
| 202|0x000000008ca00000, 0x000000008cb00000, 0x000000008cb00000|100%| O|  |TAMS 0x000000008ca00000| PB 0x000000008ca00000| Untracked 
| 203|0x000000008cb00000, 0x000000008cb56370, 0x000000008cc00000| 33%| O|  |TAMS 0x000000008cb00000| PB 0x000000008cb00000| Updating 
| 204|0x000000008cc00000, 0x000000008cc00000, 0x000000008cd00000|  0%| F|  |TAMS 0x000000008cc00000| PB 0x000000008cc00000| Untracked 
| 205|0x000000008cd00000, 0x000000008cd00000, 0x000000008ce00000|  0%| F|  |TAMS 0x000000008cd00000| PB 0x000000008cd00000| Untracked 
| 206|0x000000008ce00000, 0x000000008ce00000, 0x000000008cf00000|  0%| F|  |TAMS 0x000000008ce00000| PB 0x000000008ce00000| Untracked 
| 207|0x000000008cf00000, 0x000000008cf00000, 0x000000008d000000|  0%| F|  |TAMS 0x000000008cf00000| PB 0x000000008cf00000| Untracked 
| 208|0x000000008d000000, 0x000000008d000000, 0x000000008d100000|  0%| F|  |TAMS 0x000000008d000000| PB 0x000000008d000000| Untracked 
| 209|0x000000008d100000, 0x000000008d100000, 0x000000008d200000|  0%| F|  |TAMS 0x000000008d100000| PB 0x000000008d100000| Untracked 
| 210|0x000000008d200000, 0x000000008d200000, 0x000000008d300000|  0%| F|  |TAMS 0x000000008d200000| PB 0x000000008d200000| Untracked 
| 211|0x000000008d300000, 0x000000008d300000, 0x000000008d400000|  0%| F|  |TAMS 0x000000008d300000| PB 0x000000008d300000| Untracked 
| 212|0x000000008d400000, 0x000000008d400000, 0x000000008d500000|  0%| F|  |TAMS 0x000000008d400000| PB 0x000000008d400000| Untracked 
| 213|0x000000008d500000, 0x000000008d500000, 0x000000008d600000|  0%| F|  |TAMS 0x000000008d500000| PB 0x000000008d500000| Untracked 
| 214|0x000000008d600000, 0x000000008d600000, 0x000000008d700000|  0%| F|  |TAMS 0x000000008d600000| PB 0x000000008d600000| Untracked 
| 215|0x000000008d700000, 0x000000008d700000, 0x000000008d800000|  0%| F|  |TAMS 0x000000008d700000| PB 0x000000008d700000| Untracked 
| 216|0x000000008d800000, 0x000000008d800000, 0x000000008d900000|  0%| F|  |TAMS 0x000000008d800000| PB 0x000000008d800000| Untracked 
| 217|0x000000008d900000, 0x000000008da00000, 0x000000008da00000|100%| S|CS|TAMS 0x000000008d900000| PB 0x000000008d900000| Complete 
| 218|0x000000008da00000, 0x000000008db00000, 0x000000008db00000|100%| S|CS|TAMS 0x000000008da00000| PB 0x000000008da00000| Complete 
| 219|0x000000008db00000, 0x000000008dc00000, 0x000000008dc00000|100%| S|CS|TAMS 0x000000008db00000| PB 0x000000008db00000| Complete 
| 220|0x000000008dc00000, 0x000000008dd00000, 0x000000008dd00000|100%| S|CS|TAMS 0x000000008dc00000| PB 0x000000008dc00000| Complete 
| 221|0x000000008dd00000, 0x000000008de00000, 0x000000008de00000|100%| S|CS|TAMS 0x000000008dd00000| PB 0x000000008dd00000| Complete 
| 222|0x000000008de00000, 0x000000008df00000, 0x000000008df00000|100%| S|CS|TAMS 0x000000008de00000| PB 0x000000008de00000| Complete 
| 223|0x000000008df00000, 0x000000008e000000, 0x000000008e000000|100%| S|CS|TAMS 0x000000008df00000| PB 0x000000008df00000| Complete 
| 224|0x000000008e000000, 0x000000008e000000, 0x000000008e100000|  0%| F|  |TAMS 0x000000008e000000| PB 0x000000008e000000| Untracked 
| 225|0x000000008e100000, 0x000000008e100000, 0x000000008e200000|  0%| F|  |TAMS 0x000000008e100000| PB 0x000000008e100000| Untracked 
| 226|0x000000008e200000, 0x000000008e200000, 0x000000008e300000|  0%| F|  |TAMS 0x000000008e200000| PB 0x000000008e200000| Untracked 
| 227|0x000000008e300000, 0x000000008e300000, 0x000000008e400000|  0%| F|  |TAMS 0x000000008e300000| PB 0x000000008e300000| Untracked 
| 228|0x000000008e400000, 0x000000008e400000, 0x000000008e500000|  0%| F|  |TAMS 0x000000008e400000| PB 0x000000008e400000| Untracked 
| 229|0x000000008e500000, 0x000000008e500000, 0x000000008e600000|  0%| F|  |TAMS 0x000000008e500000| PB 0x000000008e500000| Untracked 
| 230|0x000000008e600000, 0x000000008e600000, 0x000000008e700000|  0%| F|  |TAMS 0x000000008e600000| PB 0x000000008e600000| Untracked 
| 231|0x000000008e700000, 0x000000008e700000, 0x000000008e800000|  0%| F|  |TAMS 0x000000008e700000| PB 0x000000008e700000| Untracked 
| 232|0x000000008e800000, 0x000000008e800000, 0x000000008e900000|  0%| F|  |TAMS 0x000000008e800000| PB 0x000000008e800000| Untracked 
| 233|0x000000008e900000, 0x000000008e900000, 0x000000008ea00000|  0%| F|  |TAMS 0x000000008e900000| PB 0x000000008e900000| Untracked 
| 234|0x000000008ea00000, 0x000000008ea00000, 0x000000008eb00000|  0%| F|  |TAMS 0x000000008ea00000| PB 0x000000008ea00000| Untracked 
| 235|0x000000008eb00000, 0x000000008eb00000, 0x000000008ec00000|  0%| F|  |TAMS 0x000000008eb00000| PB 0x000000008eb00000| Untracked 
| 236|0x000000008ec00000, 0x000000008ec00000, 0x000000008ed00000|  0%| F|  |TAMS 0x000000008ec00000| PB 0x000000008ec00000| Untracked 
| 237|0x000000008ed00000, 0x000000008ed00000, 0x000000008ee00000|  0%| F|  |TAMS 0x000000008ed00000| PB 0x000000008ed00000| Untracked 
| 238|0x000000008ee00000, 0x000000008ee00000, 0x000000008ef00000|  0%| F|  |TAMS 0x000000008ee00000| PB 0x000000008ee00000| Untracked 
| 239|0x000000008ef00000, 0x000000008ef00000, 0x000000008f000000|  0%| F|  |TAMS 0x000000008ef00000| PB 0x000000008ef00000| Untracked 
| 240|0x000000008f000000, 0x000000008f000000, 0x000000008f100000|  0%| F|  |TAMS 0x000000008f000000| PB 0x000000008f000000| Untracked 
| 241|0x000000008f100000, 0x000000008f100000, 0x000000008f200000|  0%| F|  |TAMS 0x000000008f100000| PB 0x000000008f100000| Untracked 
| 242|0x000000008f200000, 0x000000008f200000, 0x000000008f300000|  0%| F|  |TAMS 0x000000008f200000| PB 0x000000008f200000| Untracked 
| 243|0x000000008f300000, 0x000000008f300000, 0x000000008f400000|  0%| F|  |TAMS 0x000000008f300000| PB 0x000000008f300000| Untracked 
| 244|0x000000008f400000, 0x000000008f400000, 0x000000008f500000|  0%| F|  |TAMS 0x000000008f400000| PB 0x000000008f400000| Untracked 
| 245|0x000000008f500000, 0x000000008f500000, 0x000000008f600000|  0%| F|  |TAMS 0x000000008f500000| PB 0x000000008f500000| Untracked 
| 246|0x000000008f600000, 0x000000008f600000, 0x000000008f700000|  0%| F|  |TAMS 0x000000008f600000| PB 0x000000008f600000| Untracked 
| 247|0x000000008f700000, 0x000000008f700000, 0x000000008f800000|  0%| F|  |TAMS 0x000000008f700000| PB 0x000000008f700000| Untracked 
| 248|0x000000008f800000, 0x000000008f800000, 0x000000008f900000|  0%| F|  |TAMS 0x000000008f800000| PB 0x000000008f800000| Untracked 
| 249|0x000000008f900000, 0x000000008f900000, 0x000000008fa00000|  0%| F|  |TAMS 0x000000008f900000| PB 0x000000008f900000| Untracked 
| 250|0x000000008fa00000, 0x000000008fa00000, 0x000000008fb00000|  0%| F|  |TAMS 0x000000008fa00000| PB 0x000000008fa00000| Untracked 
| 251|0x000000008fb00000, 0x000000008fb00000, 0x000000008fc00000|  0%| F|  |TAMS 0x000000008fb00000| PB 0x000000008fb00000| Untracked 
| 252|0x000000008fc00000, 0x000000008fc00000, 0x000000008fd00000|  0%| F|  |TAMS 0x000000008fc00000| PB 0x000000008fc00000| Untracked 
| 253|0x000000008fd00000, 0x000000008fd00000, 0x000000008fe00000|  0%| F|  |TAMS 0x000000008fd00000| PB 0x000000008fd00000| Untracked 
| 254|0x000000008fe00000, 0x000000008fe00000, 0x000000008ff00000|  0%| F|  |TAMS 0x000000008fe00000| PB 0x000000008fe00000| Untracked 
| 255|0x000000008ff00000, 0x000000008ff00000, 0x0000000090000000|  0%| F|  |TAMS 0x000000008ff00000| PB 0x000000008ff00000| Untracked 
| 256|0x0000000090000000, 0x0000000090000000, 0x0000000090100000|  0%| F|  |TAMS 0x0000000090000000| PB 0x0000000090000000| Untracked 
| 257|0x0000000090100000, 0x0000000090100000, 0x0000000090200000|  0%| F|  |TAMS 0x0000000090100000| PB 0x0000000090100000| Untracked 
| 258|0x0000000090200000, 0x0000000090294588, 0x0000000090300000| 57%| E|  |TAMS 0x0000000090200000| PB 0x0000000090200000| Complete 
| 259|0x0000000090300000, 0x0000000090400000, 0x0000000090400000|100%| E|CS|TAMS 0x0000000090300000| PB 0x0000000090300000| Complete 
| 260|0x0000000090400000, 0x0000000090500000, 0x0000000090500000|100%| E|CS|TAMS 0x0000000090400000| PB 0x0000000090400000| Complete 
| 261|0x0000000090500000, 0x0000000090600000, 0x0000000090600000|100%| E|CS|TAMS 0x0000000090500000| PB 0x0000000090500000| Complete 
| 262|0x0000000090600000, 0x0000000090700000, 0x0000000090700000|100%| E|CS|TAMS 0x0000000090600000| PB 0x0000000090600000| Complete 
| 263|0x0000000090700000, 0x0000000090800000, 0x0000000090800000|100%| E|CS|TAMS 0x0000000090700000| PB 0x0000000090700000| Complete 
|2038|0x00000000ff600000, 0x00000000ff700000, 0x00000000ff700000|100%| O|  |TAMS 0x00000000ff700000| PB 0x00000000ff700000| Updating 
|2039|0x00000000ff700000, 0x00000000ff800000, 0x00000000ff800000|100%| E|CS|TAMS 0x00000000ff700000| PB 0x00000000ff700000| Complete 
|2040|0x00000000ff800000, 0x00000000ff900000, 0x00000000ff900000|100%| O|  |TAMS 0x00000000ff900000| PB 0x00000000ff900000| Untracked 
|2041|0x00000000ff900000, 0x00000000ffa00000, 0x00000000ffa00000|100%| O|  |TAMS 0x00000000ffa00000| PB 0x00000000ffa00000| Untracked 
|2042|0x00000000ffa00000, 0x00000000ffb00000, 0x00000000ffb00000|100%| O|  |TAMS 0x00000000ffb00000| PB 0x00000000ffb00000| Untracked 
|2043|0x00000000ffb00000, 0x00000000ffc00000, 0x00000000ffc00000|100%| E|CS|TAMS 0x00000000ffb00000| PB 0x00000000ffb00000| Complete 
|2044|0x00000000ffc00000, 0x00000000ffd00000, 0x00000000ffd00000|100%| O|  |TAMS 0x00000000ffd00000| PB 0x00000000ffd00000| Untracked 
|2045|0x00000000ffd00000, 0x00000000ffe00000, 0x00000000ffe00000|100%| O|  |TAMS 0x00000000ffe00000| PB 0x00000000ffe00000| Untracked 
|2046|0x00000000ffe00000, 0x00000000fff00000, 0x00000000fff00000|100%| O|  |TAMS 0x00000000fff00000| PB 0x00000000fff00000| Untracked 
|2047|0x00000000fff00000, 0x0000000100000000, 0x0000000100000000|100%| O|  |TAMS 0x0000000100000000| PB 0x0000000100000000| Untracked 

Card table byte_map: [0x00000136f9da0000,0x00000136fa1a0000] _byte_map_base: 0x00000136f99a0000

Marking Bits: (CMBitMap*) 0x00000136e567d610
 Bits: [0x00000136fa1a0000, 0x00000136fc1a0000)

Polling page: 0x00000136e9f10000

Metaspace:

Usage:
  Non-class:     98.90 MB used.
      Class:     15.75 MB used.
       Both:    114.65 MB used.

Virtual space:
  Non-class space:      128.00 MB reserved,     100.00 MB ( 78%) committed,  2 nodes.
      Class space:        1.00 GB reserved,      16.88 MB (  2%) committed,  1 nodes.
             Both:        1.12 GB reserved,     116.88 MB ( 10%) committed. 

Chunk freelists:
   Non-Class:  11.98 MB
       Class:  14.98 MB
        Both:  26.97 MB

MaxMetaspaceSize: unlimited
CompressedClassSpaceSize: 1.00 GB
Initial GC threshold: 21.00 MB
Current GC threshold: 189.31 MB
CDS: off
 - commit_granule_bytes: 65536.
 - commit_granule_words: 8192.
 - virtual_space_node_default_size: 8388608.
 - enlarge_chunks_in_place: 1.
 - use_allocation_guard: 0.


Internal statistics:

num_allocs_failed_limit: 9.
num_arena_births: 4268.
num_arena_deaths: 4.
num_vsnodes_births: 3.
num_vsnodes_deaths: 0.
num_space_committed: 1870.
num_space_uncommitted: 0.
num_chunks_returned_to_freelist: 15.
num_chunks_taken_from_freelist: 9356.
num_chunk_merges: 12.
num_chunk_splits: 6043.
num_chunks_enlarged: 3734.
num_inconsistent_stats: 0.

CodeHeap 'non-profiled nmethods': size=120000Kb used=7520Kb max_used=8018Kb free=112479Kb
 bounds [0x00000136f1a00000, 0x00000136f21e0000, 0x00000136f8f30000]
CodeHeap 'profiled nmethods': size=120000Kb used=21560Kb max_used=23056Kb free=98439Kb
 bounds [0x00000136e9f30000, 0x00000136eb5c0000, 0x00000136f1460000]
CodeHeap 'non-nmethods': size=5760Kb used=2400Kb max_used=2427Kb free=3359Kb
 bounds [0x00000136f1460000, 0x00000136f16d0000, 0x00000136f1a00000]
 total_blobs=12689 nmethods=11801 adapters=792
 compilation: enabled
              stopped_count=0, restarted_count=0
 full_count=0

Compilation events (20 events):
Event: 36.814 Thread 0x00000136fee60f90 14339       4       java.lang.invoke.DirectMethodHandle$Constructor::<init> (44 bytes)
Event: 36.818 Thread 0x00000136fee60f90 nmethod 14339 0x00000136f1fa1410 code [0x00000136f1fa15a0, 0x00000136f1fa1820]
Event: 36.835 Thread 0x00000136fee61a30 14340       1       com.android.tools.r8.ProgramResource$ByteResource::getKind (5 bytes)
Event: 36.835 Thread 0x00000136fee61a30 nmethod 14340 0x00000136f1dd3410 code [0x00000136f1dd35a0, 0x00000136f1dd3668]
Event: 36.857 Thread 0x00000136fee60f90 14342       4       java.util.LinkedHashMap::afterNodeInsertion (40 bytes)
Event: 36.858 Thread 0x00000136fee60f90 nmethod 14342 0x00000136f1fa1110 code [0x00000136f1fa12a0, 0x00000136f1fa1370]
Event: 36.878 Thread 0x00000136fee61a30 14343       3       java.lang.invoke.TypeConvertingMethodAdapter::iconst (87 bytes)
Event: 36.879 Thread 0x00000136fee61a30 nmethod 14343 0x00000136ea024110 code [0x00000136ea024340, 0x00000136ea024bc8]
Event: 36.953 Thread 0x00000136fee61a30 14345       3       jdk.internal.org.objectweb.asm.SymbolTable$Entry::<init> (17 bytes)
Event: 36.954 Thread 0x00000136fee61a30 nmethod 14345 0x00000136ea3c4390 code [0x00000136ea3c4540, 0x00000136ea3c46c0]
Event: 36.963 Thread 0x00000136fee61a30 14346       3       com.android.tools.r8.internal.gd::d (26 bytes)
Event: 36.963 Thread 0x00000136fee61a30 nmethod 14346 0x00000136ea545710 code [0x00000136ea5458a0, 0x00000136ea545a10]
Event: 36.964 Thread 0x00000136fee61a30 14347       3       com.android.tools.r8.graph.H2::a (129 bytes)
Event: 36.964 Thread 0x00000136fee61a30 nmethod 14347 0x00000136eac7e390 code [0x00000136eac7e560, 0x00000136eac7e898]
Event: 36.964 Thread 0x00000136fee61a30 14348       3       com.android.tools.r8.graph.H2::a (113 bytes)
Event: 36.966 Thread 0x00000136fee61a30 nmethod 14348 0x00000136eaa15710 code [0x00000136eaa159c0, 0x00000136eaa16920]
Event: 36.979 Thread 0x00000136fee60f90 14349       4       jdk.internal.org.objectweb.asm.SymbolTable::addConstant (330 bytes)
Event: 36.998 Thread 0x00000136fee60f90 nmethod 14349 0x00000136f1db9490 code [0x00000136f1db96c0, 0x00000136f1dba0b8]
Event: 37.136 Thread 0x00000136fee60f90 14350       4       jdk.internal.org.objectweb.asm.MethodWriter::visitLdcInsn (215 bytes)
Event: 37.143 Thread 0x00000136fee60f90 nmethod 14350 0x00000136f1f79390 code [0x00000136f1f79580, 0x00000136f1f79988]

GC Heap History (20 events):
Event: 34.445 GC heap before
{Heap before GC invocations=45 (full 0):
 garbage-first heap   total 184320K, used 166598K [0x0000000080000000, 0x0000000100000000)
  region size 1024K, 57 young (58368K), 6 survivors (6144K)
 Metaspace       used 112124K, committed 114304K, reserved 1179648K
  class space    used 15352K, committed 16448K, reserved 1048576K
}
Event: 34.454 GC heap after
{Heap after GC invocations=46 (full 0):
 garbage-first heap   total 184320K, used 120132K [0x0000000080000000, 0x0000000100000000)
  region size 1024K, 6 young (6144K), 6 survivors (6144K)
 Metaspace       used 112124K, committed 114304K, reserved 1179648K
  class space    used 15352K, committed 16448K, reserved 1048576K
}
Event: 35.690 GC heap before
{Heap before GC invocations=47 (full 0):
 garbage-first heap   total 201728K, used 167236K [0x0000000080000000, 0x0000000100000000)
  region size 1024K, 51 young (52224K), 6 survivors (6144K)
 Metaspace       used 112773K, committed 114944K, reserved 1179648K
  class space    used 15446K, committed 16576K, reserved 1048576K
}
Event: 35.700 GC heap after
{Heap after GC invocations=48 (full 0):
 garbage-first heap   total 201728K, used 125737K [0x0000000080000000, 0x0000000100000000)
  region size 1024K, 5 young (5120K), 5 survivors (5120K)
 Metaspace       used 112773K, committed 114944K, reserved 1179648K
  class space    used 15446K, committed 16576K, reserved 1048576K
}
Event: 35.950 GC heap before
{Heap before GC invocations=48 (full 0):
 garbage-first heap   total 201728K, used 184105K [0x0000000080000000, 0x0000000100000000)
  region size 1024K, 63 young (64512K), 5 survivors (5120K)
 Metaspace       used 113679K, committed 115904K, reserved 1179648K
  class space    used 15576K, committed 16704K, reserved 1048576K
}
Event: 35.961 GC heap after
{Heap after GC invocations=49 (full 0):
 garbage-first heap   total 205824K, used 137216K [0x0000000080000000, 0x0000000100000000)
  region size 1024K, 8 young (8192K), 8 survivors (8192K)
 Metaspace       used 113679K, committed 115904K, reserved 1179648K
  class space    used 15576K, committed 16704K, reserved 1048576K
}
Event: 36.047 GC heap before
{Heap before GC invocations=49 (full 0):
 garbage-first heap   total 205824K, used 185344K [0x0000000080000000, 0x0000000100000000)
  region size 1024K, 56 young (57344K), 8 survivors (8192K)
 Metaspace       used 113738K, committed 115968K, reserved 1179648K
  class space    used 15583K, committed 16704K, reserved 1048576K
}
Event: 36.053 GC heap after
{Heap after GC invocations=50 (full 0):
 garbage-first heap   total 206848K, used 149388K [0x0000000080000000, 0x0000000100000000)
  region size 1024K, 7 young (7168K), 7 survivors (7168K)
 Metaspace       used 113738K, committed 115968K, reserved 1179648K
  class space    used 15583K, committed 16704K, reserved 1048576K
}
Event: 36.177 GC heap before
{Heap before GC invocations=50 (full 0):
 garbage-first heap   total 206848K, used 187276K [0x0000000080000000, 0x0000000100000000)
  region size 1024K, 45 young (46080K), 7 survivors (7168K)
 Metaspace       used 113927K, committed 116160K, reserved 1179648K
  class space    used 15609K, committed 16768K, reserved 1048576K
}
Event: 36.181 GC heap after
{Heap after GC invocations=51 (full 0):
 garbage-first heap   total 206848K, used 159503K [0x0000000080000000, 0x0000000100000000)
  region size 1024K, 6 young (6144K), 6 survivors (6144K)
 Metaspace       used 113927K, committed 116160K, reserved 1179648K
  class space    used 15609K, committed 16768K, reserved 1048576K
}
Event: 36.262 GC heap before
{Heap before GC invocations=51 (full 0):
 garbage-first heap   total 206848K, used 188175K [0x0000000080000000, 0x0000000100000000)
  region size 1024K, 35 young (35840K), 6 survivors (6144K)
 Metaspace       used 114021K, committed 116288K, reserved 1179648K
  class space    used 15622K, committed 16768K, reserved 1048576K
}
Event: 36.266 GC heap after
{Heap after GC invocations=52 (full 0):
 garbage-first heap   total 277504K, used 167412K [0x0000000080000000, 0x0000000100000000)
  region size 1024K, 5 young (5120K), 5 survivors (5120K)
 Metaspace       used 114021K, committed 116288K, reserved 1179648K
  class space    used 15622K, committed 16768K, reserved 1048576K
}
Event: 36.537 GC heap before
{Heap before GC invocations=53 (full 0):
 garbage-first heap   total 280576K, used 230900K [0x0000000080000000, 0x0000000100000000)
  region size 1024K, 68 young (69632K), 5 survivors (5120K)
 Metaspace       used 114999K, committed 117184K, reserved 1179648K
  class space    used 15764K, committed 16896K, reserved 1048576K
}
Event: 36.548 GC heap after
{Heap after GC invocations=54 (full 0):
 garbage-first heap   total 280576K, used 184320K [0x0000000080000000, 0x0000000100000000)
  region size 1024K, 9 young (9216K), 9 survivors (9216K)
 Metaspace       used 114999K, committed 117184K, reserved 1179648K
  class space    used 15764K, committed 16896K, reserved 1048576K
}
Event: 36.729 GC heap before
{Heap before GC invocations=54 (full 0):
 garbage-first heap   total 280576K, used 244736K [0x0000000080000000, 0x0000000100000000)
  region size 1024K, 68 young (69632K), 9 survivors (9216K)
 Metaspace       used 115795K, committed 118016K, reserved 1179648K
  class space    used 15885K, committed 17024K, reserved 1048576K
}
Event: 36.736 GC heap after
{Heap after GC invocations=55 (full 0):
 garbage-first heap   total 280576K, used 197393K [0x0000000080000000, 0x0000000100000000)
  region size 1024K, 9 young (9216K), 9 survivors (9216K)
 Metaspace       used 115795K, committed 118016K, reserved 1179648K
  class space    used 15885K, committed 17024K, reserved 1048576K
}
Event: 36.912 GC heap before
{Heap before GC invocations=55 (full 0):
 garbage-first heap   total 280576K, used 250641K [0x0000000080000000, 0x0000000100000000)
  region size 1024K, 61 young (62464K), 9 survivors (9216K)
 Metaspace       used 116610K, committed 118848K, reserved 1179648K
  class space    used 16005K, committed 17152K, reserved 1048576K
}
Event: 36.918 GC heap after
{Heap after GC invocations=56 (full 0):
 garbage-first heap   total 280576K, used 211673K [0x0000000080000000, 0x0000000100000000)
  region size 1024K, 8 young (8192K), 8 survivors (8192K)
 Metaspace       used 116610K, committed 118848K, reserved 1179648K
  class space    used 16005K, committed 17152K, reserved 1048576K
}
Event: 37.107 GC heap before
{Heap before GC invocations=56 (full 0):
 garbage-first heap   total 280576K, used 254681K [0x0000000080000000, 0x0000000100000000)
  region size 1024K, 50 young (51200K), 8 survivors (8192K)
 Metaspace       used 117323K, committed 119552K, reserved 1179648K
  class space    used 16116K, committed 17216K, reserved 1048576K
}
Event: 37.115 GC heap after
{Heap after GC invocations=57 (full 0):
 garbage-first heap   total 280576K, used 223576K [0x0000000080000000, 0x0000000100000000)
  region size 1024K, 7 young (7168K), 7 survivors (7168K)
 Metaspace       used 117323K, committed 119552K, reserved 1179648K
  class space    used 16116K, committed 17216K, reserved 1048576K
}

Dll operation events (3 events):
Event: 0.014 Loaded shared library C:\Program Files\Android\Android Studio\jbr\bin\java.dll
Event: 0.021 Loaded shared library C:\Program Files\Android\Android Studio\jbr\bin\zip.dll
Event: 0.606 Loaded shared library C:\Program Files\Android\Android Studio\jbr\bin\verify.dll

Deoptimization events (20 events):
Event: 36.963 Thread 0x00000136898d0010 Uncommon trap: trap_request=0xffffff45 fr.pc=0x00000136f206ca14 relative=0x0000000000000494
Event: 36.963 Thread 0x00000136898d0d30 Uncommon trap: trap_request=0xffffff45 fr.pc=0x00000136f206ca14 relative=0x0000000000000494
Event: 36.963 Thread 0x00000136898cec60 Uncommon trap: trap_request=0xffffff45 fr.pc=0x00000136f206ca14 relative=0x0000000000000494
Event: 36.963 Thread 0x00000136898d0010 Uncommon trap: reason=unstable_if action=reinterpret pc=0x00000136f206ca14 method=com.android.tools.r8.graph.H2.a(Ljava/lang/String;)[B @ 19 c2
Event: 36.963 Thread 0x00000136898cec60 Uncommon trap: reason=unstable_if action=reinterpret pc=0x00000136f206ca14 method=com.android.tools.r8.graph.H2.a(Ljava/lang/String;)[B @ 19 c2
Event: 36.963 Thread 0x00000136898d0d30 Uncommon trap: reason=unstable_if action=reinterpret pc=0x00000136f206ca14 method=com.android.tools.r8.graph.H2.a(Ljava/lang/String;)[B @ 19 c2
Event: 36.963 Thread 0x00000136898cec60 DEOPT PACKING pc=0x00000136f206ca14 sp=0x00000026ee1fa620
Event: 36.963 Thread 0x00000136898d0010 DEOPT PACKING pc=0x00000136f206ca14 sp=0x00000026ee3fa770
Event: 36.963 Thread 0x00000136898d0d30 DEOPT PACKING pc=0x00000136f206ca14 sp=0x00000026edffa8e0
Event: 36.963 Thread 0x00000136898d0010 DEOPT UNPACKING pc=0x00000136f14b7da2 sp=0x00000026ee3fa710 mode 2
Event: 36.963 Thread 0x00000136898cec60 DEOPT UNPACKING pc=0x00000136f14b7da2 sp=0x00000026ee1fa5c0 mode 2
Event: 36.963 Thread 0x00000136898cec60 Uncommon trap: trap_request=0xffffff45 fr.pc=0x00000136f1f21524 relative=0x0000000000000084
Event: 36.963 Thread 0x00000136898d0010 Uncommon trap: trap_request=0xffffff45 fr.pc=0x00000136f1f21524 relative=0x0000000000000084
Event: 36.963 Thread 0x00000136898cec60 Uncommon trap: reason=unstable_if action=reinterpret pc=0x00000136f1f21524 method=com.android.tools.r8.graph.H2.a(C[BI)I @ 1 c2
Event: 36.963 Thread 0x00000136898d0010 Uncommon trap: reason=unstable_if action=reinterpret pc=0x00000136f1f21524 method=com.android.tools.r8.graph.H2.a(C[BI)I @ 1 c2
Event: 36.963 Thread 0x00000136898cec60 DEOPT PACKING pc=0x00000136f1f21524 sp=0x00000026ee1fa5b0
Event: 36.963 Thread 0x00000136898d0010 DEOPT PACKING pc=0x00000136f1f21524 sp=0x00000026ee3fa700
Event: 36.963 Thread 0x00000136898d0d30 DEOPT UNPACKING pc=0x00000136f14b7da2 sp=0x00000026edffa880 mode 2
Event: 36.963 Thread 0x00000136898d0010 DEOPT UNPACKING pc=0x00000136f14b7da2 sp=0x00000026ee3fa6a0 mode 2
Event: 36.963 Thread 0x00000136898cec60 DEOPT UNPACKING pc=0x00000136f14b7da2 sp=0x00000026ee1fa550 mode 2

Classes loaded (20 events):
Event: 36.338 Loading class sun/rmi/transport/DGCAckHandler
Event: 36.338 Loading class sun/rmi/transport/DGCAckHandler done
Event: 36.350 Loading class sun/rmi/transport/DGCAckHandler$1
Event: 36.351 Loading class sun/rmi/transport/DGCAckHandler$1 done
Event: 36.393 Loading class java/io/UTFDataFormatException
Event: 36.393 Loading class java/io/UTFDataFormatException done
Event: 36.535 Loading class sun/rmi/transport/tcp/TCPTransport$ConnectionHandler
Event: 36.536 Loading class sun/rmi/transport/tcp/TCPTransport$ConnectionHandler done
Event: 36.552 Loading class sun/rmi/transport/Transport$1
Event: 36.552 Loading class sun/rmi/transport/Transport$1 done
Event: 36.553 Loading class sun/rmi/transport/DGCImpl$LeaseInfo
Event: 36.553 Loading class sun/rmi/transport/DGCImpl$LeaseInfo done
Event: 36.553 Loading class sun/rmi/transport/DGCImpl$1
Event: 36.553 Loading class sun/rmi/transport/DGCImpl$1 done
Event: 36.553 Loading class sun/rmi/transport/SequenceEntry
Event: 36.553 Loading class sun/rmi/transport/SequenceEntry done
Event: 36.625 Loading class java/util/concurrent/RejectedExecutionException
Event: 36.625 Loading class java/util/concurrent/RejectedExecutionException done
Event: 36.921 Loading class java/lang/reflect/GenericSignatureFormatError
Event: 36.922 Loading class java/lang/reflect/GenericSignatureFormatError done

Classes unloaded (2 events):
Event: 34.613 Thread 0x00000136fecaae30 Unloading class 0x0000000100f89400 'java/lang/invoke/LambdaForm$DMH+0x0000000100f89400'
Event: 34.613 Thread 0x00000136fecaae30 Unloading class 0x0000000100f89000 'java/lang/invoke/LambdaForm$DMH+0x0000000100f89000'

Classes redefined (0 events):
No events

Internal exceptions (20 events):
Event: 35.249 Thread 0x00000136869ac580 Exception <a 'sun/nio/fs/WindowsException'{0x000000008a19b2b0}> (0x000000008a19b2b0) 
thrown [s\src\hotspot\share\prims\jni.cpp, line 535]
Event: 35.271 Thread 0x00000136869ac580 Exception <a 'sun/nio/fs/WindowsException'{0x000000008a1b2928}> (0x000000008a1b2928) 
thrown [s\src\hotspot\share\prims\jni.cpp, line 535]
Event: 35.686 Thread 0x00000136898cec60 Implicit null exception at 0x00000136f1a26ce6 to 0x00000136f1a27864
Event: 35.852 Thread 0x0000013687a152a0 Exception <a 'java/lang/NoSuchMethodError'{0x000000008b3f10a8}: static Lorg/jetbrains/kotlin/daemon/common/LoopbackNetworkInterface$AbstractClientLoopbackSocketFactory;.<clinit>()V> (0x000000008b3f10a8) 
thrown [s\src\hotspot\share\prims\jni.cpp, line 1135]
Event: 35.853 Thread 0x0000013687a152a0 Exception <a 'java/lang/NoSuchMethodError'{0x000000008b3fd280}: static Lorg/jetbrains/kotlin/daemon/common/LoopbackNetworkInterface$ClientLoopbackSocketFactory;.<clinit>()V> (0x000000008b3fd280) 
thrown [s\src\hotspot\share\prims\jni.cpp, line 1135]
Event: 35.883 Thread 0x0000013687a152a0 Exception <a 'java/lang/NoSuchMethodError'{0x000000008b0f6770}: static [Ljava/rmi/server/ObjID;.<clinit>()V> (0x000000008b0f6770) 
thrown [s\src\hotspot\share\prims\jni.cpp, line 1135]
Event: 35.887 Thread 0x0000013687a152a0 Exception <a 'java/lang/NoSuchMethodError'{0x000000008ad87b28}: static [B.<clinit>()V> (0x000000008ad87b28) 
thrown [s\src\hotspot\share\prims\jni.cpp, line 1135]
Event: 35.935 Thread 0x0000013689ad8fe0 Exception <a 'java/lang/NoSuchMethodError'{0x000000008b13a530}: 'java.lang.Object java.lang.invoke.DirectMethodHandle$Holder.newInvokeSpecial(java.lang.Object, java.lang.Object, int, java.lang.Object, long)'> (0x000000008b13a530) 
thrown [s\src\hotspot\share\interpreter\linkResolver.cpp, line 784]
Event: 36.157 Thread 0x0000013687a152a0 Exception <a 'java/lang/NoSuchMethodError'{0x0000000089e3f6f8}: static Lorg/jetbrains/kotlin/daemon/common/CompileService$CallResult;.<clinit>()V> (0x0000000089e3f6f8) 
thrown [s\src\hotspot\share\prims\jni.cpp, line 1135]
Event: 36.159 Thread 0x0000013687a152a0 Exception <a 'java/lang/NoSuchMethodError'{0x0000000089ee5d70}: static Lorg/jetbrains/kotlin/daemon/common/CompileService$CallResult$Good;.<clinit>()V> (0x0000000089ee5d70) 
thrown [s\src\hotspot\share\prims\jni.cpp, line 1135]
Event: 36.160 Thread 0x0000013687a152a0 Exception <a 'java/lang/NoSuchMethodError'{0x0000000089d3aa68}: static Lorg/jetbrains/kotlin/daemon/common/DaemonJVMOptions;.<clinit>()V> (0x0000000089d3aa68) 
thrown [s\src\hotspot\share\prims\jni.cpp, line 1135]
Event: 36.190 Thread 0x0000013687a152a0 Exception <a 'java/lang/NoSuchMethodError'{0x000000008be8d148}: static Lorg/jetbrains/kotlin/daemon/common/CompileService$CallResult$Ok;.<clinit>()V> (0x000000008be8d148) 
thrown [s\src\hotspot\share\prims\jni.cpp, line 1135]
Event: 36.322 Thread 0x0000013687a152a0 Exception <a 'java/lang/NoSuchMethodError'{0x000000008fafe5e8}: static [Ljava/lang/Integer;.<clinit>()V> (0x000000008fafe5e8) 
thrown [s\src\hotspot\share\prims\jni.cpp, line 1135]
Event: 36.855 Thread 0x00000136898d0d30 Exception <a 'java/lang/NoSuchMethodError'{0x000000008e68d270}: 'java.lang.Object java.lang.invoke.DirectMethodHandle$Holder.invokeStaticInit(java.lang.Object, java.lang.Object, java.lang.Object, java.lang.Object, java.lang.Object, java.lang.Object, java.lang.Object, java.lang.Object, java.lang.Object, java.lang.Object, java.lang.Object, java.lang.Object, java.lang.Object, java.lang.Object, java.lang.Object, java.lang.Object, java.lang.Object, java.lang.Object, java.lang.Object, java.lang.Object, int, java
Event: 36.931 Thread 0x00000136898cec60 Exception <a 'java/lang/IncompatibleClassChangeError'{0x00000000ffbb1350}: Found class java.lang.Object, but interface was expected> (0x00000000ffbb1350) 
thrown [s\src\hotspot\share\interpreter\linkResolver.cpp, line 851]
Event: 36.931 Thread 0x00000136898d0d30 Exception <a 'java/lang/IncompatibleClassChangeError'{0x00000000ffb961c0}: Found class java.lang.Object, but interface was expected> (0x00000000ffb961c0) 
thrown [s\src\hotspot\share\interpreter\linkResolver.cpp, line 851]
Event: 36.931 Thread 0x00000136898d0010 Exception <a 'java/lang/IncompatibleClassChangeError'{0x00000000907a3af8}: Found class java.lang.Object, but interface was expected> (0x00000000907a3af8) 
thrown [s\src\hotspot\share\interpreter\linkResolver.cpp, line 851]
Event: 37.136 Thread 0x00000136898d0010 Exception <a 'java/lang/NoSuchMethodError'{0x000000009048c280}: 'java.lang.Object java.lang.invoke.DirectMethodHandle$Holder.newInvokeSpecial(java.lang.Object, long)'> (0x000000009048c280) 
thrown [s\src\hotspot\share\interpreter\linkResolver.cpp, line 784]
Event: 37.137 Thread 0x00000136898cec60 Exception <a 'java/lang/NoSuchMethodError'{0x00000000ff70a358}: 'java.lang.Object java.lang.invoke.DirectMethodHandle$Holder.newInvokeSpecial(java.lang.Object, long)'> (0x00000000ff70a358) 
thrown [s\src\hotspot\share\interpreter\linkResolver.cpp, line 784]
Event: 37.140 Thread 0x00000136898d0d30 Exception <a 'java/lang/NoSuchMethodError'{0x00000000ffb99ab0}: 'java.lang.Object java.lang.invoke.DirectMethodHandle$Holder.newInvokeSpecial(java.lang.Object, long)'> (0x00000000ffb99ab0) 
thrown [s\src\hotspot\share\interpreter\linkResolver.cpp, line 784]

ZGC Phase Switch (0 events):
No events

VM Operations (20 events):
Event: 36.266 Executing VM operation: G1CollectForAllocation (G1 Evacuation Pause) done
Event: 36.271 Executing VM operation: G1PauseRemark
Event: 36.279 Executing VM operation: G1PauseRemark done
Event: 36.383 Executing VM operation: G1PauseCleanup
Event: 36.384 Executing VM operation: G1PauseCleanup done
Event: 36.455 Executing VM operation: HandshakeAllThreads (Deoptimize)
Event: 36.455 Executing VM operation: HandshakeAllThreads (Deoptimize) done
Event: 36.537 Executing VM operation: G1CollectForAllocation (G1 Evacuation Pause)
Event: 36.548 Executing VM operation: G1CollectForAllocation (G1 Evacuation Pause) done
Event: 36.729 Executing VM operation: G1CollectForAllocation (G1 Evacuation Pause)
Event: 36.736 Executing VM operation: G1CollectForAllocation (G1 Evacuation Pause) done
Event: 36.872 Executing VM operation: HandshakeAllThreads (Deoptimize)
Event: 36.872 Executing VM operation: HandshakeAllThreads (Deoptimize) done
Event: 36.912 Executing VM operation: G1CollectForAllocation (G1 Evacuation Pause)
Event: 36.918 Executing VM operation: G1CollectForAllocation (G1 Evacuation Pause) done
Event: 37.107 Executing VM operation: G1CollectForAllocation (G1 Evacuation Pause)
Event: 37.115 Executing VM operation: G1CollectForAllocation (G1 Evacuation Pause) done
Event: 37.129 Executing VM operation: HandshakeAllThreads (Deoptimize)
Event: 37.130 Executing VM operation: HandshakeAllThreads (Deoptimize) done
Event: 37.144 Executing VM operation: G1PauseRemark

Memory protections (0 events):
No events

Nmethod flushes (20 events):
Event: 37.151 Thread 0x00000136fecaae30 flushing  nmethod 0x00000136eaa98810
Event: 37.151 Thread 0x00000136fecaae30 flushing  nmethod 0x00000136eaa9c510
Event: 37.151 Thread 0x00000136fecaae30 flushing  nmethod 0x00000136eab39310
Event: 37.151 Thread 0x00000136fecaae30 flushing  nmethod 0x00000136eb214b90
Event: 37.151 Thread 0x00000136fecaae30 flushing  nmethod 0x00000136eb313710
Event: 37.151 Thread 0x00000136fecaae30 flushing  nmethod 0x00000136eb31c190
Event: 37.151 Thread 0x00000136fecaae30 flushing  nmethod 0x00000136eb363790
Event: 37.151 Thread 0x00000136fecaae30 flushing  nmethod 0x00000136eb425410
Event: 37.151 Thread 0x00000136fecaae30 flushing  nmethod 0x00000136eb58a510
Event: 37.151 Thread 0x00000136fecaae30 flushing osr nmethod 0x00000136f1e0a090
Event: 37.151 Thread 0x00000136fecaae30 flushing  nmethod 0x00000136ea0fd490
Event: 37.151 Thread 0x00000136fecaae30 flushing  nmethod 0x00000136ea2f1890
Event: 37.151 Thread 0x00000136fecaae30 flushing  nmethod 0x00000136ea42ff10
Event: 37.152 Thread 0x00000136fecaae30 flushing  nmethod 0x00000136eaa10c90
Event: 37.152 Thread 0x00000136fecaae30 flushing  nmethod 0x00000136eaa44910
Event: 37.152 Thread 0x00000136fecaae30 flushing  nmethod 0x00000136eaa7ec90
Event: 37.152 Thread 0x00000136fecaae30 flushing  nmethod 0x00000136eb08e410
Event: 37.152 Thread 0x00000136fecaae30 flushing  nmethod 0x00000136eb2b2b10
Event: 37.152 Thread 0x00000136fecaae30 flushing  nmethod 0x00000136eb592910
Event: 37.152 Thread 0x00000136fecaae30 flushing  nmethod 0x00000136eb59a010

Events (20 events):
Event: 32.786 Thread 0x00000136869aece0 Thread added: 0x0000013687a103e0
Event: 33.209 Thread 0x00000136869aece0 Thread added: 0x0000013687a13860
Event: 33.210 Thread 0x00000136869aece0 Thread added: 0x0000013687a14580
Event: 33.210 Thread 0x00000136869aece0 Thread added: 0x0000013687a0f6c0
Event: 33.211 Thread 0x00000136869aece0 Thread added: 0x0000013687a131d0
Event: 33.211 Thread 0x00000136869aece0 Thread added: 0x0000013687a15930
Event: 33.211 Thread 0x00000136869aece0 Thread added: 0x0000013687a14c10
Event: 33.211 Thread 0x00000136869aece0 Thread added: 0x0000013687a0fd50
Event: 33.378 Thread 0x00000136869aece0 Thread added: 0x0000013687a10a70
Event: 34.276 Thread 0x00000136869aece0 Thread added: 0x0000013687a152a0
Event: 35.073 Thread 0x0000013688f169d0 Thread exited: 0x0000013688f169d0
Event: 35.169 Thread 0x00000136fee60f90 Thread added: 0x000001368962e260
Event: 35.855 Thread 0x0000013687a152a0 Thread added: 0x0000013689ad75a0
Event: 35.865 Thread 0x0000013687a152a0 Thread added: 0x0000013689ad8fe0
Event: 35.871 Loaded shared library C:\Program Files\Android\Android Studio\jbr\bin\rmi.dll
Event: 35.872 Thread 0x0000013687a152a0 Thread added: 0x0000013689ad7c30
Event: 36.310 Thread 0x0000013687a152a0 Thread added: 0x0000013689adb0b0
Event: 36.311 Thread 0x0000013687a152a0 Thread added: 0x0000013689adb740
Event: 36.536 Thread 0x0000013689adb0b0 Thread added: 0x0000013687ed96c0
Event: 36.749 Thread 0x000001368962e260 Thread exited: 0x000001368962e260


Dynamic libraries:
0x00007ff625f10000 - 0x00007ff625f1a000 	C:\Program Files\Android\Android Studio\jbr\bin\java.exe
0x00007ff989750000 - 0x00007ff989967000 	C:\Windows\SYSTEM32\ntdll.dll
0x00007ff988710000 - 0x00007ff9887d4000 	C:\Windows\System32\KERNEL32.DLL
0x00007ff986f40000 - 0x00007ff9872e6000 	C:\Windows\System32\KERNELBASE.dll
0x00007ff983a20000 - 0x00007ff983ab7000 	C:\Windows\SYSTEM32\apphelp.dll
0x00007ff986b90000 - 0x00007ff986ca1000 	C:\Windows\System32\ucrtbase.dll
0x00007ff960340000 - 0x00007ff960358000 	C:\Program Files\Android\Android Studio\jbr\bin\jli.dll
0x00007ff956490000 - 0x00007ff9564ab000 	C:\Program Files\Android\Android Studio\jbr\bin\VCRUNTIME140.dll
0x00007ff988100000 - 0x00007ff9882ae000 	C:\Windows\System32\USER32.dll
0x00007ff986b60000 - 0x00007ff986b86000 	C:\Windows\System32\win32u.dll
0x00007ff987520000 - 0x00007ff987549000 	C:\Windows\System32\GDI32.dll
0x00007ff971c10000 - 0x00007ff971ea3000 	C:\Windows\WinSxS\amd64_microsoft.windows.common-controls_6595b64144ccf1df_6.0.22621.2506_none_270c5ae97388e100\COMCTL32.dll
0x00007ff986e20000 - 0x00007ff986f38000 	C:\Windows\System32\gdi32full.dll
0x00007ff988d50000 - 0x00007ff988df7000 	C:\Windows\System32\msvcrt.dll
0x00007ff986ac0000 - 0x00007ff986b5a000 	C:\Windows\System32\msvcp_win.dll
0x00007ff988000000 - 0x00007ff988031000 	C:\Windows\System32\IMM32.DLL
0x00007ff960590000 - 0x00007ff96059c000 	C:\Program Files\Android\Android Studio\jbr\bin\vcruntime140_1.dll
0x00007ff947b20000 - 0x00007ff947bad000 	C:\Program Files\Android\Android Studio\jbr\bin\msvcp140.dll
0x00007ff910f30000 - 0x00007ff911bb3000 	C:\Program Files\Android\Android Studio\jbr\bin\server\jvm.dll
0x00007ff988040000 - 0x00007ff9880f1000 	C:\Windows\System32\ADVAPI32.dll
0x00007ff988f00000 - 0x00007ff988fa5000 	C:\Windows\System32\sechost.dll
0x00007ff987ee0000 - 0x00007ff987ff7000 	C:\Windows\System32\RPCRT4.dll
0x00007ff987e60000 - 0x00007ff987ed1000 	C:\Windows\System32\WS2_32.dll
0x00007ff97b780000 - 0x00007ff97b78a000 	C:\Windows\SYSTEM32\VERSION.dll
0x00007ff986990000 - 0x00007ff9869dd000 	C:\Windows\SYSTEM32\POWRPROF.dll
0x00007ff97cf70000 - 0x00007ff97cfa4000 	C:\Windows\SYSTEM32\WINMM.dll
0x00007ff986970000 - 0x00007ff986983000 	C:\Windows\SYSTEM32\UMPDC.dll
0x00007ff985aa0000 - 0x00007ff985ab8000 	C:\Windows\SYSTEM32\kernel.appcore.dll
0x00007ff960490000 - 0x00007ff96049a000 	C:\Program Files\Android\Android Studio\jbr\bin\jimage.dll
0x00007ff984370000 - 0x00007ff9845a3000 	C:\Windows\SYSTEM32\DBGHELP.DLL
0x00007ff989230000 - 0x00007ff9895b9000 	C:\Windows\System32\combase.dll
0x00007ff9887f0000 - 0x00007ff9888c7000 	C:\Windows\System32\OLEAUT32.dll
0x00007ff972a40000 - 0x00007ff972a72000 	C:\Windows\SYSTEM32\dbgcore.DLL
0x00007ff987420000 - 0x00007ff98749a000 	C:\Windows\System32\bcryptPrimitives.dll
0x00007ff9832f0000 - 0x00007ff9832fe000 	C:\Program Files\Android\Android Studio\jbr\bin\instrument.dll
0x00007ff934fb0000 - 0x00007ff934fd0000 	C:\Program Files\Android\Android Studio\jbr\bin\java.dll
0x00007ff921c70000 - 0x00007ff921c88000 	C:\Program Files\Android\Android Studio\jbr\bin\zip.dll
0x00007ff987550000 - 0x00007ff987daa000 	C:\Windows\System32\SHELL32.dll
0x00007ff9849c0000 - 0x00007ff9852b6000 	C:\Windows\SYSTEM32\windows.storage.dll
0x00007ff984880000 - 0x00007ff9849be000 	C:\Windows\SYSTEM32\wintypes.dll
0x00007ff988340000 - 0x00007ff988433000 	C:\Windows\System32\SHCORE.dll
0x00007ff9882c0000 - 0x00007ff98831e000 	C:\Windows\System32\shlwapi.dll
0x00007ff9869f0000 - 0x00007ff986a16000 	C:\Windows\SYSTEM32\profapi.dll
0x00007ff95f480000 - 0x00007ff95f490000 	C:\Program Files\Android\Android Studio\jbr\bin\net.dll
0x00007ff97f650000 - 0x00007ff97f787000 	C:\Windows\SYSTEM32\WINHTTP.dll
0x00007ff985f40000 - 0x00007ff985fa9000 	C:\Windows\system32\mswsock.dll
0x00007ff920450000 - 0x00007ff920466000 	C:\Program Files\Android\Android Studio\jbr\bin\nio.dll
0x00007ff94c650000 - 0x00007ff94c660000 	C:\Program Files\Android\Android Studio\jbr\bin\verify.dll
0x00007ff97a880000 - 0x00007ff97a8a7000 	C:\Users\asus\.gradle\native\c067742578af261105cb4f569cf0c3c89f3d7b1fecec35dd04571415982c5e48\windows-amd64\native-platform.dll
0x00007ff9569e0000 - 0x00007ff956b24000 	C:\Users\asus\.gradle\native\38dada09dfb8b06ba9b0570ebf7e218e3eb74d4ef43ca46872605cf95ebc2f47\windows-amd64\native-platform-file-events.dll
0x00007ff955c00000 - 0x00007ff955c09000 	C:\Program Files\Android\Android Studio\jbr\bin\management.dll
0x00007ff9541a0000 - 0x00007ff9541ab000 	C:\Program Files\Android\Android Studio\jbr\bin\management_ext.dll
0x00007ff9886e0000 - 0x00007ff9886e8000 	C:\Windows\System32\PSAPI.DLL
0x00007ff9861a0000 - 0x00007ff9861bb000 	C:\Windows\SYSTEM32\CRYPTSP.dll
0x00007ff985a00000 - 0x00007ff985a35000 	C:\Windows\system32\rsaenh.dll
0x00007ff986030000 - 0x00007ff98605c000 	C:\Windows\SYSTEM32\USERENV.dll
0x00007ff986380000 - 0x00007ff9863a8000 	C:\Windows\SYSTEM32\bcrypt.dll
0x00007ff986190000 - 0x00007ff98619c000 	C:\Windows\SYSTEM32\CRYPTBASE.dll
0x00007ff985520000 - 0x00007ff98554d000 	C:\Windows\SYSTEM32\IPHLPAPI.DLL
0x00007ff9886d0000 - 0x00007ff9886d9000 	C:\Windows\System32\NSI.dll
0x00007ff955fd0000 - 0x00007ff955fd9000 	C:\Program Files\Android\Android Studio\jbr\bin\extnet.dll
0x00007ff981a60000 - 0x00007ff981a68000 	C:\Windows\system32\wshunix.dll
0x00007ff9701b0000 - 0x00007ff9701c7000 	C:\Windows\system32\napinsp.dll
0x00007ff96fbc0000 - 0x00007ff96fbdb000 	C:\Windows\system32\pnrpnsp.dll
0x00007ff985590000 - 0x00007ff985689000 	C:\Windows\SYSTEM32\DNSAPI.dll
0x00007ff9701d0000 - 0x00007ff9701e1000 	C:\Windows\System32\winrnr.dll
0x00007ff97d2b0000 - 0x00007ff97d2c5000 	C:\Windows\system32\wshbth.dll
0x00007ff96f600000 - 0x00007ff96f621000 	C:\Windows\system32\nlansp_c.dll
0x00007ff97ce30000 - 0x00007ff97ce3a000 	C:\Windows\System32\rasadhlp.dll
0x00007ff97cfb0000 - 0x00007ff97d033000 	C:\Windows\System32\fwpuclnt.dll
0x00007ff96fc70000 - 0x00007ff96fc77000 	C:\Program Files\Android\Android Studio\jbr\bin\rmi.dll

dbghelp: loaded successfully - version: 4.0.5 - missing functions: none
symbol engine: initialized successfully - sym options: 0x614 - pdb path: .;C:\Program Files\Android\Android Studio\jbr\bin;C:\Windows\SYSTEM32;C:\Windows\WinSxS\amd64_microsoft.windows.common-controls_6595b64144ccf1df_6.0.22621.2506_none_270c5ae97388e100;C:\Program Files\Android\Android Studio\jbr\bin\server;C:\Users\asus\.gradle\native\c067742578af261105cb4f569cf0c3c89f3d7b1fecec35dd04571415982c5e48\windows-amd64;C:\Users\asus\.gradle\native\38dada09dfb8b06ba9b0570ebf7e218e3eb74d4ef43ca46872605cf95ebc2f47\windows-amd64

VM Arguments:
jvm_args: --add-opens=java.base/java.util=ALL-UNNAMED --add-opens=java.base/java.lang=ALL-UNNAMED --add-opens=java.base/java.lang.invoke=ALL-UNNAMED --add-opens=java.prefs/java.util.prefs=ALL-UNNAMED --add-opens=java.base/java.nio.charset=ALL-UNNAMED --add-opens=java.base/java.net=ALL-UNNAMED --add-opens=java.base/java.util.concurrent.atomic=ALL-UNNAMED -Xmx2048m -Dfile.encoding=UTF-8 -Duser.country=IN -Duser.language=en -Duser.variant -javaagent:C:\Users\asus\.gradle\wrapper\dists\gradle-8.7-bin\bhs2wmbdwecv87pi65oeuq5iu\gradle-8.7\lib\agents\gradle-instrumentation-agent-8.7.jar 
java_command: org.gradle.launcher.daemon.bootstrap.GradleDaemon 8.7
java_class_path (initial): C:\Users\asus\.gradle\wrapper\dists\gradle-8.7-bin\bhs2wmbdwecv87pi65oeuq5iu\gradle-8.7\lib\gradle-launcher-8.7.jar
Launcher Type: SUN_STANDARD

[Global flags]
     intx CICompilerCount                          = 4                                         {product} {ergonomic}
     uint ConcGCThreads                            = 2                                         {product} {ergonomic}
     uint G1ConcRefinementThreads                  = 8                                         {product} {ergonomic}
   size_t G1HeapRegionSize                         = 1048576                                   {product} {ergonomic}
    uintx GCDrainStackTargetSize                   = 64                                        {product} {ergonomic}
   size_t InitialHeapSize                          = 130023424                                 {product} {ergonomic}
   size_t MarkStackSize                            = 4194304                                   {product} {ergonomic}
   size_t MaxHeapSize                              = 2147483648                                {product} {command line}
   size_t MaxNewSize                               = 1287651328                                {product} {ergonomic}
   size_t MinHeapDeltaBytes                        = 1048576                                   {product} {ergonomic}
   size_t MinHeapSize                              = 8388608                                   {product} {ergonomic}
    uintx NonNMethodCodeHeapSize                   = 5839372                                {pd product} {ergonomic}
    uintx NonProfiledCodeHeapSize                  = 122909434                              {pd product} {ergonomic}
    uintx ProfiledCodeHeapSize                     = 122909434                              {pd product} {ergonomic}
    uintx ReservedCodeCacheSize                    = 251658240                              {pd product} {ergonomic}
     bool SegmentedCodeCache                       = true                                      {product} {ergonomic}
   size_t SoftMaxHeapSize                          = 2147483648                             {manageable} {ergonomic}
     bool UseCompressedOops                        = true                           {product lp64_product} {ergonomic}
     bool UseG1GC                                  = true                                      {product} {ergonomic}
     bool UseLargePagesIndividualAllocation        = false                                  {pd product} {ergonomic}

Logging:
Log output configuration:
 #0: stdout all=warning uptime,level,tags foldmultilines=false
 #1: stderr all=off uptime,level,tags foldmultilines=false

Environment Variables:
PATH=C:\Windows\system32;C:\Windows;C:\Windows\System32\Wbem;C:\Windows\System32\WindowsPowerShell\v1.0\;C:\Windows\System32\OpenSSH\;C:\Program Files\Git\cmd;C:\Users\asus\AppData\Local\Microsoft\WindowsApps;
USERNAME=asus
OS=Windows_NT
PROCESSOR_IDENTIFIER=Intel64 Family 6 Model 140 Stepping 1, GenuineIntel
TMP=C:\Users\asus\AppData\Local\Temp
TEMP=C:\Users\asus\AppData\Local\Temp




Periodic native trim disabled

JNI global refs:
JNI global refs: 27, weak refs: 0

JNI global refs memory usage: 835, weak refs: 833

Process memory usage:
Resident Set Size: 556956K (6% of 8074028K total physical memory with 325540K free physical memory)

OOME stack traces (most recent first):
Classloader memory used:
Loader org.gradle.internal.classloader.VisitableURLClassLoader                         : 41659K
Loader org.gradle.internal.classloader.VisitableURLClassLoader$InstrumentingVisitableURLClassLoader: 32837K
Loader bootstrap                                                                       : 29691K
Loader org.gradle.initialization.MixInLegacyTypesClassLoader                           : 11711K
Loader jdk.internal.loader.ClassLoaders$PlatformClassLoader                            : 529K
Loader jdk.internal.reflect.DelegatingClassLoader                                      : 509K
Loader org.gradle.internal.classloader.VisitableURLClassLoader                         : 235K
Loader jdk.internal.loader.ClassLoaders$AppClassLoader                                 : 230K

Classes loaded by more than one classloader:
Class Program                                                                         : loaded 5 times (x 68B)
Class Build_gradle                                                                    : loaded 3 times (x 126B)
Class Build_gradle$1                                                                  : loaded 3 times (x 70B)
Class org.gradle.internal.classloader.FilteringClassLoader                            : loaded 2 times (x 101B)
Class [Lcom.google.common.base.AbstractIterator$State;                                : loaded 2 times (x 65B)
Class com.google.common.base.CharMatcher$IsEither                                     : loaded 2 times (x 107B)
Class org.gradle.internal.classloader.ClassLoaderHierarchy                            : loaded 2 times (x 66B)
Class com.google.common.collect.ImmutableEnumSet                                      : loaded 2 times (x 142B)
Class com.google.common.util.concurrent.ExecutionError                                : loaded 2 times (x 78B)
Class com.google.common.collect.ImmutableList$1                                       : loaded 2 times (x 93B)
Class org.gradle.api.internal.classpath.ManifestUtil                                  : loaded 2 times (x 67B)
Class com.google.common.io.ByteArrayDataOutput                                        : loaded 2 times (x 66B)
Class com.google.common.collect.RegularImmutableMap                                   : loaded 2 times (x 117B)
Class com.google.common.collect.ImmutableMap$MapViewOfValuesAsSingletonSets           : loaded 2 times (x 121B)
Class [Lorg.objectweb.asm.Symbol;                                                     : loaded 2 times (x 65B)
Class org.objectweb.asm.ClassVisitor                                                  : loaded 2 times (x 84B)
Class com.google.common.collect.UnmodifiableListIterator                              : loaded 2 times (x 91B)
Class org.objectweb.asm.MethodTooLargeException                                       : loaded 2 times (x 79B)
Class [Lcom.google.common.cache.CacheBuilder$OneWeigher;                              : loaded 2 times (x 65B)
Class com.google.common.base.Suppliers                                                : loaded 2 times (x 67B)
Class com.google.common.base.Platform$JdkPatternCompiler                              : loaded 2 times (x 71B)
Class org.gradle.internal.classloader.DefaultClassLoaderFactory                       : loaded 2 times (x 78B)
Class com.google.common.base.CharMatcher$None                                         : loaded 2 times (x 108B)
Class org.gradle.internal.classloader.ClassLoaderVisitor                              : loaded 2 times (x 72B)
Class [Lcom.google.common.collect.ImmutableMapEntry;                                  : loaded 2 times (x 65B)
Class org.gradle.api.internal.classpath.EffectiveClassPath                            : loaded 2 times (x 86B)
Class com.google.common.collect.ImmutableRangeSet                                     : loaded 2 times (x 111B)
Class com.google.common.collect.ImmutableEnumMap                                      : loaded 2 times (x 121B)
Class com.google.common.collect.ListMultimap                                          : loaded 2 times (x 66B)
Class com.google.common.collect.ImmutableSet$SerializedForm                           : loaded 2 times (x 69B)
Class com.google.common.collect.Sets$1                                                : loaded 2 times (x 135B)
Class org.objectweb.asm.AnnotationVisitor                                             : loaded 2 times (x 74B)
Class com.google.common.base.Splitter                                                 : loaded 2 times (x 68B)
Class org.gradle.api.internal.DefaultClassPathProvider                                : loaded 2 times (x 72B)
Class com.google.common.collect.Sets$2                                                : loaded 2 times (x 135B)
Class [Lorg.gradle.api.internal.ClassPathProvider;                                    : loaded 2 times (x 65B)
Class org.gradle.api.internal.ClassPathProvider                                       : loaded 2 times (x 66B)
Class [Lorg.objectweb.asm.AnnotationVisitor;                                          : loaded 2 times (x 65B)
Class com.google.common.collect.Sets$3                                                : loaded 2 times (x 135B)
Class com.google.common.util.concurrent.AbstractFuture$SafeAtomicHelper               : loaded 2 times (x 75B)
Class com.google.common.cache.LocalCache$LocalLoadingCache                            : loaded 2 times (x 130B)
Class com.google.common.base.AbstractIterator$State                                   : loaded 2 times (x 75B)
Class org.gradle.internal.service.UnknownServiceException                             : loaded 2 times (x 79B)
Class com.google.common.io.ByteArrayDataInput                                         : loaded 2 times (x 66B)
Class com.google.common.collect.Sets$4                                                : loaded 2 times (x 135B)
Class org.objectweb.asm.ModuleVisitor                                                 : loaded 2 times (x 77B)
Class com.google.common.cache.LocalCache$Strength$1                                   : loaded 2 times (x 77B)
Class com.google.common.util.concurrent.SettableFuture                                : loaded 2 times (x 110B)
Class com.google.common.cache.LocalCache$Strength$2                                   : loaded 2 times (x 77B)
Class com.google.common.io.ByteStreams                                                : loaded 2 times (x 67B)
Class com.google.common.cache.LocalCache$Strength$3                                   : loaded 2 times (x 77B)
Class com.google.common.collect.MapDifference                                         : loaded 2 times (x 66B)
Class com.google.common.base.Splitter$1                                               : loaded 2 times (x 73B)
Class org.objectweb.asm.FieldWriter                                                   : loaded 2 times (x 74B)
Class com.google.common.cache.CacheBuilder$NullListener                               : loaded 2 times (x 78B)
Class org.gradle.internal.classpath.TransformedClassPath                              : loaded 2 times (x 92B)
Class com.google.common.collect.ImmutableRangeSet$AsSet                               : loaded 2 times (x 295B)
Class com.google.common.cache.CacheLoader$FunctionToCacheLoader                       : loaded 2 times (x 71B)
Class com.google.common.collect.Iterators$ArrayItr                                    : loaded 2 times (x 93B)
Class com.google.common.collect.ImmutableCollection$Builder                           : loaded 2 times (x 72B)
Class com.google.common.base.Joiner                                                   : loaded 2 times (x 75B)
Class com.google.common.base.MoreObjects                                              : loaded 2 times (x 67B)
Class [Lorg.objectweb.asm.Type;                                                       : loaded 2 times (x 65B)
Class com.google.common.collect.Platform                                              : loaded 2 times (x 67B)
Class com.google.common.collect.UnmodifiableIterator                                  : loaded 2 times (x 76B)
Class org.gradle.internal.service.ServiceLocator                                      : loaded 2 times (x 66B)
Class com.google.common.base.Ascii                                                    : loaded 2 times (x 67B)
Class com.google.common.collect.SingletonImmutableBiMap                               : loaded 2 times (x 139B)
Class com.google.common.cache.LocalCache$1                                            : loaded 2 times (x 85B)
Class com.google.common.collect.AbstractMapEntry                                      : loaded 2 times (x 77B)
Class com.google.common.collect.Sets$ImprovedAbstractSet                              : loaded 2 times (x 131B)
Class com.google.common.collect.ImmutableList$Builder                                 : loaded 2 times (x 73B)
Class com.google.common.cache.LocalCache$2                                            : loaded 2 times (x 138B)
Class com.google.common.collect.AbstractMultimap                                      : loaded 2 times (x 119B)
Class com.google.common.collect.ImmutableRangeSet$1                                   : loaded 2 times (x 205B)
Class com.google.common.util.concurrent.AbstractFuture$UnsafeAtomicHelper$1           : loaded 2 times (x 72B)
Class com.google.common.collect.RegularImmutableAsList                                : loaded 2 times (x 212B)
Class com.google.common.collect.Range                                                 : loaded 2 times (x 83B)
Class com.google.common.util.concurrent.AbstractFuture$Trusted                        : loaded 2 times (x 66B)
Class com.google.common.collect.Iterators                                             : loaded 2 times (x 67B)
Class com.google.common.base.CharMatcher$RangesMatcher                                : loaded 2 times (x 108B)
Class com.google.common.util.concurrent.UncheckedExecutionException                   : loaded 2 times (x 78B)
Class com.google.common.collect.Lists$StringAsImmutableList                           : loaded 2 times (x 203B)
Class org.gradle.kotlin.dsl.VersionCatalogAccessorsKt                                 : loaded 2 times (x 67B)
Class com.google.common.collect.ImmutableSortedSetFauxverideShim                      : loaded 2 times (x 143B)
Class com.google.common.base.CharMatcher$JavaLetterOrDigit                            : loaded 2 times (x 107B)
Class org.gradle.internal.InternalTransformer                                         : loaded 2 times (x 66B)
Class com.google.common.collect.AbstractMapBasedMultimap$KeySet$1                     : loaded 2 times (x 78B)
Class org.objectweb.asm.ClassWriter                                                   : loaded 2 times (x 102B)
Class com.google.common.cache.CacheLoader$UnsupportedLoadingOperationException        : loaded 2 times (x 78B)
Class com.google.common.base.CharMatcher$And                                          : loaded 2 times (x 108B)
Class org.gradle.internal.classloader.ClasspathUtil$1                                 : loaded 2 times (x 72B)
Class com.google.common.base.Objects                                                  : loaded 2 times (x 67B)
Class org.objectweb.asm.FieldVisitor                                                  : loaded 2 times (x 73B)
Class com.google.common.collect.IndexedImmutableSet                                   : loaded 2 times (x 146B)
Class com.google.common.collect.ImmutableMap$1                                        : loaded 2 times (x 77B)
Class com.google.common.collect.BiMap                                                 : loaded 2 times (x 66B)
Class org.gradle.api.internal.classpath.DefaultModuleRegistry$DefaultModule           : loaded 2 times (x 82B)
Class com.google.common.primitives.Ints                                               : loaded 2 times (x 67B)
Class com.google.common.collect.AbstractIterator                                      : loaded 2 times (x 78B)
Class com.google.common.math.MathPreconditions                                        : loaded 2 times (x 67B)
Class com.google.common.collect.RegularImmutableMap$KeySet                            : loaded 2 times (x 146B)
Class com.google.common.collect.ArrayListMultimapGwtSerializationDependencies         : loaded 2 times (x 168B)
Class com.google.common.collect.ObjectArrays                                          : loaded 2 times (x 67B)
Class com.google.common.collect.AbstractIndexedListIterator                           : loaded 2 times (x 92B)
Class com.google.common.collect.ImmutableMapEntrySet                                  : loaded 2 times (x 147B)
Class org.gradle.api.internal.classpath.Module                                        : loaded 2 times (x 66B)
Class com.google.common.cache.Weigher                                                 : loaded 2 times (x 66B)
Class org.gradle.api.internal.classpath.UnknownModuleException                        : loaded 2 times (x 78B)
Class org.gradle.cache.GlobalCache                                                    : loaded 2 times (x 66B)
Class com.google.common.base.Stopwatch                                                : loaded 2 times (x 68B)
Class com.google.common.cache.LocalCache$Strength                                     : loaded 2 times (x 77B)
Class com.google.common.cache.Cache                                                   : loaded 2 times (x 66B)
Class com.google.common.util.concurrent.AbstractFuture$Cancellation                   : loaded 2 times (x 68B)
Class com.google.common.collect.ImmutableMap$Builder                                  : loaded 2 times (x 78B)
Class com.google.common.base.NullnessCasts                                            : loaded 2 times (x 67B)
Class com.google.common.cache.RemovalListener                                         : loaded 2 times (x 66B)
Class org.gradle.api.internal.DefaultClassPathRegistry                                : loaded 2 times (x 72B)
Class com.google.common.primitives.IntsMethodsForWeb                                  : loaded 2 times (x 67B)
Class com.google.common.collect.Multimap                                              : loaded 2 times (x 66B)
Class org.gradle.api.internal.ClassPathRegistry                                       : loaded 2 times (x 66B)
Class org.gradle.internal.classpath.DefaultClassPath$ImmutableUniqueList              : loaded 2 times (x 195B)
Class com.google.common.base.ExtraObjectsMethodsForWeb                                : loaded 2 times (x 67B)
Class com.google.common.base.PairwiseEquivalence                                      : loaded 2 times (x 79B)
Class com.google.common.cache.CacheBuilder                                            : loaded 2 times (x 68B)
Class com.google.common.collect.SingletonImmutableList                                : loaded 2 times (x 203B)
Class Settings_gradle$1                                                               : loaded 2 times (x 70B)
Class org.gradle.internal.classpath.ClassPath                                         : loaded 2 times (x 66B)
Class org.gradle.api.UncheckedIOException                                             : loaded 2 times (x 78B)
Class com.google.common.collect.ImmutableList$ReverseImmutableList                    : loaded 2 times (x 204B)
Class com.google.common.base.JdkPattern                                               : loaded 2 times (x 71B)
Class org.objectweb.asm.SymbolTable$Entry                                             : loaded 2 times (x 70B)
Class com.google.common.util.concurrent.AbstractFuture$AtomicHelper                   : loaded 2 times (x 74B)
Class org.objectweb.asm.Edge                                                          : loaded 2 times (x 68B)
Class com.google.common.base.Suppliers$SupplierOfInstance                             : loaded 2 times (x 75B)
Class com.google.common.collect.Iterators$1                                           : loaded 2 times (x 77B)
Class com.google.common.cache.LocalCache$ComputingValueReference                      : loaded 2 times (x 92B)
Class com.google.common.collect.SingletonImmutableSet                                 : loaded 2 times (x 142B)
Class com.google.common.collect.ImmutableMap$IteratorBasedImmutableMap                : loaded 2 times (x 121B)
Class com.google.common.cache.LocalCache$Segment                                      : loaded 2 times (x 150B)
Class com.google.common.collect.SortedIterable                                        : loaded 2 times (x 66B)
Class [Lorg.objectweb.asm.SymbolTable$Entry;                                          : loaded 2 times (x 65B)
Class com.google.common.cache.CacheLoader                                             : loaded 2 times (x 70B)
Class com.google.common.collect.Iterators$4                                           : loaded 2 times (x 78B)
Class com.google.common.collect.ImmutableBiMap                                        : loaded 2 times (x 139B)
Class com.google.common.collect.AbstractListMultimap                                  : loaded 2 times (x 168B)
Class org.gradle.internal.installation.GradleInstallation$1                           : loaded 2 times (x 71B)
Class org.gradle.api.internal.classpath.ModuleRegistry                                : loaded 2 times (x 66B)
Class com.google.common.util.concurrent.internal.InternalFutureFailureAccess          : loaded 2 times (x 68B)
Class com.google.common.collect.Iterators$5                                           : loaded 2 times (x 78B)
Class com.google.common.collect.ImmutableSet$JdkBackedSetBuilderImpl                  : loaded 2 times (x 72B)
Class com.google.common.base.Splitter$SplittingIterator                               : loaded 2 times (x 80B)
Class com.google.common.io.Closer$SuppressingSuppressor                               : loaded 2 times (x 71B)
Class com.google.common.util.concurrent.AbstractFuture$UnsafeAtomicHelper             : loaded 2 times (x 74B)
Class com.google.common.cache.LocalCache$LocalManualCache$1                           : loaded 2 times (x 71B)
Class com.google.common.base.CharMatcher$ForPredicate                                 : loaded 2 times (x 108B)
Class com.google.common.collect.ImmutableCollection                                   : loaded 2 times (x 121B)
Class com.google.common.base.CharMatcher$AnyOf                                        : loaded 2 times (x 108B)
Class org.gradle.api.internal.classpath.DefaultModuleRegistry                         : loaded 2 times (x 82B)
Class com.google.common.util.concurrent.ListenableFuture                              : loaded 2 times (x 66B)
Class com.google.common.cache.ReferenceEntry                                          : loaded 2 times (x 66B)
Class com.google.common.collect.ImmutableSet$CachingAsList                            : loaded 2 times (x 143B)
Class com.google.common.base.Converter                                                : loaded 2 times (x 86B)
Class com.google.common.collect.Lists                                                 : loaded 2 times (x 67B)
Class com.google.common.base.CharMatcher$Any                                          : loaded 2 times (x 108B)
Class com.google.common.util.concurrent.AbstractFuture                                : loaded 2 times (x 102B)
Class com.google.common.base.FunctionalEquivalence                                    : loaded 2 times (x 79B)
Class com.google.common.collect.Iterators$9                                           : loaded 2 times (x 77B)
Class com.google.common.collect.AbstractMapBasedMultimap                              : loaded 2 times (x 135B)
Class com.google.common.collect.ImmutableAsList                                       : loaded 2 times (x 205B)
Class org.objectweb.asm.RecordComponentVisitor                                        : loaded 2 times (x 73B)
Class com.google.common.cache.CacheLoader$SupplierToCacheLoader                       : loaded 2 times (x 71B)
Class com.google.common.collect.Maps$EntryTransformer                                 : loaded 2 times (x 66B)
Class org.gradle.internal.service.ServiceLookupException                              : loaded 2 times (x 78B)
Class com.google.common.collect.ImmutableSortedSet                                    : loaded 2 times (x 295B)
Class [Lcom.google.common.cache.LocalCache$EntryFactory;                              : loaded 2 times (x 65B)
Class com.google.common.base.CharMatcher$JavaLetter                                   : loaded 2 times (x 107B)
Class org.gradle.internal.classloader.ClassLoaderFactory                              : loaded 2 times (x 66B)
Class com.google.common.cache.LocalCache$LocalManualCache                             : loaded 2 times (x 95B)
Class com.google.common.base.CharMatcher$IsNot                                        : loaded 2 times (x 107B)
Class com.google.common.base.CommonPattern                                            : loaded 2 times (x 70B)
Class org.gradle.internal.service.CachingServiceLocator                               : loaded 2 times (x 78B)
Class com.google.common.collect.AbstractMapBasedMultimap$KeySet                       : loaded 2 times (x 133B)
Class com.google.common.collect.RegularImmutableSortedSet                             : loaded 2 times (x 295B)
Class com.google.common.math.IntMath                                                  : loaded 2 times (x 67B)
Class com.google.common.collect.Iterators$10                                          : loaded 2 times (x 77B)
Class com.google.common.collect.ImmutableMapEntry                                     : loaded 2 times (x 81B)
Class com.google.common.base.CharMatcher$JavaDigit                                    : loaded 2 times (x 107B)
Class com.google.common.base.Equivalence                                              : loaded 2 times (x 78B)
Class com.google.common.collect.ImmutableMapEntry$NonTerminalImmutableMapEntry        : loaded 2 times (x 81B)
Class com.google.common.base.Function                                                 : loaded 2 times (x 66B)
Class com.google.common.cache.CacheBuilder$OneWeigher                                 : loaded 2 times (x 78B)
Class com.google.common.collect.RegularImmutableList                                  : loaded 2 times (x 208B)
Class com.google.common.collect.ImmutableBiMapFauxverideShim                          : loaded 2 times (x 116B)
Class org.gradle.internal.classloader.ClasspathUtil                                   : loaded 2 times (x 67B)
Class com.google.common.base.Charsets                                                 : loaded 2 times (x 67B)
Class com.google.common.util.concurrent.Uninterruptibles                              : loaded 2 times (x 67B)
Class com.google.common.collect.Maps                                                  : loaded 2 times (x 67B)
Class com.google.common.base.CharMatcher$JavaUpperCase                                : loaded 2 times (x 107B)
Class org.gradle.api.specs.Spec                                                       : loaded 2 times (x 66B)
Class [Lcom.google.common.collect.ImmutableEntry;                                     : loaded 2 times (x 65B)
Class com.google.common.cache.LocalCache$LoadingValueReference                        : loaded 2 times (x 92B)
Class com.google.common.collect.Multiset                                              : loaded 2 times (x 66B)
Class com.google.common.base.Platform                                                 : loaded 2 times (x 67B)
Class [Lorg.objectweb.asm.AnnotationWriter;                                           : loaded 2 times (x 65B)
Class com.google.common.primitives.Ints$IntConverter                                  : loaded 2 times (x 86B)
Class com.google.common.collect.Maps$8                                                : loaded 2 times (x 78B)
Class com.google.common.collect.ImmutableRangeSet$Builder                             : loaded 2 times (x 73B)
Class com.google.common.collect.Sets$SetView                                          : loaded 2 times (x 134B)
Class com.google.common.cache.LocalCache$StrongValueReference                         : loaded 2 times (x 86B)
Class com.google.common.util.concurrent.AbstractFuture$SynchronizedHelper             : loaded 2 times (x 74B)
Class com.google.common.base.CharMatcher$Invisible                                    : loaded 2 times (x 108B)
Class org.objectweb.asm.Type                                                          : loaded 2 times (x 68B)
Class org.gradle.internal.classloader.VisitableURLClassLoader$InstrumentingVisitableURLClassLoader: loaded 2 times (x 119B)
Class org.objectweb.asm.ByteVector                                                    : loaded 2 times (x 75B)
Class [Lcom.google.common.cache.CacheBuilder$NullListener;                            : loaded 2 times (x 65B)
Class com.google.common.math.IntMath$1                                                : loaded 2 times (x 67B)
Class org.gradle.internal.classloader.VisitableURLClassLoader$Spec                    : loaded 2 times (x 70B)
Class org.gradle.internal.classpath.DefaultClassPath                                  : loaded 2 times (x 86B)
Class org.objectweb.asm.Symbol                                                        : loaded 2 times (x 69B)
Class com.google.common.base.AbstractIterator                                         : loaded 2 times (x 76B)
Class com.google.common.io.Closer                                                     : loaded 2 times (x 74B)
Class com.google.common.collect.RegularImmutableMap$Values                            : loaded 2 times (x 203B)
Class com.google.common.collect.ImmutableSet                                          : loaded 2 times (x 141B)
Class com.google.common.base.CharMatcher$Ascii                                        : loaded 2 times (x 108B)
Class com.google.common.base.CharMatcher$BitSetMatcher                                : loaded 2 times (x 108B)
Class org.gradle.internal.classloader.ClassLoaderSpec                                 : loaded 2 times (x 67B)
Class org.objectweb.asm.AnnotationWriter                                              : loaded 2 times (x 75B)
Class com.google.common.cache.CacheStats                                              : loaded 2 times (x 67B)
Class com.google.common.io.Closer$Suppressor                                          : loaded 2 times (x 66B)
Class org.objectweb.asm.RecordComponentWriter                                         : loaded 2 times (x 74B)
Class com.google.common.util.concurrent.AbstractFuture$Listener                       : loaded 2 times (x 68B)
Class com.google.common.base.CharMatcher$Or                                           : loaded 2 times (x 108B)
Class Settings_gradle$1$1                                                             : loaded 2 times (x 70B)
Class org.objectweb.asm.Attribute                                                     : loaded 2 times (x 73B)
Class com.google.common.base.Supplier                                                 : loaded 2 times (x 66B)
Class org.gradle.internal.classloader.VisitableURLClassLoader                         : loaded 2 times (x 113B)
Class com.google.common.util.concurrent.AbstractFuture$Waiter                         : loaded 2 times (x 68B)
Class Settings_gradle                                                                 : loaded 2 times (x 124B)
Class org.gradle.internal.Cast                                                        : loaded 2 times (x 67B)
Class org.gradle.api.Action                                                           : loaded 2 times (x 66B)
Class com.google.common.collect.Sets                                                  : loaded 2 times (x 67B)
Class org.objectweb.asm.Handler                                                       : loaded 2 times (x 68B)
Class com.google.common.base.Ticker                                                   : loaded 2 times (x 68B)
Class com.google.common.base.Strings                                                  : loaded 2 times (x 67B)
Class com.google.common.base.CharMatcher$FastMatcher                                  : loaded 2 times (x 107B)
Class org.gradle.internal.agents.InstrumentingClassLoader                             : loaded 2 times (x 66B)
Class [Lcom.google.common.cache.LocalCache$Segment;                                   : loaded 2 times (x 65B)
Class [Lcom.google.common.cache.LocalCache$Strength;                                  : loaded 2 times (x 65B)
Class com.google.common.cache.CacheBuilder$1                                          : loaded 2 times (x 81B)
Class com.google.common.collect.ImmutableMap                                          : loaded 2 times (x 116B)
Class com.google.common.base.Predicate                                                : loaded 2 times (x 66B)
Class org.gradle.internal.classpath.DefaultClassPath$ImmutableUniqueList$Builder      : loaded 2 times (x 71B)
Class com.google.common.collect.AbstractRangeSet                                      : loaded 2 times (x 110B)
Class com.google.common.cache.LocalCache                                              : loaded 2 times (x 183B)
Class com.google.common.cache.CacheBuilder$2                                          : loaded 2 times (x 68B)
Class com.google.common.base.CharMatcher$NegatedFastMatcher                           : loaded 2 times (x 109B)
Class [Lcom.google.common.collect.AbstractMapEntry;                                   : loaded 2 times (x 65B)
Class com.google.common.collect.ImmutableEntry                                        : loaded 2 times (x 78B)
Class com.google.common.collect.ArrayListMultimap                                     : loaded 2 times (x 168B)
Class com.google.common.base.AbstractIterator$1                                       : loaded 2 times (x 67B)
Class com.google.common.base.CharMatcher$Digit                                        : loaded 2 times (x 108B)
Class org.gradle.api.GradleException                                                  : loaded 2 times (x 78B)
Class com.google.common.base.Suppliers$MemoizingSupplier                              : loaded 2 times (x 75B)
Class com.google.common.collect.CollectPreconditions                                  : loaded 2 times (x 67B)
Class com.google.common.base.CharMatcher$JavaIsoControl                               : loaded 2 times (x 108B)
Class com.google.common.collect.SortedMapDifference                                   : loaded 2 times (x 66B)
Class com.google.common.base.CharMatcher$JavaLowerCase                                : loaded 2 times (x 107B)
Class com.google.common.cache.LocalCache$EntryFactory                                 : loaded 2 times (x 79B)
Class com.google.common.cache.LocalCache$AbstractReferenceEntry                       : loaded 2 times (x 103B)
Class com.google.common.base.Splitter$1$1                                             : loaded 2 times (x 82B)
Class com.google.common.base.CharMatcher$Whitespace                                   : loaded 2 times (x 108B)
Class org.gradle.internal.IoActions                                                   : loaded 2 times (x 67B)
Class com.google.common.collect.ImmutableRangeSet$ComplementRanges                    : loaded 2 times (x 203B)
Class org.objectweb.asm.SymbolTable                                                   : loaded 2 times (x 68B)
Class com.google.common.cache.CacheLoader$InvalidCacheLoadException                   : loaded 2 times (x 78B)
Class com.google.common.collect.ImmutableSet$RegularSetBuilderImpl                    : loaded 2 times (x 73B)
Class com.google.common.base.CharMatcher$SingleWidth                                  : loaded 2 times (x 108B)
Class org.gradle.internal.classloader.SystemClassLoaderSpec                           : loaded 2 times (x 67B)
Class com.google.common.cache.LocalCache$StrongEntry                                  : loaded 2 times (x 104B)
Class com.google.common.util.concurrent.AbstractFuture$TrustedFuture                  : loaded 2 times (x 110B)
Class com.google.common.cache.LoadingCache                                            : loaded 2 times (x 66B)
Class com.google.common.io.ByteStreams$LimitedInputStream                             : loaded 2 times (x 88B)
Class com.google.common.base.Suppliers$NonSerializableMemoizingSupplier               : loaded 2 times (x 75B)
Class org.objectweb.asm.MethodWriter                                                  : loaded 2 times (x 102B)
Class [Lcom.google.common.cache.Weigher;                                              : loaded 2 times (x 65B)
Class com.google.common.collect.RegularImmutableMap$BucketOverflowException           : loaded 2 times (x 78B)
Class com.google.common.collect.RegularImmutableBiMap                                 : loaded 2 times (x 144B)
Class com.google.common.cache.LocalCache$ValueReference                               : loaded 2 times (x 66B)
Class com.google.common.base.CharMatcher$Is                                           : loaded 2 times (x 107B)
Class com.google.common.base.CharMatcher$Negated                                      : loaded 2 times (x 109B)
Class com.google.common.util.concurrent.AbstractFuture$Failure                        : loaded 2 times (x 68B)
Class com.google.common.base.Equivalence$Equals                                       : loaded 2 times (x 78B)
Class com.google.common.collect.Hashing                                               : loaded 2 times (x 67B)
Class com.google.common.base.PatternCompiler                                          : loaded 2 times (x 66B)
Class com.google.common.base.Preconditions                                            : loaded 2 times (x 67B)
Class com.google.common.base.Joiner$1                                                 : loaded 2 times (x 76B)
Class org.objectweb.asm.Label                                                         : loaded 2 times (x 69B)
Class org.objectweb.asm.CurrentFrame                                                  : loaded 2 times (x 69B)
Class org.objectweb.asm.ClassTooLargeException                                        : loaded 2 times (x 79B)
Class com.google.common.collect.PeekingIterator                                       : loaded 2 times (x 66B)
Class com.google.common.base.CharMatcher                                              : loaded 2 times (x 107B)
Class com.google.common.collect.RangeGwtSerializationDependencies                     : loaded 2 times (x 67B)
Class com.google.common.base.Joiner$2                                                 : loaded 2 times (x 75B)
Class org.objectweb.asm.Frame                                                         : loaded 2 times (x 69B)
Class org.objectweb.asm.MethodVisitor                                                 : loaded 2 times (x 101B)
Class com.google.common.cache.LocalCache$EntryFactory$1                               : loaded 2 times (x 79B)
Class [Lcom.google.common.cache.RemovalListener;                                      : loaded 2 times (x 65B)
Class com.google.common.base.CharMatcher$1                                            : loaded 2 times (x 109B)
Class com.google.common.base.CharMatcher$NamedFastMatcher                             : loaded 2 times (x 108B)
Class com.google.common.collect.RangeSet                                              : loaded 2 times (x 66B)
Class com.google.common.cache.LocalCache$EntryFactory$2                               : loaded 2 times (x 79B)
Class com.google.common.collect.CollectCollectors                                     : loaded 2 times (x 67B)
Class org.objectweb.asm.ModuleWriter                                                  : loaded 2 times (x 78B)
Class com.google.common.cache.LocalCache$EntryFactory$3                               : loaded 2 times (x 79B)
Class com.google.common.base.Ticker$1                                                 : loaded 2 times (x 68B)
Class com.google.common.collect.ImmutableMapEntrySet$RegularEntrySet                  : loaded 2 times (x 147B)
Class com.google.common.collect.Maps$BiMapConverter                                   : loaded 2 times (x 86B)
Class com.google.common.cache.LocalCache$EntryFactory$4                               : loaded 2 times (x 79B)
Class com.google.common.collect.ImmutableSet$Builder                                  : loaded 2 times (x 81B)
Class com.google.common.base.CharMatcher$InRange                                      : loaded 2 times (x 107B)
Class com.google.common.io.ByteStreams$1                                              : loaded 2 times (x 81B)
Class com.google.common.cache.LocalCache$EntryFactory$5                               : loaded 2 times (x 79B)
Class com.google.common.base.Equivalence$Identity                                     : loaded 2 times (x 78B)
Class com.google.common.cache.LocalCache$EntryFactory$6                               : loaded 2 times (x 79B)
Class org.gradle.internal.installation.CurrentGradleInstallationLocator               : loaded 2 times (x 67B)
Class com.google.common.collect.Maps$KeySet                                           : loaded 2 times (x 133B)
Class com.google.common.cache.LocalCache$EntryFactory$7                               : loaded 2 times (x 79B)
Class com.google.common.collect.ImmutableSet$EmptySetBuilderImpl                      : loaded 2 times (x 72B)
Class com.google.common.collect.ImmutableList                                         : loaded 2 times (x 202B)
Class org.gradle.internal.service.DefaultServiceLocator                               : loaded 2 times (x 79B)
Class com.google.common.cache.LocalCache$EntryFactory$8                               : loaded 2 times (x 79B)
Class com.google.common.collect.ImmutableSet$SetBuilderImpl                           : loaded 2 times (x 72B)
Class org.gradle.internal.installation.CurrentGradleInstallation                      : loaded 2 times (x 69B)
Class com.google.common.cache.CacheLoader$1                                           : loaded 2 times (x 71B)
Class com.google.common.collect.ForwardingObject                                      : loaded 2 times (x 68B)
Class com.google.common.collect.ImmutableList$SubList                                 : loaded 2 times (x 204B)
Class org.gradle.util.internal.GUtil                                                  : loaded 2 times (x 67B)
Class com.google.common.util.concurrent.AbstractFuture$SetFuture                      : loaded 2 times (x 71B)
Class com.google.common.cache.AbstractCache$StatsCounter                              : loaded 2 times (x 66B)
Class com.google.common.collect.Iterators$MergingIterator                             : loaded 2 times (x 77B)
Class com.google.common.collect.RegularImmutableSet                                   : loaded 2 times (x 144B)
Class org.gradle.internal.installation.GradleInstallation                             : loaded 2 times (x 71B)
Class com.google.common.collect.Iterables                                             : loaded 2 times (x 67B)
Class com.google.common.base.Splitter$Strategy                                        : loaded 2 times (x 66B)

---------------  S Y S T E M  ---------------

OS:
 Windows 11 , 64 bit Build 22621 (10.0.22621.2506)
OS uptime: 1 days 21:02 hours

CPU: total 8 (initial active 8) (4 cores per cpu, 2 threads per core) family 6 model 140 stepping 1 microcode 0x86, cx8, cmov, fxsr, ht, mmx, 3dnowpref, sse, sse2, sse3, ssse3, sse4.1, sse4.2, popcnt, lzcnt, tsc, tscinvbit, avx, avx2, aes, erms, clmul, bmi1, bmi2, adx, avx512f, avx512dq, avx512cd, avx512bw, avx512vl, sha, fma, vzeroupper, avx512_vpopcntdq, avx512_vpclmulqdq, avx512_vaes, avx512_vnni, clflush, clflushopt, clwb, avx512_vbmi2, avx512_vbmi, rdtscp, rdpid, fsrm, gfni, avx512_bitalg, f16c, pku, cet_ibt, cet_ss, avx512_ifma
Processor Information for all 8 processors :
  Max Mhz: 2419, Current Mhz: 2419, Mhz Limit: 2419

Memory: 4k page, system-wide physical 7884M (309M free)
TotalPageFile size 20509M (AvailPageFile size 12M)
current process WorkingSet (physical memory assigned to process): 541M, peak: 555M
current process commit charge ("private bytes"): 614M, peak: 706M

vm_info: OpenJDK 64-Bit Server VM (21.0.4+-12508038-b607.1) for windows-amd64 JRE (21.0.4+-12508038-b607.1), built on 2024-10-16T17:23:34Z by "builder" with MS VC++ 16.10 / 16.11 (VS2019)

END.
