#
# There is insufficient memory for the Java Runtime Environment to continue.
# Native memory allocation (mmap) failed to map 342884352 bytes. Error detail: G1 virtual space
# Possible reasons:
#   The system is out of physical RAM or swap space
#   This process is running with CompressedOops enabled, and the Java Heap may be blocking the growth of the native heap
# Possible solutions:
#   Reduce memory load on the system
#   Increase physical memory or swap space
#   Check if swap backing store is full
#   Decrease Java heap size (-Xmx/-Xms)
#   Decrease number of Java threads
#   Decrease Java thread stack sizes (-Xss)
#   Set larger code cache with -XX:ReservedCodeCacheSize=
#   JVM is running with Unscaled Compressed Oops mode in which the Java heap is
#     placed in the first 4GB address space. The Java Heap base address is the
#     maximum limit for the native heap growth. Please use -XX:HeapBaseMinAddress
#     to set the Java Heap base and to place the Java Heap above 4GB virtual address.
# This output file may be truncated or incomplete.
#
#  Out of Memory Error (os_windows.cpp:3828), pid=15732, tid=16788
#
# JRE version: OpenJDK Runtime Environment (21.0.4) (build 21.0.4+-12508038-b607.1)
# Java VM: OpenJDK 64-Bit Server VM (21.0.4+-12508038-b607.1, mixed mode, tiered, compressed oops, compressed class ptrs, g1 gc, windows-amd64)
# No core dump will be written. Minidumps are not enabled by default on client versions of Windows
#

---------------  S U M M A R Y ------------

Command Line: --add-opens=java.base/java.util=ALL-UNNAMED --add-opens=java.base/java.lang=ALL-UNNAMED --add-opens=java.base/java.lang.invoke=ALL-UNNAMED --add-opens=java.prefs/java.util.prefs=ALL-UNNAMED --add-opens=java.base/java.nio.charset=ALL-UNNAMED --add-opens=java.base/java.net=ALL-UNNAMED --add-opens=java.base/java.util.concurrent.atomic=ALL-UNNAMED -Xmx2048m -Dfile.encoding=UTF-8 -Duser.country=IN -Duser.language=en -Duser.variant -javaagent:C:\Users\asus\.gradle\wrapper\dists\gradle-8.7-bin\bhs2wmbdwecv87pi65oeuq5iu\gradle-8.7\lib\agents\gradle-instrumentation-agent-8.7.jar org.gradle.launcher.daemon.bootstrap.GradleDaemon 8.7

Host: 11th Gen Intel(R) Core(TM) i5-1135G7 @ 2.40GHz, 8 cores, 7G,  Windows 11 , 64 bit Build 22621 (10.0.22621.2506)
Time: Wed Feb 12 23:58:00 2025 India Standard Time elapsed time: 33.843906 seconds (0d 0h 0m 33s)

---------------  T H R E A D  ---------------

Current thread (0x0000016a74700940):  VMThread "VM Thread"          [id=16788, stack(0x0000004179900000,0x0000004179a00000) (1024K)]

Stack: [0x0000004179900000,0x0000004179a00000]
Native frames: (J=compiled Java code, j=interpreted, Vv=VM code, C=native code)
V  [jvm.dll+0x6ce539]
V  [jvm.dll+0x85bf03]
V  [jvm.dll+0x85e45e]
V  [jvm.dll+0x85eb43]
V  [jvm.dll+0x27dd06]
V  [jvm.dll+0x6cada5]
V  [jvm.dll+0x6bf27a]
V  [jvm.dll+0x3541fb]
V  [jvm.dll+0x35be36]
V  [jvm.dll+0x3adbc6]
V  [jvm.dll+0x3ade98]
V  [jvm.dll+0x32691c]
V  [jvm.dll+0x3269a7]
V  [jvm.dll+0x36c78c]
V  [jvm.dll+0x36af3e]
V  [jvm.dll+0x326071]
V  [jvm.dll+0x36a650]
V  [jvm.dll+0x8648c8]
V  [jvm.dll+0x865c44]
V  [jvm.dll+0x866180]
V  [jvm.dll+0x866413]
V  [jvm.dll+0x804418]
V  [jvm.dll+0x6cce0d]
C  [ucrtbase.dll+0x29363]
C  [KERNEL32.DLL+0x1257d]
C  [ntdll.dll+0x5aa58]

VM_Operation (0x000000417eaf4180): G1CollectForAllocation, mode: safepoint, requested by thread 0x0000016a7ef92e30


---------------  P R O C E S S  ---------------

Threads class SMR info:
_java_thread_list=0x0000016a7904a2f0, length=132, elements={
0x0000016a5cec45e0, 0x0000016a7476b890, 0x0000016a7476e300, 0x0000016a74787540,
0x0000016a74755350, 0x0000016a747571d0, 0x0000016a7474d3a0, 0x0000016a74790410,
0x0000016a747534b0, 0x0000016a7474ede0, 0x0000016a7474cd10, 0x0000016a7474f470,
0x0000016a7474da30, 0x0000016a7474e0c0, 0x0000016a7474c680, 0x0000016a7a6f64e0,
0x0000016a7a6f92d0, 0x0000016a7a6f8c40, 0x0000016a7a6f36f0, 0x0000016a7a6f3060,
0x0000016a7a6f9960, 0x0000016a7a6f3d80, 0x0000016a7a6f9ff0, 0x0000016a7a6f7f20,
0x0000016a7a6fa680, 0x0000016a7a6f85b0, 0x0000016a7a6f57c0, 0x0000016a7a6f4aa0,
0x0000016a7a6f7200, 0x0000016a7a6f5130, 0x0000016a7a6f7890, 0x0000016a7be2b1e0,
0x0000016a7be297a0, 0x0000016a7be2ab50, 0x0000016a7be29e30, 0x0000016a7be276d0,
0x0000016a7be2bf00, 0x0000016a7be2cc20, 0x0000016a7be283f0, 0x0000016a7be2ecf0,
0x0000016a7be2a4c0, 0x0000016a7be2c590, 0x0000016a7d89c010, 0x0000016a7d897e70,
0x0000016a7d898500, 0x0000016a7d89b980, 0x0000016a7d89b2f0, 0x0000016a7d89cd30,
0x0000016a7d898b90, 0x0000016a7d89ac60, 0x0000016a7d89c6a0, 0x0000016a7d89da50,
0x0000016a7d89a5d0, 0x0000016a7d899220, 0x0000016a7d8977e0, 0x0000016a7d8998b0,
0x0000016a7d89e770, 0x0000016a7d89e0e0, 0x0000016a7d899f40, 0x0000016a7d89ee00,
0x0000016a7defe7e0, 0x0000016a7defd430, 0x0000016a7deff500, 0x0000016a7ef913f0,
0x0000016a7ef906d0, 0x0000016a7ef91a80, 0x0000016a7ef934c0, 0x0000016a7ef8df70,
0x0000016a7ef93b50, 0x0000016a7ef94f00, 0x0000016a7ef90d60, 0x0000016a7ef94870,
0x0000016a7ef927a0, 0x0000016a7ef92e30, 0x0000016a7ef8ec90, 0x0000016a7ef8f320,
0x0000016a7f0e1130, 0x0000016a7f0e17c0, 0x0000016a7f0ddcb0, 0x0000016a7f0de340,
0x0000016a7f0df6f0, 0x0000016a7f0dd620, 0x0000016a7f0de9d0, 0x0000016a7f0df060,
0x0000016a7f0dfd80, 0x0000016a7f0e2b70, 0x0000016a7f0e0410, 0x0000016a7f0e0aa0,
0x0000016a7f0e24e0, 0x0000016a7f0dc270, 0x0000016a7f0e1e50, 0x0000016a7f0e3200,
0x0000016a7f0e3890, 0x0000016a7defcda0, 0x0000016a7defc710, 0x0000016a7deffb90,
0x0000016a7df00220, 0x0000016a7defe150, 0x0000016a7df00f40, 0x0000016a7defee70,
0x0000016a7defdac0, 0x0000016a7df022f0, 0x0000016a7df02980, 0x0000016a7df03010,
0x0000016a7ec2e110, 0x0000016a7ec31c20, 0x0000016a7ec2c040, 0x0000016a7ec301e0,
0x0000016a7ec2ac90, 0x0000016a7ec2b320, 0x0000016a7ec2fb50, 0x0000016a7ec2d3f0,
0x0000016a7ec2c6d0, 0x0000016a7ec2cd60, 0x0000016a7ef90040, 0x0000016a04024920,
0x0000016a7f9f50c0, 0x0000016a7f9f5750, 0x0000016a7f9ee7c0, 0x0000016a7f9f5de0,
0x0000016a7f9eee50, 0x0000016a7f9f7190, 0x0000016a7f9fd400, 0x0000016a7f9f8540,
0x0000016a7f9f0890, 0x0000016a7f9f22d0, 0x0000016a7f9f0f20, 0x0000016a7f9f3680,
0x0000016a7f9ee130, 0x0000016a7f9f4a30, 0x0000016a04024290, 0x0000016a7b4b0e20
}

Java Threads: ( => current thread )
  0x0000016a5cec45e0 JavaThread "main"                              [_thread_blocked, id=19688, stack(0x0000004179200000,0x0000004179300000) (1024K)]
  0x0000016a7476b890 JavaThread "Reference Handler"          daemon [_thread_blocked, id=18244, stack(0x0000004179a00000,0x0000004179b00000) (1024K)]
  0x0000016a7476e300 JavaThread "Finalizer"                  daemon [_thread_blocked, id=21996, stack(0x0000004179b00000,0x0000004179c00000) (1024K)]
  0x0000016a74787540 JavaThread "Signal Dispatcher"          daemon [_thread_blocked, id=17388, stack(0x0000004179c00000,0x0000004179d00000) (1024K)]
  0x0000016a74755350 JavaThread "Attach Listener"            daemon [_thread_blocked, id=22048, stack(0x0000004179d00000,0x0000004179e00000) (1024K)]
  0x0000016a747571d0 JavaThread "Service Thread"             daemon [_thread_blocked, id=15128, stack(0x0000004179e00000,0x0000004179f00000) (1024K)]
  0x0000016a7474d3a0 JavaThread "Monitor Deflation Thread"   daemon [_thread_blocked, id=2532, stack(0x0000004179f00000,0x000000417a000000) (1024K)]
  0x0000016a74790410 JavaThread "C2 CompilerThread0"         daemon [_thread_blocked, id=17568, stack(0x000000417a000000,0x000000417a100000) (1024K)]
  0x0000016a747534b0 JavaThread "C1 CompilerThread0"         daemon [_thread_blocked, id=19852, stack(0x000000417a100000,0x000000417a200000) (1024K)]
  0x0000016a7474ede0 JavaThread "Common-Cleaner"             daemon [_thread_blocked, id=16392, stack(0x000000417a200000,0x000000417a300000) (1024K)]
  0x0000016a7474cd10 JavaThread "Notification Thread"        daemon [_thread_blocked, id=2776, stack(0x000000417a300000,0x000000417a400000) (1024K)]
  0x0000016a7474f470 JavaThread "Daemon health stats"               [_thread_blocked, id=4052, stack(0x000000417a900000,0x000000417aa00000) (1024K)]
  0x0000016a7474da30 JavaThread "Incoming local TCP Connector on port 57976"        [_thread_in_native, id=18700, stack(0x000000417aa00000,0x000000417ab00000) (1024K)]
  0x0000016a7474e0c0 JavaThread "Daemon periodic checks"            [_thread_blocked, id=2304, stack(0x000000417ab00000,0x000000417ac00000) (1024K)]
  0x0000016a7474c680 JavaThread "Daemon"                            [_thread_blocked, id=11104, stack(0x000000417ac00000,0x000000417ad00000) (1024K)]
  0x0000016a7a6f64e0 JavaThread "Handler for socket connection from /127.0.0.1:57976 to /127.0.0.1:57977"        [_thread_in_native, id=21224, stack(0x000000417ad00000,0x000000417ae00000) (1024K)]
  0x0000016a7a6f92d0 JavaThread "Cancel handler"                    [_thread_blocked, id=20684, stack(0x000000417ae00000,0x000000417af00000) (1024K)]
  0x0000016a7a6f8c40 JavaThread "Daemon worker"                     [_thread_blocked, id=20448, stack(0x000000417af00000,0x000000417b000000) (1024K)]
  0x0000016a7a6f36f0 JavaThread "Asynchronous log dispatcher for DefaultDaemonConnection: socket connection from /127.0.0.1:57976 to /127.0.0.1:57977"        [_thread_blocked, id=21656, stack(0x000000417b000000,0x000000417b100000) (1024K)]
  0x0000016a7a6f3060 JavaThread "Stdin handler"                     [_thread_blocked, id=17000, stack(0x000000417b100000,0x000000417b200000) (1024K)]
  0x0000016a7a6f9960 JavaThread "Daemon client event forwarder"        [_thread_blocked, id=6800, stack(0x000000417b200000,0x000000417b300000) (1024K)]
  0x0000016a7a6f3d80 JavaThread "Cache worker for journal cache (C:\Users\asus\.gradle\caches\journal-1)"        [_thread_blocked, id=19144, stack(0x000000417b600000,0x000000417b700000) (1024K)]
  0x0000016a7a6f9ff0 JavaThread "File lock request listener"        [_thread_in_native, id=2868, stack(0x000000417b700000,0x000000417b800000) (1024K)]
  0x0000016a7a6f7f20 JavaThread "Cache worker for file hash cache (C:\Users\asus\.gradle\caches\8.7\fileHashes)"        [_thread_blocked, id=16912, stack(0x000000417b800000,0x000000417b900000) (1024K)]
  0x0000016a7a6fa680 JavaThread "Cache worker for file hash cache (E:\Users\mkjl4\AndroidStudioProjects\HaveneraOwner\.gradle\8.7\fileHashes)"        [_thread_blocked, id=18744, stack(0x000000417b900000,0x000000417ba00000) (1024K)]
  0x0000016a7a6f85b0 JavaThread "File watcher server"        daemon [_thread_blocked, id=21372, stack(0x000000417ba00000,0x000000417bb00000) (1024K)]
  0x0000016a7a6f57c0 JavaThread "File watcher consumer"      daemon [_thread_blocked, id=4068, stack(0x000000417bb00000,0x000000417bc00000) (1024K)]
  0x0000016a7a6f4aa0 JavaThread "Cache worker for checksums cache (E:\Users\mkjl4\AndroidStudioProjects\HaveneraOwner\.gradle\8.7\checksums)"        [_thread_blocked, id=2536, stack(0x000000417bc00000,0x000000417bd00000) (1024K)]
  0x0000016a7a6f7200 JavaThread "Cache worker for cache directory md-supplier (C:\Users\asus\.gradle\caches\8.7\md-supplier)"        [_thread_blocked, id=1876, stack(0x000000417bd00000,0x000000417be00000) (1024K)]
  0x0000016a7a6f5130 JavaThread "Cache worker for cache directory md-rule (C:\Users\asus\.gradle\caches\8.7\md-rule)"        [_thread_blocked, id=18708, stack(0x000000417be00000,0x000000417bf00000) (1024K)]
  0x0000016a7a6f7890 JavaThread "Cache worker for file content cache (C:\Users\asus\.gradle\caches\8.7\fileContent)"        [_thread_blocked, id=4916, stack(0x000000417bf00000,0x000000417c000000) (1024K)]
  0x0000016a7be2b1e0 JavaThread "Cache worker for Build Output Cleanup Cache (E:\Users\mkjl4\AndroidStudioProjects\HaveneraOwner\.gradle\buildOutputCleanup)"        [_thread_blocked, id=21916, stack(0x000000417c000000,0x000000417c100000) (1024K)]
  0x0000016a7be297a0 JavaThread "Unconstrained build operations"        [_thread_blocked, id=19568, stack(0x000000417c100000,0x000000417c200000) (1024K)]
  0x0000016a7be2ab50 JavaThread "Unconstrained build operations Thread 2"        [_thread_blocked, id=14280, stack(0x000000417c200000,0x000000417c300000) (1024K)]
  0x0000016a7be29e30 JavaThread "Unconstrained build operations Thread 3"        [_thread_blocked, id=2884, stack(0x000000417c300000,0x000000417c400000) (1024K)]
  0x0000016a7be276d0 JavaThread "Unconstrained build operations Thread 4"        [_thread_blocked, id=11824, stack(0x000000417c400000,0x000000417c500000) (1024K)]
  0x0000016a7be2bf00 JavaThread "Unconstrained build operations Thread 5"        [_thread_blocked, id=19744, stack(0x000000417c500000,0x000000417c600000) (1024K)]
  0x0000016a7be2cc20 JavaThread "Unconstrained build operations Thread 6"        [_thread_blocked, id=8388, stack(0x000000417c600000,0x000000417c700000) (1024K)]
  0x0000016a7be283f0 JavaThread "Unconstrained build operations Thread 7"        [_thread_blocked, id=19692, stack(0x000000417c700000,0x000000417c800000) (1024K)]
  0x0000016a7be2ecf0 JavaThread "Unconstrained build operations Thread 8"        [_thread_blocked, id=13900, stack(0x000000417c800000,0x000000417c900000) (1024K)]
  0x0000016a7be2a4c0 JavaThread "Unconstrained build operations Thread 9"        [_thread_blocked, id=1268, stack(0x000000417c900000,0x000000417ca00000) (1024K)]
  0x0000016a7be2c590 JavaThread "Unconstrained build operations Thread 10"        [_thread_blocked, id=21148, stack(0x000000417ca00000,0x000000417cb00000) (1024K)]
  0x0000016a7d89c010 JavaThread "Unconstrained build operations Thread 11"        [_thread_blocked, id=3676, stack(0x000000417cb00000,0x000000417cc00000) (1024K)]
  0x0000016a7d897e70 JavaThread "Unconstrained build operations Thread 12"        [_thread_blocked, id=5048, stack(0x000000417cc00000,0x000000417cd00000) (1024K)]
  0x0000016a7d898500 JavaThread "Unconstrained build operations Thread 13"        [_thread_blocked, id=18572, stack(0x000000417cd00000,0x000000417ce00000) (1024K)]
  0x0000016a7d89b980 JavaThread "Unconstrained build operations Thread 14"        [_thread_blocked, id=21168, stack(0x000000417ce00000,0x000000417cf00000) (1024K)]
  0x0000016a7d89b2f0 JavaThread "Unconstrained build operations Thread 15"        [_thread_blocked, id=1796, stack(0x000000417cf00000,0x000000417d000000) (1024K)]
  0x0000016a7d89cd30 JavaThread "Unconstrained build operations Thread 16"        [_thread_blocked, id=8048, stack(0x000000417d000000,0x000000417d100000) (1024K)]
  0x0000016a7d898b90 JavaThread "Unconstrained build operations Thread 17"        [_thread_blocked, id=17528, stack(0x000000417d100000,0x000000417d200000) (1024K)]
  0x0000016a7d89ac60 JavaThread "Unconstrained build operations Thread 18"        [_thread_blocked, id=21012, stack(0x000000417d200000,0x000000417d300000) (1024K)]
  0x0000016a7d89c6a0 JavaThread "Unconstrained build operations Thread 19"        [_thread_blocked, id=7360, stack(0x000000417d300000,0x000000417d400000) (1024K)]
  0x0000016a7d89da50 JavaThread "Unconstrained build operations Thread 20"        [_thread_blocked, id=20868, stack(0x000000417d400000,0x000000417d500000) (1024K)]
  0x0000016a7d89a5d0 JavaThread "Unconstrained build operations Thread 21"        [_thread_blocked, id=16716, stack(0x000000417d500000,0x000000417d600000) (1024K)]
  0x0000016a7d899220 JavaThread "Unconstrained build operations Thread 22"        [_thread_blocked, id=9388, stack(0x000000417d600000,0x000000417d700000) (1024K)]
  0x0000016a7d8977e0 JavaThread "Unconstrained build operations Thread 23"        [_thread_blocked, id=16356, stack(0x000000417d700000,0x000000417d800000) (1024K)]
  0x0000016a7d8998b0 JavaThread "Unconstrained build operations Thread 24"        [_thread_blocked, id=10452, stack(0x000000417d800000,0x000000417d900000) (1024K)]
  0x0000016a7d89e770 JavaThread "Unconstrained build operations Thread 25"        [_thread_blocked, id=8920, stack(0x000000417d900000,0x000000417da00000) (1024K)]
  0x0000016a7d89e0e0 JavaThread "Unconstrained build operations Thread 26"        [_thread_blocked, id=17740, stack(0x000000417da00000,0x000000417db00000) (1024K)]
  0x0000016a7d899f40 JavaThread "Unconstrained build operations Thread 27"        [_thread_blocked, id=13980, stack(0x000000417db00000,0x000000417dc00000) (1024K)]
  0x0000016a7d89ee00 JavaThread "Unconstrained build operations Thread 28"        [_thread_blocked, id=2136, stack(0x000000417dc00000,0x000000417dd00000) (1024K)]
  0x0000016a7defe7e0 JavaThread "build event listener"              [_thread_blocked, id=16452, stack(0x000000417dd00000,0x000000417de00000) (1024K)]
  0x0000016a7defd430 JavaThread "Memory manager"                    [_thread_blocked, id=16052, stack(0x000000417de00000,0x000000417df00000) (1024K)]
  0x0000016a7deff500 JavaThread "build event listener"              [_thread_blocked, id=9596, stack(0x000000417df00000,0x000000417e000000) (1024K)]
  0x0000016a7ef913f0 JavaThread "included builds"                   [_thread_blocked, id=8576, stack(0x000000417e000000,0x000000417e100000) (1024K)]
  0x0000016a7ef906d0 JavaThread "Execution worker"                  [_thread_blocked, id=18788, stack(0x000000417e100000,0x000000417e200000) (1024K)]
  0x0000016a7ef91a80 JavaThread "Execution worker Thread 2"         [_thread_blocked, id=10028, stack(0x000000417e200000,0x000000417e300000) (1024K)]
  0x0000016a7ef934c0 JavaThread "Execution worker Thread 3"         [_thread_blocked, id=18092, stack(0x000000417e300000,0x000000417e400000) (1024K)]
  0x0000016a7ef8df70 JavaThread "Execution worker Thread 4"         [_thread_blocked, id=10268, stack(0x000000417e400000,0x000000417e500000) (1024K)]
  0x0000016a7ef93b50 JavaThread "Execution worker Thread 5"         [_thread_blocked, id=12816, stack(0x000000417e500000,0x000000417e600000) (1024K)]
  0x0000016a7ef94f00 JavaThread "Execution worker Thread 6"         [_thread_blocked, id=4816, stack(0x000000417e600000,0x000000417e700000) (1024K)]
  0x0000016a7ef90d60 JavaThread "Execution worker Thread 7"         [_thread_blocked, id=15568, stack(0x000000417e700000,0x000000417e800000) (1024K)]
  0x0000016a7ef94870 JavaThread "Cache worker for execution history cache (E:\Users\mkjl4\AndroidStudioProjects\HaveneraOwner\.gradle\8.7\executionHistory)"        [_thread_blocked, id=14980, stack(0x000000417e800000,0x000000417e900000) (1024K)]
  0x0000016a7ef927a0 JavaThread "Unconstrained build operations Thread 29"        [_thread_blocked, id=22192, stack(0x000000417e900000,0x000000417ea00000) (1024K)]
  0x0000016a7ef92e30 JavaThread "Unconstrained build operations Thread 30"        [_thread_blocked, id=21728, stack(0x000000417ea00000,0x000000417eb00000) (1024K)]
  0x0000016a7ef8ec90 JavaThread "Unconstrained build operations Thread 31"        [_thread_blocked, id=4452, stack(0x000000417eb00000,0x000000417ec00000) (1024K)]
  0x0000016a7ef8f320 JavaThread "Unconstrained build operations Thread 32"        [_thread_blocked, id=3104, stack(0x000000417ec00000,0x000000417ed00000) (1024K)]
  0x0000016a7f0e1130 JavaThread "Unconstrained build operations Thread 33"        [_thread_blocked, id=17652, stack(0x000000417ed00000,0x000000417ee00000) (1024K)]
  0x0000016a7f0e17c0 JavaThread "Unconstrained build operations Thread 34"        [_thread_blocked, id=12064, stack(0x000000417ee00000,0x000000417ef00000) (1024K)]
  0x0000016a7f0ddcb0 JavaThread "Unconstrained build operations Thread 35"        [_thread_blocked, id=21400, stack(0x000000417ef00000,0x000000417f000000) (1024K)]
  0x0000016a7f0de340 JavaThread "Unconstrained build operations Thread 36"        [_thread_blocked, id=6392, stack(0x000000417f000000,0x000000417f100000) (1024K)]
  0x0000016a7f0df6f0 JavaThread "Unconstrained build operations Thread 37"        [_thread_blocked, id=16948, stack(0x000000417f100000,0x000000417f200000) (1024K)]
  0x0000016a7f0dd620 JavaThread "Unconstrained build operations Thread 38"        [_thread_blocked, id=16844, stack(0x000000417f200000,0x000000417f300000) (1024K)]
  0x0000016a7f0de9d0 JavaThread "Unconstrained build operations Thread 39"        [_thread_blocked, id=16436, stack(0x000000417f300000,0x000000417f400000) (1024K)]
  0x0000016a7f0df060 JavaThread "Unconstrained build operations Thread 40"        [_thread_blocked, id=6940, stack(0x000000417f400000,0x000000417f500000) (1024K)]
  0x0000016a7f0dfd80 JavaThread "Unconstrained build operations Thread 41"        [_thread_blocked, id=17712, stack(0x000000417f500000,0x000000417f600000) (1024K)]
  0x0000016a7f0e2b70 JavaThread "Unconstrained build operations Thread 42"        [_thread_blocked, id=9628, stack(0x000000417f600000,0x000000417f700000) (1024K)]
  0x0000016a7f0e0410 JavaThread "Unconstrained build operations Thread 43"        [_thread_blocked, id=1460, stack(0x000000417f700000,0x000000417f800000) (1024K)]
  0x0000016a7f0e0aa0 JavaThread "Unconstrained build operations Thread 44"        [_thread_blocked, id=18944, stack(0x000000417f800000,0x000000417f900000) (1024K)]
  0x0000016a7f0e24e0 JavaThread "Unconstrained build operations Thread 45"        [_thread_blocked, id=10972, stack(0x000000417f900000,0x000000417fa00000) (1024K)]
  0x0000016a7f0dc270 JavaThread "Unconstrained build operations Thread 46"        [_thread_blocked, id=292, stack(0x000000417fa00000,0x000000417fb00000) (1024K)]
  0x0000016a7f0e1e50 JavaThread "Unconstrained build operations Thread 47"        [_thread_blocked, id=8076, stack(0x000000417fb00000,0x000000417fc00000) (1024K)]
  0x0000016a7f0e3200 JavaThread "Unconstrained build operations Thread 48"        [_thread_blocked, id=2216, stack(0x000000417fc00000,0x000000417fd00000) (1024K)]
  0x0000016a7f0e3890 JavaThread "Unconstrained build operations Thread 49"        [_thread_blocked, id=17512, stack(0x000000417fd00000,0x000000417fe00000) (1024K)]
  0x0000016a7defcda0 JavaThread "Unconstrained build operations Thread 50"        [_thread_blocked, id=15400, stack(0x000000417fe00000,0x000000417ff00000) (1024K)]
  0x0000016a7defc710 JavaThread "Unconstrained build operations Thread 51"        [_thread_blocked, id=17576, stack(0x000000417ff00000,0x0000004180000000) (1024K)]
  0x0000016a7deffb90 JavaThread "Unconstrained build operations Thread 52"        [_thread_blocked, id=21088, stack(0x0000004100000000,0x0000004100100000) (1024K)]
  0x0000016a7df00220 JavaThread "Unconstrained build operations Thread 53"        [_thread_blocked, id=8268, stack(0x0000004100100000,0x0000004100200000) (1024K)]
  0x0000016a7defe150 JavaThread "Unconstrained build operations Thread 54"        [_thread_blocked, id=7960, stack(0x0000004100200000,0x0000004100300000) (1024K)]
  0x0000016a7df00f40 JavaThread "Unconstrained build operations Thread 55"        [_thread_blocked, id=20008, stack(0x0000004100300000,0x0000004100400000) (1024K)]
  0x0000016a7defee70 JavaThread "Unconstrained build operations Thread 56"        [_thread_blocked, id=14484, stack(0x0000004100400000,0x0000004100500000) (1024K)]
  0x0000016a7defdac0 JavaThread "Unconstrained build operations Thread 57"        [_thread_blocked, id=17876, stack(0x0000004100500000,0x0000004100600000) (1024K)]
  0x0000016a7df022f0 JavaThread "Unconstrained build operations Thread 58"        [_thread_blocked, id=5780, stack(0x0000004100600000,0x0000004100700000) (1024K)]
  0x0000016a7df02980 JavaThread "Unconstrained build operations Thread 59"        [_thread_blocked, id=13472, stack(0x0000004100700000,0x0000004100800000) (1024K)]
  0x0000016a7df03010 JavaThread "Unconstrained build operations Thread 60"        [_thread_blocked, id=21152, stack(0x0000004100800000,0x0000004100900000) (1024K)]
  0x0000016a7ec2e110 JavaThread "Unconstrained build operations Thread 61"        [_thread_blocked, id=8020, stack(0x0000004100900000,0x0000004100a00000) (1024K)]
  0x0000016a7ec31c20 JavaThread "Unconstrained build operations Thread 62"        [_thread_blocked, id=19592, stack(0x0000004100a00000,0x0000004100b00000) (1024K)]
  0x0000016a7ec2c040 JavaThread "Unconstrained build operations Thread 63"        [_thread_blocked, id=22004, stack(0x0000004100b00000,0x0000004100c00000) (1024K)]
  0x0000016a7ec301e0 JavaThread "Unconstrained build operations Thread 64"        [_thread_blocked, id=17232, stack(0x0000004100c00000,0x0000004100d00000) (1024K)]
  0x0000016a7ec2ac90 JavaThread "Unconstrained build operations Thread 65"        [_thread_blocked, id=14380, stack(0x0000004100d00000,0x0000004100e00000) (1024K)]
  0x0000016a7ec2b320 JavaThread "Unconstrained build operations Thread 66"        [_thread_blocked, id=17948, stack(0x0000004100e00000,0x0000004100f00000) (1024K)]
  0x0000016a7ec2fb50 JavaThread "Unconstrained build operations Thread 67"        [_thread_blocked, id=10792, stack(0x0000004100f00000,0x0000004101000000) (1024K)]
  0x0000016a7ec2d3f0 JavaThread "Unconstrained build operations Thread 68"        [_thread_blocked, id=5116, stack(0x0000004101000000,0x0000004101100000) (1024K)]
  0x0000016a7ec2c6d0 JavaThread "Unconstrained build operations Thread 69"        [_thread_blocked, id=22144, stack(0x0000004101100000,0x0000004101200000) (1024K)]
  0x0000016a7ec2cd60 JavaThread "Unconstrained build operations Thread 70"        [_thread_blocked, id=21948, stack(0x0000004101200000,0x0000004101300000) (1024K)]
  0x0000016a7ef90040 JavaThread "Unconstrained build operations Thread 71"        [_thread_blocked, id=11980, stack(0x0000004101300000,0x0000004101400000) (1024K)]
  0x0000016a04024920 JavaThread "Unconstrained build operations Thread 72"        [_thread_blocked, id=18052, stack(0x0000004101400000,0x0000004101500000) (1024K)]
  0x0000016a7f9f50c0 JavaThread "Unconstrained build operations Thread 73"        [_thread_blocked, id=17300, stack(0x0000004101500000,0x0000004101600000) (1024K)]
  0x0000016a7f9f5750 JavaThread "Unconstrained build operations Thread 74"        [_thread_blocked, id=15148, stack(0x0000004101600000,0x0000004101700000) (1024K)]
  0x0000016a7f9ee7c0 JavaThread "Unconstrained build operations Thread 75"        [_thread_blocked, id=14396, stack(0x0000004101700000,0x0000004101800000) (1024K)]
  0x0000016a7f9f5de0 JavaThread "Unconstrained build operations Thread 76"        [_thread_blocked, id=9624, stack(0x0000004101800000,0x0000004101900000) (1024K)]
  0x0000016a7f9eee50 JavaThread "Unconstrained build operations Thread 77"        [_thread_blocked, id=15344, stack(0x0000004101900000,0x0000004101a00000) (1024K)]
  0x0000016a7f9f7190 JavaThread "Unconstrained build operations Thread 78"        [_thread_blocked, id=18856, stack(0x0000004101a00000,0x0000004101b00000) (1024K)]
  0x0000016a7f9fd400 JavaThread "Unconstrained build operations Thread 79"        [_thread_blocked, id=13500, stack(0x0000004101b00000,0x0000004101c00000) (1024K)]
  0x0000016a7f9f8540 JavaThread "Unconstrained build operations Thread 80"        [_thread_blocked, id=16532, stack(0x0000004101c00000,0x0000004101d00000) (1024K)]
  0x0000016a7f9f0890 JavaThread "WorkerExecutor Queue"              [_thread_in_native, id=16160, stack(0x0000004101d00000,0x0000004101e00000) (1024K)]
  0x0000016a7f9f22d0 JavaThread "RMI Scheduler(0)"           daemon [_thread_blocked, id=1320, stack(0x0000004101e00000,0x0000004101f00000) (1024K)]
  0x0000016a7f9f0f20 JavaThread "RMI RenewClean-[127.0.0.1:17208,org.jetbrains.kotlin.daemon.common.LoopbackNetworkInterface$ClientLoopbackSocketFactory@26b48c49]" daemon [_thread_blocked, id=9560, stack(0x0000004101f00000,0x0000004102000000) (1024K)]
  0x0000016a7f9f3680 JavaThread "RMI GC Daemon"              daemon [_thread_blocked, id=8060, stack(0x0000004102000000,0x0000004102100000) (1024K)]
  0x0000016a7f9ee130 JavaThread "RMI TCP Accept-0"           daemon [_thread_in_native, id=18528, stack(0x0000004102100000,0x0000004102200000) (1024K)]
  0x0000016a7f9f4a30 JavaThread "RMI Reaper"                        [_thread_blocked, id=13028, stack(0x0000004102200000,0x0000004102300000) (1024K)]
  0x0000016a04024290 JavaThread "RMI TCP Connection(1)-127.0.0.1" daemon [_thread_in_native, id=20636, stack(0x0000004102300000,0x0000004102400000) (1024K)]
  0x0000016a7b4b0e20 JavaThread "C2 CompilerThread1"         daemon [_thread_blocked, id=11568, stack(0x0000004102400000,0x0000004102500000) (1024K)]
Total: 132

Other Threads:
=>0x0000016a74700940 VMThread "VM Thread"                           [id=16788, stack(0x0000004179900000,0x0000004179a00000) (1024K)]
  0x0000016a745387b0 WatcherThread "VM Periodic Task Thread"        [id=18192, stack(0x0000004179800000,0x0000004179900000) (1024K)]
  0x0000016a5cf1bc10 WorkerThread "GC Thread#0"                     [id=21112, stack(0x0000004179300000,0x0000004179400000) (1024K)]
  0x0000016a79a2abc0 WorkerThread "GC Thread#1"                     [id=7392, stack(0x000000417a500000,0x000000417a600000) (1024K)]
  0x0000016a79ad9cb0 WorkerThread "GC Thread#2"                     [id=9044, stack(0x000000417a600000,0x000000417a700000) (1024K)]
  0x0000016a7996f7a0 WorkerThread "GC Thread#3"                     [id=22252, stack(0x000000417a700000,0x000000417a800000) (1024K)]
  0x0000016a79aa79d0 WorkerThread "GC Thread#4"                     [id=1812, stack(0x000000417a800000,0x000000417a900000) (1024K)]
  0x0000016a7a968b60 WorkerThread "GC Thread#5"                     [id=10280, stack(0x000000417a400000,0x000000417a500000) (1024K)]
  0x0000016a7a686df0 WorkerThread "GC Thread#6"                     [id=6344, stack(0x000000417b300000,0x000000417b400000) (1024K)]
  0x0000016a7a6db5a0 WorkerThread "GC Thread#7"                     [id=15656, stack(0x000000417b400000,0x000000417b500000) (1024K)]
  0x0000016a5cf2dc00 ConcurrentGCThread "G1 Main Marker"            [id=11892, stack(0x0000004179400000,0x0000004179500000) (1024K)]
  0x0000016a5cf2e870 WorkerThread "G1 Conc#0"                       [id=18076, stack(0x0000004179500000,0x0000004179600000) (1024K)]
  0x0000016a7aaee110 WorkerThread "G1 Conc#1"                       [id=21048, stack(0x000000417b500000,0x000000417b600000) (1024K)]
  0x0000016a5cf7e670 ConcurrentGCThread "G1 Refine#0"               [id=15376, stack(0x0000004179600000,0x0000004179700000) (1024K)]
  0x0000016a744103c0 ConcurrentGCThread "G1 Service"                [id=15040, stack(0x0000004179700000,0x0000004179800000) (1024K)]
Total: 15

Threads with active compile tasks:
C2 CompilerThread0    33912 15262       4       com.android.tools.r8.internal.gd::a (6886 bytes)
C2 CompilerThread1    33912 15315       4       com.android.tools.r8.internal.i9::T (8 bytes)
Total: 2

VM state: at safepoint (normal execution)

VM Mutex/Monitor currently owned by a thread:  ([mutex/lock_event])
[0x00007ff911ad72f8] Threads_lock - owner thread: 0x0000016a74700940
[0x00007ff911ad73f8] Heap_lock - owner thread: 0x0000016a7ef92e30

Heap address: 0x0000000080000000, size: 2048 MB, Compressed Oops mode: 32-bit

CDS archive(s) not mapped
Compressed class space mapped at: 0x0000000100000000-0x0000000140000000, reserved size: 1073741824
Narrow klass base: 0x0000000000000000, Narrow klass shift: 3, Narrow klass range: 0x140000000

GC Precious Log:
 CardTable entry size: 512
 Card Set container configuration: InlinePtr #cards 5 size 8 Array Of Cards #cards 12 size 40 Howl #buckets 4 coarsen threshold 1843 Howl Bitmap #cards 512 size 80 coarsen threshold 460 Card regions per heap region 1 cards per card region 2048
 CPUs: 8 total, 8 available
 Memory: 7884M
 Large Page Support: Disabled
 NUMA Support: Disabled
 Compressed Oops: Enabled (32-bit)
 Heap Region Size: 1M
 Heap Min Capacity: 8M
 Heap Initial Capacity: 124M
 Heap Max Capacity: 2G
 Pre-touch: Disabled
 Parallel Workers: 8
 Concurrent Workers: 2
 Concurrent Refinement Workers: 8
 Periodic GC: Disabled

Heap:
 garbage-first heap   total 601088K, used 403456K [0x0000000080000000, 0x0000000100000000)
  region size 1024K, 20 young (20480K), 20 survivors (20480K)
 Metaspace       used 125572K, committed 127808K, reserved 1179648K
  class space    used 17273K, committed 18368K, reserved 1048576K

Heap Regions: E=young(eden), S=young(survivor), O=old, HS=humongous(starts), HC=humongous(continues), CS=collection set, F=free, TAMS=top-at-mark-start, PB=parsable bottom
|   0|0x0000000080000000, 0x0000000080100000, 0x0000000080100000|100%|HS|  |TAMS 0x0000000080000000| PB 0x0000000080000000| Complete 
|   1|0x0000000080100000, 0x0000000080200000, 0x0000000080200000|100%|HC|  |TAMS 0x0000000080100000| PB 0x0000000080100000| Complete 
|   2|0x0000000080200000, 0x0000000080300000, 0x0000000080300000|100%|HC|  |TAMS 0x0000000080200000| PB 0x0000000080200000| Complete 
|   3|0x0000000080300000, 0x0000000080400000, 0x0000000080400000|100%|HC|  |TAMS 0x0000000080300000| PB 0x0000000080300000| Complete 
|   4|0x0000000080400000, 0x0000000080500000, 0x0000000080500000|100%| O|  |TAMS 0x0000000080400000| PB 0x0000000080400000| Untracked 
|   5|0x0000000080500000, 0x0000000080600000, 0x0000000080600000|100%| O|  |TAMS 0x0000000080500000| PB 0x0000000080500000| Untracked 
|   6|0x0000000080600000, 0x0000000080700000, 0x0000000080700000|100%| O|  |TAMS 0x0000000080600000| PB 0x0000000080600000| Untracked 
|   7|0x0000000080700000, 0x0000000080800000, 0x0000000080800000|100%| O|  |TAMS 0x0000000080700000| PB 0x0000000080700000| Untracked 
|   8|0x0000000080800000, 0x0000000080900000, 0x0000000080900000|100%| O|  |TAMS 0x0000000080800000| PB 0x0000000080800000| Untracked 
|   9|0x0000000080900000, 0x0000000080a00000, 0x0000000080a00000|100%| O|  |TAMS 0x0000000080900000| PB 0x0000000080900000| Untracked 
|  10|0x0000000080a00000, 0x0000000080b00000, 0x0000000080b00000|100%| O|  |TAMS 0x0000000080a00000| PB 0x0000000080a00000| Untracked 
|  11|0x0000000080b00000, 0x0000000080c00000, 0x0000000080c00000|100%| O|  |TAMS 0x0000000080b00000| PB 0x0000000080b00000| Untracked 
|  12|0x0000000080c00000, 0x0000000080d00000, 0x0000000080d00000|100%| O|  |TAMS 0x0000000080c00000| PB 0x0000000080c00000| Untracked 
|  13|0x0000000080d00000, 0x0000000080e00000, 0x0000000080e00000|100%| O|  |TAMS 0x0000000080d00000| PB 0x0000000080d00000| Untracked 
|  14|0x0000000080e00000, 0x0000000080f00000, 0x0000000080f00000|100%| O|  |TAMS 0x0000000080e00000| PB 0x0000000080e00000| Untracked 
|  15|0x0000000080f00000, 0x0000000081000000, 0x0000000081000000|100%| O|  |TAMS 0x0000000080f00000| PB 0x0000000080f00000| Untracked 
|  16|0x0000000081000000, 0x0000000081100000, 0x0000000081100000|100%| O|  |TAMS 0x0000000081000000| PB 0x0000000081000000| Untracked 
|  17|0x0000000081100000, 0x0000000081200000, 0x0000000081200000|100%| O|  |TAMS 0x0000000081100000| PB 0x0000000081100000| Untracked 
|  18|0x0000000081200000, 0x0000000081300000, 0x0000000081300000|100%| O|  |TAMS 0x0000000081200000| PB 0x0000000081200000| Untracked 
|  19|0x0000000081300000, 0x0000000081400000, 0x0000000081400000|100%| O|  |TAMS 0x0000000081300000| PB 0x0000000081300000| Untracked 
|  20|0x0000000081400000, 0x0000000081500000, 0x0000000081500000|100%| O|  |TAMS 0x0000000081400000| PB 0x0000000081400000| Untracked 
|  21|0x0000000081500000, 0x0000000081600000, 0x0000000081600000|100%| O|  |TAMS 0x0000000081500000| PB 0x0000000081500000| Untracked 
|  22|0x0000000081600000, 0x0000000081700000, 0x0000000081700000|100%| O|  |TAMS 0x0000000081600000| PB 0x0000000081600000| Untracked 
|  23|0x0000000081700000, 0x0000000081800000, 0x0000000081800000|100%| O|  |TAMS 0x0000000081700000| PB 0x0000000081700000| Untracked 
|  24|0x0000000081800000, 0x0000000081900000, 0x0000000081900000|100%| O|  |TAMS 0x0000000081800000| PB 0x0000000081800000| Untracked 
|  25|0x0000000081900000, 0x0000000081a00000, 0x0000000081a00000|100%| O|  |TAMS 0x0000000081900000| PB 0x0000000081900000| Untracked 
|  26|0x0000000081a00000, 0x0000000081b00000, 0x0000000081b00000|100%| O|  |TAMS 0x0000000081a00000| PB 0x0000000081a00000| Untracked 
|  27|0x0000000081b00000, 0x0000000081c00000, 0x0000000081c00000|100%| O|  |TAMS 0x0000000081b00000| PB 0x0000000081b00000| Untracked 
|  28|0x0000000081c00000, 0x0000000081d00000, 0x0000000081d00000|100%| O|  |TAMS 0x0000000081c00000| PB 0x0000000081c00000| Untracked 
|  29|0x0000000081d00000, 0x0000000081e00000, 0x0000000081e00000|100%| O|  |TAMS 0x0000000081d00000| PB 0x0000000081d00000| Untracked 
|  30|0x0000000081e00000, 0x0000000081f00000, 0x0000000081f00000|100%| O|  |TAMS 0x0000000081e00000| PB 0x0000000081e00000| Untracked 
|  31|0x0000000081f00000, 0x0000000082000000, 0x0000000082000000|100%| O|  |TAMS 0x0000000081f00000| PB 0x0000000081f00000| Untracked 
|  32|0x0000000082000000, 0x0000000082100000, 0x0000000082100000|100%| O|  |TAMS 0x0000000082000000| PB 0x0000000082000000| Untracked 
|  33|0x0000000082100000, 0x0000000082200000, 0x0000000082200000|100%| O|  |TAMS 0x0000000082100000| PB 0x0000000082100000| Untracked 
|  34|0x0000000082200000, 0x0000000082300000, 0x0000000082300000|100%| O|  |TAMS 0x0000000082200000| PB 0x0000000082200000| Untracked 
|  35|0x0000000082300000, 0x0000000082400000, 0x0000000082400000|100%| O|  |TAMS 0x0000000082300000| PB 0x0000000082300000| Untracked 
|  36|0x0000000082400000, 0x0000000082500000, 0x0000000082500000|100%| O|  |TAMS 0x0000000082400000| PB 0x0000000082400000| Untracked 
|  37|0x0000000082500000, 0x0000000082600000, 0x0000000082600000|100%| O|  |TAMS 0x0000000082500000| PB 0x0000000082500000| Untracked 
|  38|0x0000000082600000, 0x0000000082700000, 0x0000000082700000|100%| O|  |TAMS 0x0000000082600000| PB 0x0000000082600000| Untracked 
|  39|0x0000000082700000, 0x0000000082800000, 0x0000000082800000|100%| O|  |TAMS 0x0000000082700000| PB 0x0000000082700000| Untracked 
|  40|0x0000000082800000, 0x0000000082900000, 0x0000000082900000|100%| O|  |TAMS 0x0000000082800000| PB 0x0000000082800000| Untracked 
|  41|0x0000000082900000, 0x0000000082a00000, 0x0000000082a00000|100%|HS|  |TAMS 0x0000000082900000| PB 0x0000000082900000| Complete 
|  42|0x0000000082a00000, 0x0000000082b00000, 0x0000000082b00000|100%| O|  |TAMS 0x0000000082a00000| PB 0x0000000082a00000| Untracked 
|  43|0x0000000082b00000, 0x0000000082c00000, 0x0000000082c00000|100%|HS|  |TAMS 0x0000000082b00000| PB 0x0000000082b00000| Complete 
|  44|0x0000000082c00000, 0x0000000082d00000, 0x0000000082d00000|100%| O|  |TAMS 0x0000000082c00000| PB 0x0000000082c00000| Untracked 
|  45|0x0000000082d00000, 0x0000000082e00000, 0x0000000082e00000|100%| O|  |TAMS 0x0000000082d00000| PB 0x0000000082d00000| Untracked 
|  46|0x0000000082e00000, 0x0000000082f00000, 0x0000000082f00000|100%|HS|  |TAMS 0x0000000082e00000| PB 0x0000000082e00000| Complete 
|  47|0x0000000082f00000, 0x0000000083000000, 0x0000000083000000|100%|HC|  |TAMS 0x0000000082f00000| PB 0x0000000082f00000| Complete 
|  48|0x0000000083000000, 0x0000000083100000, 0x0000000083100000|100%|HS|  |TAMS 0x0000000083000000| PB 0x0000000083000000| Complete 
|  49|0x0000000083100000, 0x0000000083200000, 0x0000000083200000|100%|HC|  |TAMS 0x0000000083100000| PB 0x0000000083100000| Complete 
|  50|0x0000000083200000, 0x0000000083300000, 0x0000000083300000|100%|HS|  |TAMS 0x0000000083200000| PB 0x0000000083200000| Complete 
|  51|0x0000000083300000, 0x0000000083400000, 0x0000000083400000|100%|HS|  |TAMS 0x0000000083300000| PB 0x0000000083300000| Complete 
|  52|0x0000000083400000, 0x0000000083500000, 0x0000000083500000|100%|HC|  |TAMS 0x0000000083400000| PB 0x0000000083400000| Complete 
|  53|0x0000000083500000, 0x0000000083600000, 0x0000000083600000|100%|HC|  |TAMS 0x0000000083500000| PB 0x0000000083500000| Complete 
|  54|0x0000000083600000, 0x0000000083700000, 0x0000000083700000|100%|HS|  |TAMS 0x0000000083600000| PB 0x0000000083600000| Complete 
|  55|0x0000000083700000, 0x0000000083800000, 0x0000000083800000|100%| O|  |TAMS 0x0000000083700000| PB 0x0000000083700000| Untracked 
|  56|0x0000000083800000, 0x0000000083900000, 0x0000000083900000|100%|HS|  |TAMS 0x0000000083800000| PB 0x0000000083800000| Complete 
|  57|0x0000000083900000, 0x0000000083a00000, 0x0000000083a00000|100%|HS|  |TAMS 0x0000000083900000| PB 0x0000000083900000| Complete 
|  58|0x0000000083a00000, 0x0000000083b00000, 0x0000000083b00000|100%| O|  |TAMS 0x0000000083a00000| PB 0x0000000083a00000| Untracked 
|  59|0x0000000083b00000, 0x0000000083c00000, 0x0000000083c00000|100%| O|  |TAMS 0x0000000083b00000| PB 0x0000000083b00000| Untracked 
|  60|0x0000000083c00000, 0x0000000083d00000, 0x0000000083d00000|100%| O|  |TAMS 0x0000000083c00000| PB 0x0000000083c00000| Untracked 
|  61|0x0000000083d00000, 0x0000000083e00000, 0x0000000083e00000|100%|HS|  |TAMS 0x0000000083d00000| PB 0x0000000083d00000| Complete 
|  62|0x0000000083e00000, 0x0000000083f00000, 0x0000000083f00000|100%| O|  |TAMS 0x0000000083e00000| PB 0x0000000083e00000| Untracked 
|  63|0x0000000083f00000, 0x0000000084000000, 0x0000000084000000|100%| O|  |TAMS 0x0000000083f00000| PB 0x0000000083f00000| Untracked 
|  64|0x0000000084000000, 0x0000000084100000, 0x0000000084100000|100%| O|  |TAMS 0x0000000084000000| PB 0x0000000084000000| Untracked 
|  65|0x0000000084100000, 0x0000000084200000, 0x0000000084200000|100%| O|  |TAMS 0x0000000084100000| PB 0x0000000084100000| Untracked 
|  66|0x0000000084200000, 0x0000000084300000, 0x0000000084300000|100%| O|  |TAMS 0x0000000084200000| PB 0x0000000084200000| Untracked 
|  67|0x0000000084300000, 0x0000000084400000, 0x0000000084400000|100%| O|  |TAMS 0x0000000084300000| PB 0x0000000084300000| Untracked 
|  68|0x0000000084400000, 0x0000000084500000, 0x0000000084500000|100%|HS|  |TAMS 0x0000000084400000| PB 0x0000000084400000| Complete 
|  69|0x0000000084500000, 0x0000000084600000, 0x0000000084600000|100%|HC|  |TAMS 0x0000000084500000| PB 0x0000000084500000| Complete 
|  70|0x0000000084600000, 0x0000000084700000, 0x0000000084700000|100%|HC|  |TAMS 0x0000000084600000| PB 0x0000000084600000| Complete 
|  71|0x0000000084700000, 0x0000000084800000, 0x0000000084800000|100%| O|  |TAMS 0x0000000084700000| PB 0x0000000084700000| Untracked 
|  72|0x0000000084800000, 0x0000000084900000, 0x0000000084900000|100%| O|  |TAMS 0x0000000084800000| PB 0x0000000084800000| Untracked 
|  73|0x0000000084900000, 0x0000000084a00000, 0x0000000084a00000|100%| O|  |TAMS 0x0000000084900000| PB 0x0000000084900000| Untracked 
|  74|0x0000000084a00000, 0x0000000084b00000, 0x0000000084b00000|100%| O|  |TAMS 0x0000000084a00000| PB 0x0000000084a00000| Untracked 
|  75|0x0000000084b00000, 0x0000000084c00000, 0x0000000084c00000|100%| O|  |TAMS 0x0000000084b00000| PB 0x0000000084b00000| Untracked 
|  76|0x0000000084c00000, 0x0000000084d00000, 0x0000000084d00000|100%| O|  |TAMS 0x0000000084c00000| PB 0x0000000084c00000| Untracked 
|  77|0x0000000084d00000, 0x0000000084e00000, 0x0000000084e00000|100%| O|  |TAMS 0x0000000084d00000| PB 0x0000000084d00000| Untracked 
|  78|0x0000000084e00000, 0x0000000084f00000, 0x0000000084f00000|100%| O|  |TAMS 0x0000000084e00000| PB 0x0000000084e00000| Untracked 
|  79|0x0000000084f00000, 0x0000000085000000, 0x0000000085000000|100%| O|  |TAMS 0x0000000084f00000| PB 0x0000000084f00000| Untracked 
|  80|0x0000000085000000, 0x0000000085100000, 0x0000000085100000|100%| O|  |TAMS 0x0000000085000000| PB 0x0000000085000000| Untracked 
|  81|0x0000000085100000, 0x0000000085200000, 0x0000000085200000|100%| O|  |TAMS 0x0000000085100000| PB 0x0000000085100000| Untracked 
|  82|0x0000000085200000, 0x0000000085300000, 0x0000000085300000|100%| O|  |TAMS 0x0000000085200000| PB 0x0000000085200000| Untracked 
|  83|0x0000000085300000, 0x0000000085400000, 0x0000000085400000|100%| O|  |TAMS 0x0000000085300000| PB 0x0000000085300000| Untracked 
|  84|0x0000000085400000, 0x0000000085500000, 0x0000000085500000|100%| O|  |TAMS 0x0000000085400000| PB 0x0000000085400000| Untracked 
|  85|0x0000000085500000, 0x0000000085600000, 0x0000000085600000|100%| O|  |TAMS 0x0000000085500000| PB 0x0000000085500000| Untracked 
|  86|0x0000000085600000, 0x0000000085700000, 0x0000000085700000|100%| O|  |TAMS 0x0000000085600000| PB 0x0000000085600000| Untracked 
|  87|0x0000000085700000, 0x0000000085800000, 0x0000000085800000|100%| O|  |TAMS 0x0000000085700000| PB 0x0000000085700000| Untracked 
|  88|0x0000000085800000, 0x0000000085900000, 0x0000000085900000|100%| O|  |TAMS 0x0000000085800000| PB 0x0000000085800000| Untracked 
|  89|0x0000000085900000, 0x0000000085a00000, 0x0000000085a00000|100%| O|  |TAMS 0x0000000085900000| PB 0x0000000085900000| Untracked 
|  90|0x0000000085a00000, 0x0000000085b00000, 0x0000000085b00000|100%| O|  |TAMS 0x0000000085a00000| PB 0x0000000085a00000| Untracked 
|  91|0x0000000085b00000, 0x0000000085c00000, 0x0000000085c00000|100%| O|  |TAMS 0x0000000085b00000| PB 0x0000000085b00000| Untracked 
|  92|0x0000000085c00000, 0x0000000085d00000, 0x0000000085d00000|100%| O|  |TAMS 0x0000000085c00000| PB 0x0000000085c00000| Untracked 
|  93|0x0000000085d00000, 0x0000000085e00000, 0x0000000085e00000|100%| O|  |TAMS 0x0000000085d00000| PB 0x0000000085d00000| Untracked 
|  94|0x0000000085e00000, 0x0000000085f00000, 0x0000000085f00000|100%| O|  |TAMS 0x0000000085e00000| PB 0x0000000085e00000| Untracked 
|  95|0x0000000085f00000, 0x0000000086000000, 0x0000000086000000|100%| O|  |TAMS 0x0000000085f00000| PB 0x0000000085f00000| Untracked 
|  96|0x0000000086000000, 0x0000000086100000, 0x0000000086100000|100%| O|  |TAMS 0x0000000086000000| PB 0x0000000086000000| Untracked 
|  97|0x0000000086100000, 0x0000000086200000, 0x0000000086200000|100%| O|  |TAMS 0x0000000086100000| PB 0x0000000086100000| Untracked 
|  98|0x0000000086200000, 0x0000000086300000, 0x0000000086300000|100%| O|  |TAMS 0x0000000086200000| PB 0x0000000086200000| Untracked 
|  99|0x0000000086300000, 0x0000000086400000, 0x0000000086400000|100%| O|  |TAMS 0x0000000086300000| PB 0x0000000086300000| Untracked 
| 100|0x0000000086400000, 0x0000000086500000, 0x0000000086500000|100%| O|  |TAMS 0x0000000086400000| PB 0x0000000086400000| Untracked 
| 101|0x0000000086500000, 0x0000000086600000, 0x0000000086600000|100%| O|  |TAMS 0x0000000086500000| PB 0x0000000086500000| Untracked 
| 102|0x0000000086600000, 0x0000000086700000, 0x0000000086700000|100%| O|  |TAMS 0x0000000086600000| PB 0x0000000086600000| Untracked 
| 103|0x0000000086700000, 0x0000000086800000, 0x0000000086800000|100%| O|  |TAMS 0x0000000086700000| PB 0x0000000086700000| Untracked 
| 104|0x0000000086800000, 0x0000000086900000, 0x0000000086900000|100%| O|  |TAMS 0x0000000086800000| PB 0x0000000086800000| Untracked 
| 105|0x0000000086900000, 0x0000000086a00000, 0x0000000086a00000|100%| O|  |TAMS 0x0000000086900000| PB 0x0000000086900000| Untracked 
| 106|0x0000000086a00000, 0x0000000086b00000, 0x0000000086b00000|100%| O|  |TAMS 0x0000000086a00000| PB 0x0000000086a00000| Untracked 
| 107|0x0000000086b00000, 0x0000000086c00000, 0x0000000086c00000|100%| O|  |TAMS 0x0000000086b00000| PB 0x0000000086b00000| Untracked 
| 108|0x0000000086c00000, 0x0000000086d00000, 0x0000000086d00000|100%| O|  |TAMS 0x0000000086c00000| PB 0x0000000086c00000| Untracked 
| 109|0x0000000086d00000, 0x0000000086e00000, 0x0000000086e00000|100%| O|  |TAMS 0x0000000086d00000| PB 0x0000000086d00000| Untracked 
| 110|0x0000000086e00000, 0x0000000086f00000, 0x0000000086f00000|100%| O|  |TAMS 0x0000000086e00000| PB 0x0000000086e00000| Untracked 
| 111|0x0000000086f00000, 0x0000000087000000, 0x0000000087000000|100%| O|  |TAMS 0x0000000086f00000| PB 0x0000000086f00000| Untracked 
| 112|0x0000000087000000, 0x0000000087100000, 0x0000000087100000|100%|HS|  |TAMS 0x0000000087000000| PB 0x0000000087000000| Complete 
| 113|0x0000000087100000, 0x0000000087200000, 0x0000000087200000|100%|HC|  |TAMS 0x0000000087100000| PB 0x0000000087100000| Complete 
| 114|0x0000000087200000, 0x0000000087300000, 0x0000000087300000|100%| O|  |TAMS 0x0000000087200000| PB 0x0000000087200000| Untracked 
| 115|0x0000000087300000, 0x0000000087400000, 0x0000000087400000|100%| O|  |TAMS 0x0000000087300000| PB 0x0000000087300000| Untracked 
| 116|0x0000000087400000, 0x0000000087500000, 0x0000000087500000|100%| O|  |TAMS 0x0000000087400000| PB 0x0000000087400000| Untracked 
| 117|0x0000000087500000, 0x0000000087600000, 0x0000000087600000|100%| O|  |TAMS 0x0000000087500000| PB 0x0000000087500000| Untracked 
| 118|0x0000000087600000, 0x0000000087700000, 0x0000000087700000|100%| O|  |TAMS 0x0000000087600000| PB 0x0000000087600000| Untracked 
| 119|0x0000000087700000, 0x0000000087800000, 0x0000000087800000|100%| O|  |TAMS 0x0000000087700000| PB 0x0000000087700000| Untracked 
| 120|0x0000000087800000, 0x0000000087900000, 0x0000000087900000|100%| O|  |TAMS 0x0000000087800000| PB 0x0000000087800000| Untracked 
| 121|0x0000000087900000, 0x0000000087a00000, 0x0000000087a00000|100%| O|  |TAMS 0x0000000087900000| PB 0x0000000087900000| Untracked 
| 122|0x0000000087a00000, 0x0000000087b00000, 0x0000000087b00000|100%| O|  |TAMS 0x0000000087a00000| PB 0x0000000087a00000| Untracked 
| 123|0x0000000087b00000, 0x0000000087c00000, 0x0000000087c00000|100%| O|  |TAMS 0x0000000087b00000| PB 0x0000000087b00000| Untracked 
| 124|0x0000000087c00000, 0x0000000087d00000, 0x0000000087d00000|100%| O|  |TAMS 0x0000000087c00000| PB 0x0000000087c00000| Untracked 
| 125|0x0000000087d00000, 0x0000000087e00000, 0x0000000087e00000|100%| O|  |TAMS 0x0000000087d00000| PB 0x0000000087d00000| Untracked 
| 126|0x0000000087e00000, 0x0000000087f00000, 0x0000000087f00000|100%| O|  |TAMS 0x0000000087e00000| PB 0x0000000087e00000| Untracked 
| 127|0x0000000087f00000, 0x0000000088000000, 0x0000000088000000|100%| O|  |TAMS 0x0000000087f00000| PB 0x0000000087f00000| Untracked 
| 128|0x0000000088000000, 0x0000000088100000, 0x0000000088100000|100%| O|  |TAMS 0x0000000088000000| PB 0x0000000088000000| Untracked 
| 129|0x0000000088100000, 0x0000000088200000, 0x0000000088200000|100%| O|  |TAMS 0x0000000088100000| PB 0x0000000088100000| Untracked 
| 130|0x0000000088200000, 0x0000000088300000, 0x0000000088300000|100%| O|  |TAMS 0x0000000088200000| PB 0x0000000088200000| Untracked 
| 131|0x0000000088300000, 0x0000000088400000, 0x0000000088400000|100%| O|  |TAMS 0x0000000088300000| PB 0x0000000088300000| Untracked 
| 132|0x0000000088400000, 0x0000000088500000, 0x0000000088500000|100%| O|  |TAMS 0x0000000088400000| PB 0x0000000088400000| Untracked 
| 133|0x0000000088500000, 0x0000000088600000, 0x0000000088600000|100%| O|  |TAMS 0x0000000088500000| PB 0x0000000088500000| Untracked 
| 134|0x0000000088600000, 0x0000000088700000, 0x0000000088700000|100%| O|  |TAMS 0x0000000088600000| PB 0x0000000088600000| Untracked 
| 135|0x0000000088700000, 0x0000000088800000, 0x0000000088800000|100%| O|  |TAMS 0x0000000088700000| PB 0x0000000088700000| Untracked 
| 136|0x0000000088800000, 0x0000000088900000, 0x0000000088900000|100%| O|  |TAMS 0x0000000088800000| PB 0x0000000088800000| Untracked 
| 137|0x0000000088900000, 0x0000000088a00000, 0x0000000088a00000|100%| O|  |TAMS 0x0000000088900000| PB 0x0000000088900000| Untracked 
| 138|0x0000000088a00000, 0x0000000088b00000, 0x0000000088b00000|100%| O|  |TAMS 0x0000000088a00000| PB 0x0000000088a00000| Untracked 
| 139|0x0000000088b00000, 0x0000000088c00000, 0x0000000088c00000|100%| O|  |TAMS 0x0000000088b00000| PB 0x0000000088b00000| Untracked 
| 140|0x0000000088c00000, 0x0000000088d00000, 0x0000000088d00000|100%| O|  |TAMS 0x0000000088c00000| PB 0x0000000088c00000| Untracked 
| 141|0x0000000088d00000, 0x0000000088e00000, 0x0000000088e00000|100%| O|  |TAMS 0x0000000088d00000| PB 0x0000000088d00000| Untracked 
| 142|0x0000000088e00000, 0x0000000088f00000, 0x0000000088f00000|100%| O|  |TAMS 0x0000000088e00000| PB 0x0000000088e00000| Untracked 
| 143|0x0000000088f00000, 0x0000000089000000, 0x0000000089000000|100%| O|  |TAMS 0x0000000088f00000| PB 0x0000000088f00000| Untracked 
| 144|0x0000000089000000, 0x0000000089100000, 0x0000000089100000|100%| O|  |TAMS 0x0000000089000000| PB 0x0000000089000000| Untracked 
| 145|0x0000000089100000, 0x0000000089200000, 0x0000000089200000|100%| O|  |TAMS 0x0000000089100000| PB 0x0000000089100000| Untracked 
| 146|0x0000000089200000, 0x0000000089300000, 0x0000000089300000|100%| O|  |TAMS 0x0000000089200000| PB 0x0000000089200000| Untracked 
| 147|0x0000000089300000, 0x0000000089400000, 0x0000000089400000|100%| O|  |TAMS 0x0000000089300000| PB 0x0000000089300000| Untracked 
| 148|0x0000000089400000, 0x0000000089500000, 0x0000000089500000|100%| O|  |TAMS 0x0000000089400000| PB 0x0000000089400000| Untracked 
| 149|0x0000000089500000, 0x0000000089600000, 0x0000000089600000|100%| O|  |TAMS 0x0000000089500000| PB 0x0000000089500000| Untracked 
| 150|0x0000000089600000, 0x0000000089700000, 0x0000000089700000|100%| O|  |TAMS 0x0000000089600000| PB 0x0000000089600000| Untracked 
| 151|0x0000000089700000, 0x0000000089800000, 0x0000000089800000|100%| O|  |TAMS 0x0000000089700000| PB 0x0000000089700000| Untracked 
| 152|0x0000000089800000, 0x0000000089900000, 0x0000000089900000|100%| O|  |TAMS 0x0000000089800000| PB 0x0000000089800000| Untracked 
| 153|0x0000000089900000, 0x0000000089a00000, 0x0000000089a00000|100%| O|  |TAMS 0x0000000089900000| PB 0x0000000089900000| Untracked 
| 154|0x0000000089a00000, 0x0000000089b00000, 0x0000000089b00000|100%| O|  |TAMS 0x0000000089a00000| PB 0x0000000089a00000| Untracked 
| 155|0x0000000089b00000, 0x0000000089c00000, 0x0000000089c00000|100%| O|  |TAMS 0x0000000089b00000| PB 0x0000000089b00000| Untracked 
| 156|0x0000000089c00000, 0x0000000089d00000, 0x0000000089d00000|100%| O|  |TAMS 0x0000000089c00000| PB 0x0000000089c00000| Untracked 
| 157|0x0000000089d00000, 0x0000000089e00000, 0x0000000089e00000|100%| O|  |TAMS 0x0000000089d00000| PB 0x0000000089d00000| Untracked 
| 158|0x0000000089e00000, 0x0000000089f00000, 0x0000000089f00000|100%| O|  |TAMS 0x0000000089e00000| PB 0x0000000089e00000| Untracked 
| 159|0x0000000089f00000, 0x000000008a000000, 0x000000008a000000|100%| O|  |TAMS 0x0000000089f00000| PB 0x0000000089f00000| Untracked 
| 160|0x000000008a000000, 0x000000008a100000, 0x000000008a100000|100%| O|  |TAMS 0x000000008a000000| PB 0x000000008a000000| Untracked 
| 161|0x000000008a100000, 0x000000008a200000, 0x000000008a200000|100%| O|  |TAMS 0x000000008a100000| PB 0x000000008a100000| Untracked 
| 162|0x000000008a200000, 0x000000008a300000, 0x000000008a300000|100%| O|  |TAMS 0x000000008a200000| PB 0x000000008a200000| Untracked 
| 163|0x000000008a300000, 0x000000008a400000, 0x000000008a400000|100%| O|  |TAMS 0x000000008a300000| PB 0x000000008a300000| Untracked 
| 164|0x000000008a400000, 0x000000008a500000, 0x000000008a500000|100%| O|  |TAMS 0x000000008a400000| PB 0x000000008a400000| Untracked 
| 165|0x000000008a500000, 0x000000008a600000, 0x000000008a600000|100%| O|  |TAMS 0x000000008a500000| PB 0x000000008a500000| Untracked 
| 166|0x000000008a600000, 0x000000008a700000, 0x000000008a700000|100%| O|  |TAMS 0x000000008a600000| PB 0x000000008a600000| Untracked 
| 167|0x000000008a700000, 0x000000008a800000, 0x000000008a800000|100%| O|  |TAMS 0x000000008a700000| PB 0x000000008a700000| Untracked 
| 168|0x000000008a800000, 0x000000008a900000, 0x000000008a900000|100%| O|  |TAMS 0x000000008a800000| PB 0x000000008a800000| Untracked 
| 169|0x000000008a900000, 0x000000008aa00000, 0x000000008aa00000|100%| O|  |TAMS 0x000000008a900000| PB 0x000000008a900000| Untracked 
| 170|0x000000008aa00000, 0x000000008ab00000, 0x000000008ab00000|100%| O|  |TAMS 0x000000008aa00000| PB 0x000000008aa00000| Untracked 
| 171|0x000000008ab00000, 0x000000008ac00000, 0x000000008ac00000|100%| O|  |TAMS 0x000000008ab00000| PB 0x000000008ab00000| Untracked 
| 172|0x000000008ac00000, 0x000000008ad00000, 0x000000008ad00000|100%| O|  |TAMS 0x000000008ac00000| PB 0x000000008ac00000| Untracked 
| 173|0x000000008ad00000, 0x000000008ae00000, 0x000000008ae00000|100%| O|  |TAMS 0x000000008ad00000| PB 0x000000008ad00000| Untracked 
| 174|0x000000008ae00000, 0x000000008af00000, 0x000000008af00000|100%| O|  |TAMS 0x000000008ae00000| PB 0x000000008ae00000| Untracked 
| 175|0x000000008af00000, 0x000000008b000000, 0x000000008b000000|100%| O|  |TAMS 0x000000008af00000| PB 0x000000008af00000| Untracked 
| 176|0x000000008b000000, 0x000000008b100000, 0x000000008b100000|100%| O|  |TAMS 0x000000008b000000| PB 0x000000008b000000| Untracked 
| 177|0x000000008b100000, 0x000000008b200000, 0x000000008b200000|100%| O|  |TAMS 0x000000008b100000| PB 0x000000008b100000| Untracked 
| 178|0x000000008b200000, 0x000000008b300000, 0x000000008b300000|100%| O|  |TAMS 0x000000008b200000| PB 0x000000008b200000| Untracked 
| 179|0x000000008b300000, 0x000000008b400000, 0x000000008b400000|100%| O|  |TAMS 0x000000008b300000| PB 0x000000008b300000| Untracked 
| 180|0x000000008b400000, 0x000000008b500000, 0x000000008b500000|100%| O|  |TAMS 0x000000008b400000| PB 0x000000008b400000| Untracked 
| 181|0x000000008b500000, 0x000000008b600000, 0x000000008b600000|100%| O|  |TAMS 0x000000008b500000| PB 0x000000008b500000| Untracked 
| 182|0x000000008b600000, 0x000000008b700000, 0x000000008b700000|100%| O|  |TAMS 0x000000008b600000| PB 0x000000008b600000| Untracked 
| 183|0x000000008b700000, 0x000000008b800000, 0x000000008b800000|100%| O|  |TAMS 0x000000008b700000| PB 0x000000008b700000| Untracked 
| 184|0x000000008b800000, 0x000000008b900000, 0x000000008b900000|100%| O|  |TAMS 0x000000008b800000| PB 0x000000008b800000| Untracked 
| 185|0x000000008b900000, 0x000000008ba00000, 0x000000008ba00000|100%| O|  |TAMS 0x000000008b900000| PB 0x000000008b900000| Untracked 
| 186|0x000000008ba00000, 0x000000008bb00000, 0x000000008bb00000|100%| O|  |TAMS 0x000000008ba00000| PB 0x000000008ba00000| Untracked 
| 187|0x000000008bb00000, 0x000000008bc00000, 0x000000008bc00000|100%| O|  |TAMS 0x000000008bb00000| PB 0x000000008bb00000| Untracked 
| 188|0x000000008bc00000, 0x000000008bd00000, 0x000000008bd00000|100%| O|  |TAMS 0x000000008bc00000| PB 0x000000008bc00000| Untracked 
| 189|0x000000008bd00000, 0x000000008be00000, 0x000000008be00000|100%| O|  |TAMS 0x000000008bd00000| PB 0x000000008bd00000| Untracked 
| 190|0x000000008be00000, 0x000000008bf00000, 0x000000008bf00000|100%| O|  |TAMS 0x000000008be00000| PB 0x000000008be00000| Untracked 
| 191|0x000000008bf00000, 0x000000008c000000, 0x000000008c000000|100%| O|  |TAMS 0x000000008bf00000| PB 0x000000008bf00000| Untracked 
| 192|0x000000008c000000, 0x000000008c100000, 0x000000008c100000|100%| O|  |TAMS 0x000000008c000000| PB 0x000000008c000000| Untracked 
| 193|0x000000008c100000, 0x000000008c200000, 0x000000008c200000|100%| O|  |TAMS 0x000000008c100000| PB 0x000000008c100000| Untracked 
| 194|0x000000008c200000, 0x000000008c300000, 0x000000008c300000|100%| O|  |TAMS 0x000000008c200000| PB 0x000000008c200000| Untracked 
| 195|0x000000008c300000, 0x000000008c400000, 0x000000008c400000|100%| O|  |TAMS 0x000000008c300000| PB 0x000000008c300000| Untracked 
| 196|0x000000008c400000, 0x000000008c500000, 0x000000008c500000|100%| O|  |TAMS 0x000000008c400000| PB 0x000000008c400000| Untracked 
| 197|0x000000008c500000, 0x000000008c600000, 0x000000008c600000|100%| O|  |TAMS 0x000000008c500000| PB 0x000000008c500000| Untracked 
| 198|0x000000008c600000, 0x000000008c700000, 0x000000008c700000|100%| O|  |TAMS 0x000000008c600000| PB 0x000000008c600000| Untracked 
| 199|0x000000008c700000, 0x000000008c800000, 0x000000008c800000|100%| O|  |TAMS 0x000000008c700000| PB 0x000000008c700000| Untracked 
| 200|0x000000008c800000, 0x000000008c900000, 0x000000008c900000|100%| O|  |TAMS 0x000000008c800000| PB 0x000000008c800000| Untracked 
| 201|0x000000008c900000, 0x000000008ca00000, 0x000000008ca00000|100%| O|  |TAMS 0x000000008c900000| PB 0x000000008c900000| Untracked 
| 202|0x000000008ca00000, 0x000000008cb00000, 0x000000008cb00000|100%| O|  |TAMS 0x000000008ca00000| PB 0x000000008ca00000| Untracked 
| 203|0x000000008cb00000, 0x000000008cc00000, 0x000000008cc00000|100%| O|  |TAMS 0x000000008cb00000| PB 0x000000008cb00000| Untracked 
| 204|0x000000008cc00000, 0x000000008cd00000, 0x000000008cd00000|100%| O|  |TAMS 0x000000008cc00000| PB 0x000000008cc00000| Untracked 
| 205|0x000000008cd00000, 0x000000008ce00000, 0x000000008ce00000|100%| O|  |TAMS 0x000000008cd00000| PB 0x000000008cd00000| Untracked 
| 206|0x000000008ce00000, 0x000000008cf00000, 0x000000008cf00000|100%| O|  |TAMS 0x000000008ce00000| PB 0x000000008ce00000| Untracked 
| 207|0x000000008cf00000, 0x000000008d000000, 0x000000008d000000|100%| O|  |TAMS 0x000000008cf00000| PB 0x000000008cf00000| Untracked 
| 208|0x000000008d000000, 0x000000008d100000, 0x000000008d100000|100%| O|  |TAMS 0x000000008d000000| PB 0x000000008d000000| Untracked 
| 209|0x000000008d100000, 0x000000008d200000, 0x000000008d200000|100%| O|  |TAMS 0x000000008d100000| PB 0x000000008d100000| Untracked 
| 210|0x000000008d200000, 0x000000008d300000, 0x000000008d300000|100%| O|  |TAMS 0x000000008d200000| PB 0x000000008d200000| Untracked 
| 211|0x000000008d300000, 0x000000008d400000, 0x000000008d400000|100%| O|  |TAMS 0x000000008d300000| PB 0x000000008d300000| Untracked 
| 212|0x000000008d400000, 0x000000008d500000, 0x000000008d500000|100%| O|  |TAMS 0x000000008d400000| PB 0x000000008d400000| Untracked 
| 213|0x000000008d500000, 0x000000008d600000, 0x000000008d600000|100%| O|  |TAMS 0x000000008d500000| PB 0x000000008d500000| Untracked 
| 214|0x000000008d600000, 0x000000008d700000, 0x000000008d700000|100%| O|  |TAMS 0x000000008d600000| PB 0x000000008d600000| Untracked 
| 215|0x000000008d700000, 0x000000008d800000, 0x000000008d800000|100%| O|  |TAMS 0x000000008d700000| PB 0x000000008d700000| Untracked 
| 216|0x000000008d800000, 0x000000008d900000, 0x000000008d900000|100%| O|  |TAMS 0x000000008d800000| PB 0x000000008d800000| Untracked 
| 217|0x000000008d900000, 0x000000008da00000, 0x000000008da00000|100%| O|  |TAMS 0x000000008d900000| PB 0x000000008d900000| Untracked 
| 218|0x000000008da00000, 0x000000008db00000, 0x000000008db00000|100%| O|  |TAMS 0x000000008da00000| PB 0x000000008da00000| Untracked 
| 219|0x000000008db00000, 0x000000008dc00000, 0x000000008dc00000|100%| O|  |TAMS 0x000000008db00000| PB 0x000000008db00000| Untracked 
| 220|0x000000008dc00000, 0x000000008dd00000, 0x000000008dd00000|100%| O|  |TAMS 0x000000008dc00000| PB 0x000000008dc00000| Untracked 
| 221|0x000000008dd00000, 0x000000008de00000, 0x000000008de00000|100%| O|  |TAMS 0x000000008dd00000| PB 0x000000008dd00000| Untracked 
| 222|0x000000008de00000, 0x000000008df00000, 0x000000008df00000|100%| O|  |TAMS 0x000000008de00000| PB 0x000000008de00000| Untracked 
| 223|0x000000008df00000, 0x000000008e000000, 0x000000008e000000|100%| O|  |TAMS 0x000000008df00000| PB 0x000000008df00000| Untracked 
| 224|0x000000008e000000, 0x000000008e100000, 0x000000008e100000|100%| O|  |TAMS 0x000000008e000000| PB 0x000000008e000000| Untracked 
| 225|0x000000008e100000, 0x000000008e200000, 0x000000008e200000|100%| O|  |TAMS 0x000000008e100000| PB 0x000000008e100000| Untracked 
| 226|0x000000008e200000, 0x000000008e300000, 0x000000008e300000|100%| O|  |TAMS 0x000000008e200000| PB 0x000000008e200000| Untracked 
| 227|0x000000008e300000, 0x000000008e400000, 0x000000008e400000|100%| O|  |TAMS 0x000000008e300000| PB 0x000000008e300000| Untracked 
| 228|0x000000008e400000, 0x000000008e500000, 0x000000008e500000|100%| O|  |TAMS 0x000000008e400000| PB 0x000000008e400000| Untracked 
| 229|0x000000008e500000, 0x000000008e600000, 0x000000008e600000|100%| O|  |TAMS 0x000000008e500000| PB 0x000000008e500000| Untracked 
| 230|0x000000008e600000, 0x000000008e700000, 0x000000008e700000|100%| O|  |TAMS 0x000000008e600000| PB 0x000000008e600000| Untracked 
| 231|0x000000008e700000, 0x000000008e800000, 0x000000008e800000|100%| O|  |TAMS 0x000000008e700000| PB 0x000000008e700000| Untracked 
| 232|0x000000008e800000, 0x000000008e900000, 0x000000008e900000|100%| O|  |TAMS 0x000000008e800000| PB 0x000000008e800000| Untracked 
| 233|0x000000008e900000, 0x000000008ea00000, 0x000000008ea00000|100%| O|  |TAMS 0x000000008e900000| PB 0x000000008e900000| Untracked 
| 234|0x000000008ea00000, 0x000000008eb00000, 0x000000008eb00000|100%| O|  |TAMS 0x000000008ea00000| PB 0x000000008ea00000| Untracked 
| 235|0x000000008eb00000, 0x000000008eb00000, 0x000000008ec00000|  0%| F|  |TAMS 0x000000008eb00000| PB 0x000000008eb00000| Untracked 
| 236|0x000000008ec00000, 0x000000008ed00000, 0x000000008ed00000|100%| O|  |TAMS 0x000000008ec00000| PB 0x000000008ec00000| Untracked 
| 237|0x000000008ed00000, 0x000000008ee00000, 0x000000008ee00000|100%| O|  |TAMS 0x000000008ed00000| PB 0x000000008ed00000| Untracked 
| 238|0x000000008ee00000, 0x000000008ef00000, 0x000000008ef00000|100%| O|  |TAMS 0x000000008ee00000| PB 0x000000008ee00000| Untracked 
| 239|0x000000008ef00000, 0x000000008f000000, 0x000000008f000000|100%| O|  |TAMS 0x000000008ef00000| PB 0x000000008ef00000| Untracked 
| 240|0x000000008f000000, 0x000000008f100000, 0x000000008f100000|100%| O|  |TAMS 0x000000008f000000| PB 0x000000008f000000| Untracked 
| 241|0x000000008f100000, 0x000000008f200000, 0x000000008f200000|100%| O|  |TAMS 0x000000008f100000| PB 0x000000008f100000| Untracked 
| 242|0x000000008f200000, 0x000000008f300000, 0x000000008f300000|100%| O|  |TAMS 0x000000008f200000| PB 0x000000008f200000| Untracked 
| 243|0x000000008f300000, 0x000000008f400000, 0x000000008f400000|100%| O|  |TAMS 0x000000008f300000| PB 0x000000008f300000| Untracked 
| 244|0x000000008f400000, 0x000000008f500000, 0x000000008f500000|100%| O|  |TAMS 0x000000008f400000| PB 0x000000008f400000| Untracked 
| 245|0x000000008f500000, 0x000000008f600000, 0x000000008f600000|100%| O|  |TAMS 0x000000008f500000| PB 0x000000008f500000| Untracked 
| 246|0x000000008f600000, 0x000000008f700000, 0x000000008f700000|100%| O|  |TAMS 0x000000008f600000| PB 0x000000008f600000| Untracked 
| 247|0x000000008f700000, 0x000000008f800000, 0x000000008f800000|100%| O|  |TAMS 0x000000008f700000| PB 0x000000008f700000| Untracked 
| 248|0x000000008f800000, 0x000000008f900000, 0x000000008f900000|100%| O|  |TAMS 0x000000008f800000| PB 0x000000008f800000| Untracked 
| 249|0x000000008f900000, 0x000000008fa00000, 0x000000008fa00000|100%| O|  |TAMS 0x000000008f900000| PB 0x000000008f900000| Untracked 
| 250|0x000000008fa00000, 0x000000008fb00000, 0x000000008fb00000|100%| O|  |TAMS 0x000000008fa00000| PB 0x000000008fa00000| Untracked 
| 251|0x000000008fb00000, 0x000000008fc00000, 0x000000008fc00000|100%| O|  |TAMS 0x000000008fb00000| PB 0x000000008fb00000| Untracked 
| 252|0x000000008fc00000, 0x000000008fd00000, 0x000000008fd00000|100%| O|  |TAMS 0x000000008fc00000| PB 0x000000008fc00000| Untracked 
| 253|0x000000008fd00000, 0x000000008fe00000, 0x000000008fe00000|100%| O|  |TAMS 0x000000008fd00000| PB 0x000000008fd00000| Untracked 
| 254|0x000000008fe00000, 0x000000008ff00000, 0x000000008ff00000|100%| O|  |TAMS 0x000000008fe00000| PB 0x000000008fe00000| Untracked 
| 255|0x000000008ff00000, 0x0000000090000000, 0x0000000090000000|100%| O|  |TAMS 0x000000008ff00000| PB 0x000000008ff00000| Untracked 
| 256|0x0000000090000000, 0x0000000090100000, 0x0000000090100000|100%| O|  |TAMS 0x0000000090000000| PB 0x0000000090000000| Untracked 
| 257|0x0000000090100000, 0x0000000090200000, 0x0000000090200000|100%| O|  |TAMS 0x0000000090100000| PB 0x0000000090100000| Untracked 
| 258|0x0000000090200000, 0x0000000090300000, 0x0000000090300000|100%| O|  |TAMS 0x0000000090200000| PB 0x0000000090200000| Untracked 
| 259|0x0000000090300000, 0x0000000090400000, 0x0000000090400000|100%| O|  |TAMS 0x0000000090300000| PB 0x0000000090300000| Untracked 
| 260|0x0000000090400000, 0x0000000090500000, 0x0000000090500000|100%| O|  |TAMS 0x0000000090400000| PB 0x0000000090400000| Untracked 
| 261|0x0000000090500000, 0x0000000090600000, 0x0000000090600000|100%| O|  |TAMS 0x0000000090500000| PB 0x0000000090500000| Untracked 
| 262|0x0000000090600000, 0x0000000090700000, 0x0000000090700000|100%| O|  |TAMS 0x0000000090600000| PB 0x0000000090600000| Untracked 
| 263|0x0000000090700000, 0x0000000090700000, 0x0000000090800000|  0%| F|  |TAMS 0x0000000090700000| PB 0x0000000090700000| Untracked 
| 264|0x0000000090800000, 0x0000000090900000, 0x0000000090900000|100%| O|  |TAMS 0x0000000090800000| PB 0x0000000090800000| Untracked 
| 265|0x0000000090900000, 0x0000000090900000, 0x0000000090a00000|  0%| F|  |TAMS 0x0000000090900000| PB 0x0000000090900000| Untracked 
| 266|0x0000000090a00000, 0x0000000090b00000, 0x0000000090b00000|100%| O|  |TAMS 0x0000000090a00000| PB 0x0000000090a00000| Untracked 
| 267|0x0000000090b00000, 0x0000000090c00000, 0x0000000090c00000|100%| O|  |TAMS 0x0000000090b00000| PB 0x0000000090b00000| Untracked 
| 268|0x0000000090c00000, 0x0000000090d00000, 0x0000000090d00000|100%| O|  |TAMS 0x0000000090c00000| PB 0x0000000090c00000| Untracked 
| 269|0x0000000090d00000, 0x0000000090e00000, 0x0000000090e00000|100%| O|  |TAMS 0x0000000090d00000| PB 0x0000000090d00000| Untracked 
| 270|0x0000000090e00000, 0x0000000090f00000, 0x0000000090f00000|100%| O|  |TAMS 0x0000000090e00000| PB 0x0000000090e00000| Untracked 
| 271|0x0000000090f00000, 0x0000000091000000, 0x0000000091000000|100%| O|  |TAMS 0x0000000090f00000| PB 0x0000000090f00000| Untracked 
| 272|0x0000000091000000, 0x0000000091100000, 0x0000000091100000|100%| O|  |TAMS 0x0000000091000000| PB 0x0000000091000000| Untracked 
| 273|0x0000000091100000, 0x0000000091200000, 0x0000000091200000|100%| O|  |TAMS 0x0000000091100000| PB 0x0000000091100000| Untracked 
| 274|0x0000000091200000, 0x0000000091300000, 0x0000000091300000|100%| O|  |TAMS 0x0000000091200000| PB 0x0000000091200000| Untracked 
| 275|0x0000000091300000, 0x0000000091400000, 0x0000000091400000|100%| O|  |TAMS 0x0000000091300000| PB 0x0000000091300000| Untracked 
| 276|0x0000000091400000, 0x0000000091500000, 0x0000000091500000|100%| O|  |TAMS 0x0000000091400000| PB 0x0000000091400000| Untracked 
| 277|0x0000000091500000, 0x0000000091600000, 0x0000000091600000|100%| O|  |TAMS 0x0000000091500000| PB 0x0000000091500000| Untracked 
| 278|0x0000000091600000, 0x0000000091700000, 0x0000000091700000|100%| O|  |TAMS 0x0000000091600000| PB 0x0000000091600000| Untracked 
| 279|0x0000000091700000, 0x0000000091800000, 0x0000000091800000|100%| O|  |TAMS 0x0000000091700000| PB 0x0000000091700000| Untracked 
| 280|0x0000000091800000, 0x0000000091900000, 0x0000000091900000|100%| O|  |TAMS 0x0000000091800000| PB 0x0000000091800000| Untracked 
| 281|0x0000000091900000, 0x0000000091a00000, 0x0000000091a00000|100%| O|  |TAMS 0x0000000091900000| PB 0x0000000091900000| Untracked 
| 282|0x0000000091a00000, 0x0000000091b00000, 0x0000000091b00000|100%| O|  |TAMS 0x0000000091a00000| PB 0x0000000091a00000| Untracked 
| 283|0x0000000091b00000, 0x0000000091c00000, 0x0000000091c00000|100%| O|  |TAMS 0x0000000091b00000| PB 0x0000000091b00000| Untracked 
| 284|0x0000000091c00000, 0x0000000091d00000, 0x0000000091d00000|100%| O|  |TAMS 0x0000000091c00000| PB 0x0000000091c00000| Untracked 
| 285|0x0000000091d00000, 0x0000000091e00000, 0x0000000091e00000|100%| O|  |TAMS 0x0000000091d00000| PB 0x0000000091d00000| Untracked 
| 286|0x0000000091e00000, 0x0000000091f00000, 0x0000000091f00000|100%| O|  |TAMS 0x0000000091e00000| PB 0x0000000091e00000| Untracked 
| 287|0x0000000091f00000, 0x0000000091f00000, 0x0000000092000000|  0%| F|  |TAMS 0x0000000091f00000| PB 0x0000000091f00000| Untracked 
| 288|0x0000000092000000, 0x0000000092000000, 0x0000000092100000|  0%| F|  |TAMS 0x0000000092000000| PB 0x0000000092000000| Untracked 
| 289|0x0000000092100000, 0x0000000092200000, 0x0000000092200000|100%| O|  |TAMS 0x0000000092100000| PB 0x0000000092100000| Untracked 
| 290|0x0000000092200000, 0x0000000092300000, 0x0000000092300000|100%| O|  |TAMS 0x0000000092200000| PB 0x0000000092200000| Untracked 
| 291|0x0000000092300000, 0x0000000092400000, 0x0000000092400000|100%| O|  |TAMS 0x0000000092300000| PB 0x0000000092300000| Untracked 
| 292|0x0000000092400000, 0x0000000092500000, 0x0000000092500000|100%| O|  |TAMS 0x0000000092400000| PB 0x0000000092400000| Untracked 
| 293|0x0000000092500000, 0x0000000092600000, 0x0000000092600000|100%| O|  |TAMS 0x0000000092500000| PB 0x0000000092500000| Untracked 
| 294|0x0000000092600000, 0x0000000092700000, 0x0000000092700000|100%| O|  |TAMS 0x0000000092600000| PB 0x0000000092600000| Untracked 
| 295|0x0000000092700000, 0x0000000092800000, 0x0000000092800000|100%| O|  |TAMS 0x0000000092700000| PB 0x0000000092700000| Untracked 
| 296|0x0000000092800000, 0x0000000092900000, 0x0000000092900000|100%| O|  |TAMS 0x0000000092800000| PB 0x0000000092800000| Untracked 
| 297|0x0000000092900000, 0x0000000092a00000, 0x0000000092a00000|100%| O|  |TAMS 0x0000000092900000| PB 0x0000000092900000| Untracked 
| 298|0x0000000092a00000, 0x0000000092b00000, 0x0000000092b00000|100%| O|  |TAMS 0x0000000092a00000| PB 0x0000000092a00000| Untracked 
| 299|0x0000000092b00000, 0x0000000092c00000, 0x0000000092c00000|100%| O|  |TAMS 0x0000000092b00000| PB 0x0000000092b00000| Untracked 
| 300|0x0000000092c00000, 0x0000000092d00000, 0x0000000092d00000|100%| O|  |TAMS 0x0000000092c00000| PB 0x0000000092c00000| Untracked 
| 301|0x0000000092d00000, 0x0000000092e00000, 0x0000000092e00000|100%| O|  |TAMS 0x0000000092d00000| PB 0x0000000092d00000| Untracked 
| 302|0x0000000092e00000, 0x0000000092f00000, 0x0000000092f00000|100%| O|  |TAMS 0x0000000092e00000| PB 0x0000000092e00000| Untracked 
| 303|0x0000000092f00000, 0x0000000093000000, 0x0000000093000000|100%| O|  |TAMS 0x0000000092f00000| PB 0x0000000092f00000| Untracked 
| 304|0x0000000093000000, 0x0000000093100000, 0x0000000093100000|100%| O|  |TAMS 0x0000000093000000| PB 0x0000000093000000| Untracked 
| 305|0x0000000093100000, 0x0000000093200000, 0x0000000093200000|100%| O|  |TAMS 0x0000000093100000| PB 0x0000000093100000| Untracked 
| 306|0x0000000093200000, 0x0000000093300000, 0x0000000093300000|100%| O|  |TAMS 0x0000000093200000| PB 0x0000000093200000| Untracked 
| 307|0x0000000093300000, 0x0000000093400000, 0x0000000093400000|100%| O|  |TAMS 0x0000000093300000| PB 0x0000000093300000| Untracked 
| 308|0x0000000093400000, 0x0000000093500000, 0x0000000093500000|100%| O|  |TAMS 0x0000000093400000| PB 0x0000000093400000| Untracked 
| 309|0x0000000093500000, 0x0000000093600000, 0x0000000093600000|100%| O|  |TAMS 0x0000000093500000| PB 0x0000000093500000| Untracked 
| 310|0x0000000093600000, 0x0000000093700000, 0x0000000093700000|100%| O|  |TAMS 0x0000000093600000| PB 0x0000000093600000| Untracked 
| 311|0x0000000093700000, 0x0000000093700000, 0x0000000093800000|  0%| F|  |TAMS 0x0000000093700000| PB 0x0000000093700000| Untracked 
| 312|0x0000000093800000, 0x0000000093800000, 0x0000000093900000|  0%| F|  |TAMS 0x0000000093800000| PB 0x0000000093800000| Untracked 
| 313|0x0000000093900000, 0x0000000093a00000, 0x0000000093a00000|100%| O|  |TAMS 0x0000000093900000| PB 0x0000000093900000| Untracked 
| 314|0x0000000093a00000, 0x0000000093b00000, 0x0000000093b00000|100%| O|  |TAMS 0x0000000093a00000| PB 0x0000000093a00000| Untracked 
| 315|0x0000000093b00000, 0x0000000093c00000, 0x0000000093c00000|100%| O|  |TAMS 0x0000000093b00000| PB 0x0000000093b00000| Untracked 
| 316|0x0000000093c00000, 0x0000000093d00000, 0x0000000093d00000|100%| O|  |TAMS 0x0000000093c00000| PB 0x0000000093c00000| Untracked 
| 317|0x0000000093d00000, 0x0000000093e00000, 0x0000000093e00000|100%| O|  |TAMS 0x0000000093d00000| PB 0x0000000093d00000| Untracked 
| 318|0x0000000093e00000, 0x0000000093f00000, 0x0000000093f00000|100%| O|  |TAMS 0x0000000093e00000| PB 0x0000000093e00000| Untracked 
| 319|0x0000000093f00000, 0x0000000094000000, 0x0000000094000000|100%| O|  |TAMS 0x0000000093f00000| PB 0x0000000093f00000| Untracked 
| 320|0x0000000094000000, 0x0000000094100000, 0x0000000094100000|100%| O|  |TAMS 0x0000000094000000| PB 0x0000000094000000| Untracked 
| 321|0x0000000094100000, 0x0000000094200000, 0x0000000094200000|100%| O|  |TAMS 0x0000000094100000| PB 0x0000000094100000| Untracked 
| 322|0x0000000094200000, 0x0000000094300000, 0x0000000094300000|100%| O|  |TAMS 0x0000000094200000| PB 0x0000000094200000| Untracked 
| 323|0x0000000094300000, 0x0000000094400000, 0x0000000094400000|100%| O|  |TAMS 0x0000000094300000| PB 0x0000000094300000| Untracked 
| 324|0x0000000094400000, 0x0000000094500000, 0x0000000094500000|100%| O|  |TAMS 0x0000000094400000| PB 0x0000000094400000| Untracked 
| 325|0x0000000094500000, 0x0000000094600000, 0x0000000094600000|100%| O|  |TAMS 0x0000000094500000| PB 0x0000000094500000| Untracked 
| 326|0x0000000094600000, 0x0000000094700000, 0x0000000094700000|100%| O|  |TAMS 0x0000000094600000| PB 0x0000000094600000| Untracked 
| 327|0x0000000094700000, 0x0000000094800000, 0x0000000094800000|100%| O|  |TAMS 0x0000000094700000| PB 0x0000000094700000| Untracked 
| 328|0x0000000094800000, 0x0000000094900000, 0x0000000094900000|100%| O|  |TAMS 0x0000000094800000| PB 0x0000000094800000| Untracked 
| 329|0x0000000094900000, 0x0000000094a00000, 0x0000000094a00000|100%| O|  |TAMS 0x0000000094900000| PB 0x0000000094900000| Untracked 
| 330|0x0000000094a00000, 0x0000000094b00000, 0x0000000094b00000|100%| O|  |TAMS 0x0000000094a00000| PB 0x0000000094a00000| Untracked 
| 331|0x0000000094b00000, 0x0000000094c00000, 0x0000000094c00000|100%| O|  |TAMS 0x0000000094b00000| PB 0x0000000094b00000| Untracked 
| 332|0x0000000094c00000, 0x0000000094d00000, 0x0000000094d00000|100%| O|  |TAMS 0x0000000094c00000| PB 0x0000000094c00000| Untracked 
| 333|0x0000000094d00000, 0x0000000094e00000, 0x0000000094e00000|100%| O|  |TAMS 0x0000000094d00000| PB 0x0000000094d00000| Untracked 
| 334|0x0000000094e00000, 0x0000000094f00000, 0x0000000094f00000|100%| O|  |TAMS 0x0000000094e00000| PB 0x0000000094e00000| Untracked 
| 335|0x0000000094f00000, 0x0000000095000000, 0x0000000095000000|100%| O|  |TAMS 0x0000000094f00000| PB 0x0000000094f00000| Untracked 
| 336|0x0000000095000000, 0x0000000095100000, 0x0000000095100000|100%| O|  |TAMS 0x0000000095000000| PB 0x0000000095000000| Untracked 
| 337|0x0000000095100000, 0x0000000095200000, 0x0000000095200000|100%| O|  |TAMS 0x0000000095100000| PB 0x0000000095100000| Untracked 
| 338|0x0000000095200000, 0x0000000095300000, 0x0000000095300000|100%| O|  |TAMS 0x0000000095200000| PB 0x0000000095200000| Untracked 
| 339|0x0000000095300000, 0x0000000095400000, 0x0000000095400000|100%| O|  |TAMS 0x0000000095300000| PB 0x0000000095300000| Untracked 
| 340|0x0000000095400000, 0x0000000095500000, 0x0000000095500000|100%| O|  |TAMS 0x0000000095400000| PB 0x0000000095400000| Untracked 
| 341|0x0000000095500000, 0x0000000095600000, 0x0000000095600000|100%| O|  |TAMS 0x0000000095500000| PB 0x0000000095500000| Untracked 
| 342|0x0000000095600000, 0x0000000095700000, 0x0000000095700000|100%| O|  |TAMS 0x0000000095600000| PB 0x0000000095600000| Untracked 
| 343|0x0000000095700000, 0x0000000095800000, 0x0000000095800000|100%| O|  |TAMS 0x0000000095700000| PB 0x0000000095700000| Untracked 
| 344|0x0000000095800000, 0x0000000095900000, 0x0000000095900000|100%| O|  |TAMS 0x0000000095800000| PB 0x0000000095800000| Untracked 
| 345|0x0000000095900000, 0x0000000095a00000, 0x0000000095a00000|100%| O|  |TAMS 0x0000000095900000| PB 0x0000000095900000| Untracked 
| 346|0x0000000095a00000, 0x0000000095b00000, 0x0000000095b00000|100%| O|  |TAMS 0x0000000095a00000| PB 0x0000000095a00000| Untracked 
| 347|0x0000000095b00000, 0x0000000095c00000, 0x0000000095c00000|100%| O|  |TAMS 0x0000000095b00000| PB 0x0000000095b00000| Untracked 
| 348|0x0000000095c00000, 0x0000000095d00000, 0x0000000095d00000|100%| O|  |TAMS 0x0000000095c00000| PB 0x0000000095c00000| Untracked 
| 349|0x0000000095d00000, 0x0000000095e00000, 0x0000000095e00000|100%| O|  |TAMS 0x0000000095d00000| PB 0x0000000095d00000| Untracked 
| 350|0x0000000095e00000, 0x0000000095f00000, 0x0000000095f00000|100%| O|  |TAMS 0x0000000095e00000| PB 0x0000000095e00000| Untracked 
| 351|0x0000000095f00000, 0x0000000096000000, 0x0000000096000000|100%| O|  |TAMS 0x0000000095f00000| PB 0x0000000095f00000| Untracked 
| 352|0x0000000096000000, 0x0000000096100000, 0x0000000096100000|100%| O|  |TAMS 0x0000000096000000| PB 0x0000000096000000| Untracked 
| 353|0x0000000096100000, 0x0000000096200000, 0x0000000096200000|100%| O|  |TAMS 0x0000000096100000| PB 0x0000000096100000| Untracked 
| 354|0x0000000096200000, 0x0000000096300000, 0x0000000096300000|100%| O|  |TAMS 0x0000000096200000| PB 0x0000000096200000| Untracked 
| 355|0x0000000096300000, 0x0000000096400000, 0x0000000096400000|100%| O|  |TAMS 0x0000000096300000| PB 0x0000000096300000| Untracked 
| 356|0x0000000096400000, 0x0000000096500000, 0x0000000096500000|100%| O|  |TAMS 0x0000000096400000| PB 0x0000000096400000| Untracked 
| 357|0x0000000096500000, 0x0000000096600000, 0x0000000096600000|100%| O|  |TAMS 0x0000000096500000| PB 0x0000000096500000| Untracked 
| 358|0x0000000096600000, 0x0000000096700000, 0x0000000096700000|100%| O|  |TAMS 0x0000000096600000| PB 0x0000000096600000| Untracked 
| 359|0x0000000096700000, 0x0000000096800000, 0x0000000096800000|100%| O|  |TAMS 0x0000000096700000| PB 0x0000000096700000| Untracked 
| 360|0x0000000096800000, 0x0000000096900000, 0x0000000096900000|100%| O|  |TAMS 0x0000000096800000| PB 0x0000000096800000| Untracked 
| 361|0x0000000096900000, 0x0000000096a00000, 0x0000000096a00000|100%| O|  |TAMS 0x0000000096900000| PB 0x0000000096900000| Untracked 
| 362|0x0000000096a00000, 0x0000000096b00000, 0x0000000096b00000|100%| O|  |TAMS 0x0000000096a00000| PB 0x0000000096a00000| Untracked 
| 363|0x0000000096b00000, 0x0000000096c00000, 0x0000000096c00000|100%| O|  |TAMS 0x0000000096b00000| PB 0x0000000096b00000| Untracked 
| 364|0x0000000096c00000, 0x0000000096d00000, 0x0000000096d00000|100%| O|  |TAMS 0x0000000096c00000| PB 0x0000000096c00000| Untracked 
| 365|0x0000000096d00000, 0x0000000096e00000, 0x0000000096e00000|100%| O|  |TAMS 0x0000000096d00000| PB 0x0000000096d00000| Untracked 
| 366|0x0000000096e00000, 0x0000000096f00000, 0x0000000096f00000|100%| O|  |TAMS 0x0000000096e00000| PB 0x0000000096e00000| Untracked 
| 367|0x0000000096f00000, 0x0000000097000000, 0x0000000097000000|100%| O|  |TAMS 0x0000000096f00000| PB 0x0000000096f00000| Untracked 
| 368|0x0000000097000000, 0x0000000097100000, 0x0000000097100000|100%| O|  |TAMS 0x0000000097000000| PB 0x0000000097000000| Untracked 
| 369|0x0000000097100000, 0x0000000097200000, 0x0000000097200000|100%| O|  |TAMS 0x0000000097100000| PB 0x0000000097100000| Untracked 
| 370|0x0000000097200000, 0x0000000097300000, 0x0000000097300000|100%| O|  |TAMS 0x0000000097200000| PB 0x0000000097200000| Untracked 
| 371|0x0000000097300000, 0x0000000097400000, 0x0000000097400000|100%| O|  |TAMS 0x0000000097300000| PB 0x0000000097300000| Untracked 
| 372|0x0000000097400000, 0x0000000097500000, 0x0000000097500000|100%| O|  |TAMS 0x0000000097400000| PB 0x0000000097400000| Untracked 
| 373|0x0000000097500000, 0x0000000097600000, 0x0000000097600000|100%| O|  |TAMS 0x0000000097500000| PB 0x0000000097500000| Untracked 
| 374|0x0000000097600000, 0x0000000097700000, 0x0000000097700000|100%| O|  |TAMS 0x0000000097600000| PB 0x0000000097600000| Untracked 
| 375|0x0000000097700000, 0x0000000097800000, 0x0000000097800000|100%| O|  |TAMS 0x0000000097700000| PB 0x0000000097700000| Untracked 
| 376|0x0000000097800000, 0x0000000097900000, 0x0000000097900000|100%| O|  |TAMS 0x0000000097800000| PB 0x0000000097800000| Untracked 
| 377|0x0000000097900000, 0x0000000097a00000, 0x0000000097a00000|100%| O|  |TAMS 0x0000000097900000| PB 0x0000000097900000| Untracked 
| 378|0x0000000097a00000, 0x0000000097a00000, 0x0000000097b00000|  0%| F|  |TAMS 0x0000000097a00000| PB 0x0000000097a00000| Untracked 
| 379|0x0000000097b00000, 0x0000000097b00000, 0x0000000097c00000|  0%| F|  |TAMS 0x0000000097b00000| PB 0x0000000097b00000| Untracked 
| 380|0x0000000097c00000, 0x0000000097c00000, 0x0000000097d00000|  0%| F|  |TAMS 0x0000000097c00000| PB 0x0000000097c00000| Untracked 
| 381|0x0000000097d00000, 0x0000000097d00000, 0x0000000097e00000|  0%| F|  |TAMS 0x0000000097d00000| PB 0x0000000097d00000| Untracked 
| 382|0x0000000097e00000, 0x0000000097e00000, 0x0000000097f00000|  0%| F|  |TAMS 0x0000000097e00000| PB 0x0000000097e00000| Untracked 
| 383|0x0000000097f00000, 0x0000000097f00000, 0x0000000098000000|  0%| F|  |TAMS 0x0000000097f00000| PB 0x0000000097f00000| Untracked 
| 384|0x0000000098000000, 0x0000000098000000, 0x0000000098100000|  0%| F|  |TAMS 0x0000000098000000| PB 0x0000000098000000| Untracked 
| 385|0x0000000098100000, 0x0000000098100000, 0x0000000098200000|  0%| F|  |TAMS 0x0000000098100000| PB 0x0000000098100000| Untracked 
| 386|0x0000000098200000, 0x0000000098200000, 0x0000000098300000|  0%| F|  |TAMS 0x0000000098200000| PB 0x0000000098200000| Untracked 
| 387|0x0000000098300000, 0x0000000098300000, 0x0000000098400000|  0%| F|  |TAMS 0x0000000098300000| PB 0x0000000098300000| Untracked 
| 388|0x0000000098400000, 0x0000000098400000, 0x0000000098500000|  0%| F|  |TAMS 0x0000000098400000| PB 0x0000000098400000| Untracked 
| 389|0x0000000098500000, 0x0000000098500000, 0x0000000098600000|  0%| F|  |TAMS 0x0000000098500000| PB 0x0000000098500000| Untracked 
| 390|0x0000000098600000, 0x0000000098600000, 0x0000000098700000|  0%| F|  |TAMS 0x0000000098600000| PB 0x0000000098600000| Untracked 
| 391|0x0000000098700000, 0x0000000098700000, 0x0000000098800000|  0%| F|  |TAMS 0x0000000098700000| PB 0x0000000098700000| Untracked 
| 392|0x0000000098800000, 0x0000000098800000, 0x0000000098900000|  0%| F|  |TAMS 0x0000000098800000| PB 0x0000000098800000| Untracked 
| 393|0x0000000098900000, 0x0000000098900000, 0x0000000098a00000|  0%| F|  |TAMS 0x0000000098900000| PB 0x0000000098900000| Untracked 
| 394|0x0000000098a00000, 0x0000000098a00000, 0x0000000098b00000|  0%| F|  |TAMS 0x0000000098a00000| PB 0x0000000098a00000| Untracked 
| 395|0x0000000098b00000, 0x0000000098b00000, 0x0000000098c00000|  0%| F|  |TAMS 0x0000000098b00000| PB 0x0000000098b00000| Untracked 
| 396|0x0000000098c00000, 0x0000000098c00000, 0x0000000098d00000|  0%| F|  |TAMS 0x0000000098c00000| PB 0x0000000098c00000| Untracked 
| 397|0x0000000098d00000, 0x0000000098d00000, 0x0000000098e00000|  0%| F|  |TAMS 0x0000000098d00000| PB 0x0000000098d00000| Untracked 
| 398|0x0000000098e00000, 0x0000000098e00000, 0x0000000098f00000|  0%| F|  |TAMS 0x0000000098e00000| PB 0x0000000098e00000| Untracked 
| 399|0x0000000098f00000, 0x0000000098f00000, 0x0000000099000000|  0%| F|  |TAMS 0x0000000098f00000| PB 0x0000000098f00000| Untracked 
| 400|0x0000000099000000, 0x0000000099000000, 0x0000000099100000|  0%| F|  |TAMS 0x0000000099000000| PB 0x0000000099000000| Untracked 
| 401|0x0000000099100000, 0x0000000099100000, 0x0000000099200000|  0%| F|  |TAMS 0x0000000099100000| PB 0x0000000099100000| Untracked 
| 402|0x0000000099200000, 0x0000000099200000, 0x0000000099300000|  0%| F|  |TAMS 0x0000000099200000| PB 0x0000000099200000| Untracked 
| 403|0x0000000099300000, 0x0000000099300000, 0x0000000099400000|  0%| F|  |TAMS 0x0000000099300000| PB 0x0000000099300000| Untracked 
| 404|0x0000000099400000, 0x0000000099400000, 0x0000000099500000|  0%| F|  |TAMS 0x0000000099400000| PB 0x0000000099400000| Untracked 
| 405|0x0000000099500000, 0x0000000099500000, 0x0000000099600000|  0%| F|  |TAMS 0x0000000099500000| PB 0x0000000099500000| Untracked 
| 406|0x0000000099600000, 0x0000000099600000, 0x0000000099700000|  0%| F|  |TAMS 0x0000000099600000| PB 0x0000000099600000| Untracked 
| 407|0x0000000099700000, 0x0000000099700000, 0x0000000099800000|  0%| F|  |TAMS 0x0000000099700000| PB 0x0000000099700000| Untracked 
| 408|0x0000000099800000, 0x0000000099800000, 0x0000000099900000|  0%| F|  |TAMS 0x0000000099800000| PB 0x0000000099800000| Untracked 
| 409|0x0000000099900000, 0x0000000099900000, 0x0000000099a00000|  0%| F|  |TAMS 0x0000000099900000| PB 0x0000000099900000| Untracked 
| 410|0x0000000099a00000, 0x0000000099a00000, 0x0000000099b00000|  0%| F|  |TAMS 0x0000000099a00000| PB 0x0000000099a00000| Untracked 
| 411|0x0000000099b00000, 0x0000000099c00000, 0x0000000099c00000|100%| S|CS|TAMS 0x0000000099b00000| PB 0x0000000099b00000| Complete 
| 412|0x0000000099c00000, 0x0000000099d00000, 0x0000000099d00000|100%| S|CS|TAMS 0x0000000099c00000| PB 0x0000000099c00000| Complete 
| 413|0x0000000099d00000, 0x0000000099e00000, 0x0000000099e00000|100%| S|CS|TAMS 0x0000000099d00000| PB 0x0000000099d00000| Complete 
| 414|0x0000000099e00000, 0x0000000099f00000, 0x0000000099f00000|100%| S|CS|TAMS 0x0000000099e00000| PB 0x0000000099e00000| Complete 
| 415|0x0000000099f00000, 0x000000009a000000, 0x000000009a000000|100%| S|CS|TAMS 0x0000000099f00000| PB 0x0000000099f00000| Complete 
| 416|0x000000009a000000, 0x000000009a100000, 0x000000009a100000|100%| S|CS|TAMS 0x000000009a000000| PB 0x000000009a000000| Complete 
| 417|0x000000009a100000, 0x000000009a200000, 0x000000009a200000|100%| S|CS|TAMS 0x000000009a100000| PB 0x000000009a100000| Complete 
| 418|0x000000009a200000, 0x000000009a300000, 0x000000009a300000|100%| S|CS|TAMS 0x000000009a200000| PB 0x000000009a200000| Complete 
| 419|0x000000009a300000, 0x000000009a400000, 0x000000009a400000|100%| S|CS|TAMS 0x000000009a300000| PB 0x000000009a300000| Complete 
| 420|0x000000009a400000, 0x000000009a500000, 0x000000009a500000|100%| S|CS|TAMS 0x000000009a400000| PB 0x000000009a400000| Complete 
| 421|0x000000009a500000, 0x000000009a600000, 0x000000009a600000|100%| S|CS|TAMS 0x000000009a500000| PB 0x000000009a500000| Complete 
| 422|0x000000009a600000, 0x000000009a700000, 0x000000009a700000|100%| S|CS|TAMS 0x000000009a600000| PB 0x000000009a600000| Complete 
| 423|0x000000009a700000, 0x000000009a800000, 0x000000009a800000|100%| S|CS|TAMS 0x000000009a700000| PB 0x000000009a700000| Complete 
| 424|0x000000009a800000, 0x000000009a900000, 0x000000009a900000|100%| S|CS|TAMS 0x000000009a800000| PB 0x000000009a800000| Complete 
| 425|0x000000009a900000, 0x000000009aa00000, 0x000000009aa00000|100%| S|CS|TAMS 0x000000009a900000| PB 0x000000009a900000| Complete 
| 426|0x000000009aa00000, 0x000000009ab00000, 0x000000009ab00000|100%| S|CS|TAMS 0x000000009aa00000| PB 0x000000009aa00000| Complete 
| 427|0x000000009ab00000, 0x000000009ac00000, 0x000000009ac00000|100%| S|CS|TAMS 0x000000009ab00000| PB 0x000000009ab00000| Complete 
| 428|0x000000009ac00000, 0x000000009ad00000, 0x000000009ad00000|100%| S|CS|TAMS 0x000000009ac00000| PB 0x000000009ac00000| Complete 
| 429|0x000000009ad00000, 0x000000009ae00000, 0x000000009ae00000|100%| S|CS|TAMS 0x000000009ad00000| PB 0x000000009ad00000| Complete 
| 430|0x000000009ae00000, 0x000000009af00000, 0x000000009af00000|100%| S|CS|TAMS 0x000000009ae00000| PB 0x000000009ae00000| Complete 
| 431|0x000000009af00000, 0x000000009af00000, 0x000000009b000000|  0%| F|  |TAMS 0x000000009af00000| PB 0x000000009af00000| Untracked 
| 432|0x000000009b000000, 0x000000009b000000, 0x000000009b100000|  0%| F|  |TAMS 0x000000009b000000| PB 0x000000009b000000| Untracked 
| 433|0x000000009b100000, 0x000000009b100000, 0x000000009b200000|  0%| F|  |TAMS 0x000000009b100000| PB 0x000000009b100000| Untracked 
| 434|0x000000009b200000, 0x000000009b200000, 0x000000009b300000|  0%| F|  |TAMS 0x000000009b200000| PB 0x000000009b200000| Untracked 
| 435|0x000000009b300000, 0x000000009b300000, 0x000000009b400000|  0%| F|  |TAMS 0x000000009b300000| PB 0x000000009b300000| Untracked 
| 436|0x000000009b400000, 0x000000009b400000, 0x000000009b500000|  0%| F|  |TAMS 0x000000009b400000| PB 0x000000009b400000| Untracked 
| 437|0x000000009b500000, 0x000000009b500000, 0x000000009b600000|  0%| F|  |TAMS 0x000000009b500000| PB 0x000000009b500000| Untracked 
| 438|0x000000009b600000, 0x000000009b600000, 0x000000009b700000|  0%| F|  |TAMS 0x000000009b600000| PB 0x000000009b600000| Untracked 
| 439|0x000000009b700000, 0x000000009b700000, 0x000000009b800000|  0%| F|  |TAMS 0x000000009b700000| PB 0x000000009b700000| Untracked 
| 440|0x000000009b800000, 0x000000009b800000, 0x000000009b900000|  0%| F|  |TAMS 0x000000009b800000| PB 0x000000009b800000| Untracked 
| 441|0x000000009b900000, 0x000000009b900000, 0x000000009ba00000|  0%| F|  |TAMS 0x000000009b900000| PB 0x000000009b900000| Untracked 
| 442|0x000000009ba00000, 0x000000009ba00000, 0x000000009bb00000|  0%| F|  |TAMS 0x000000009ba00000| PB 0x000000009ba00000| Untracked 
| 443|0x000000009bb00000, 0x000000009bb00000, 0x000000009bc00000|  0%| F|  |TAMS 0x000000009bb00000| PB 0x000000009bb00000| Untracked 
| 444|0x000000009bc00000, 0x000000009bc00000, 0x000000009bd00000|  0%| F|  |TAMS 0x000000009bc00000| PB 0x000000009bc00000| Untracked 
| 445|0x000000009bd00000, 0x000000009bd00000, 0x000000009be00000|  0%| F|  |TAMS 0x000000009bd00000| PB 0x000000009bd00000| Untracked 
| 446|0x000000009be00000, 0x000000009be00000, 0x000000009bf00000|  0%| F|  |TAMS 0x000000009be00000| PB 0x000000009be00000| Untracked 
| 447|0x000000009bf00000, 0x000000009bf00000, 0x000000009c000000|  0%| F|  |TAMS 0x000000009bf00000| PB 0x000000009bf00000| Untracked 
| 448|0x000000009c000000, 0x000000009c000000, 0x000000009c100000|  0%| F|  |TAMS 0x000000009c000000| PB 0x000000009c000000| Untracked 
| 449|0x000000009c100000, 0x000000009c100000, 0x000000009c200000|  0%| F|  |TAMS 0x000000009c100000| PB 0x000000009c100000| Untracked 
| 450|0x000000009c200000, 0x000000009c200000, 0x000000009c300000|  0%| F|  |TAMS 0x000000009c200000| PB 0x000000009c200000| Untracked 
| 451|0x000000009c300000, 0x000000009c300000, 0x000000009c400000|  0%| F|  |TAMS 0x000000009c300000| PB 0x000000009c300000| Untracked 
| 452|0x000000009c400000, 0x000000009c400000, 0x000000009c500000|  0%| F|  |TAMS 0x000000009c400000| PB 0x000000009c400000| Untracked 
| 453|0x000000009c500000, 0x000000009c500000, 0x000000009c600000|  0%| F|  |TAMS 0x000000009c500000| PB 0x000000009c500000| Untracked 
| 454|0x000000009c600000, 0x000000009c600000, 0x000000009c700000|  0%| F|  |TAMS 0x000000009c600000| PB 0x000000009c600000| Untracked 
| 455|0x000000009c700000, 0x000000009c700000, 0x000000009c800000|  0%| F|  |TAMS 0x000000009c700000| PB 0x000000009c700000| Untracked 
| 456|0x000000009c800000, 0x000000009c800000, 0x000000009c900000|  0%| F|  |TAMS 0x000000009c800000| PB 0x000000009c800000| Untracked 
| 457|0x000000009c900000, 0x000000009c900000, 0x000000009ca00000|  0%| F|  |TAMS 0x000000009c900000| PB 0x000000009c900000| Untracked 
| 458|0x000000009ca00000, 0x000000009ca00000, 0x000000009cb00000|  0%| F|  |TAMS 0x000000009ca00000| PB 0x000000009ca00000| Untracked 
| 459|0x000000009cb00000, 0x000000009cb00000, 0x000000009cc00000|  0%| F|  |TAMS 0x000000009cb00000| PB 0x000000009cb00000| Untracked 
| 460|0x000000009cc00000, 0x000000009cc00000, 0x000000009cd00000|  0%| F|  |TAMS 0x000000009cc00000| PB 0x000000009cc00000| Untracked 
| 461|0x000000009cd00000, 0x000000009cd00000, 0x000000009ce00000|  0%| F|  |TAMS 0x000000009cd00000| PB 0x000000009cd00000| Untracked 
| 462|0x000000009ce00000, 0x000000009ce00000, 0x000000009cf00000|  0%| F|  |TAMS 0x000000009ce00000| PB 0x000000009ce00000| Untracked 
| 463|0x000000009cf00000, 0x000000009cf00000, 0x000000009d000000|  0%| F|  |TAMS 0x000000009cf00000| PB 0x000000009cf00000| Untracked 
| 464|0x000000009d000000, 0x000000009d000000, 0x000000009d100000|  0%| F|  |TAMS 0x000000009d000000| PB 0x000000009d000000| Untracked 
| 465|0x000000009d100000, 0x000000009d100000, 0x000000009d200000|  0%| F|  |TAMS 0x000000009d100000| PB 0x000000009d100000| Untracked 
| 466|0x000000009d200000, 0x000000009d200000, 0x000000009d300000|  0%| F|  |TAMS 0x000000009d200000| PB 0x000000009d200000| Untracked 
| 467|0x000000009d300000, 0x000000009d300000, 0x000000009d400000|  0%| F|  |TAMS 0x000000009d300000| PB 0x000000009d300000| Untracked 
| 468|0x000000009d400000, 0x000000009d400000, 0x000000009d500000|  0%| F|  |TAMS 0x000000009d400000| PB 0x000000009d400000| Untracked 
| 469|0x000000009d500000, 0x000000009d500000, 0x000000009d600000|  0%| F|  |TAMS 0x000000009d500000| PB 0x000000009d500000| Untracked 
| 470|0x000000009d600000, 0x000000009d600000, 0x000000009d700000|  0%| F|  |TAMS 0x000000009d600000| PB 0x000000009d600000| Untracked 
| 471|0x000000009d700000, 0x000000009d700000, 0x000000009d800000|  0%| F|  |TAMS 0x000000009d700000| PB 0x000000009d700000| Untracked 
| 472|0x000000009d800000, 0x000000009d800000, 0x000000009d900000|  0%| F|  |TAMS 0x000000009d800000| PB 0x000000009d800000| Untracked 
| 473|0x000000009d900000, 0x000000009d900000, 0x000000009da00000|  0%| F|  |TAMS 0x000000009d900000| PB 0x000000009d900000| Untracked 
| 474|0x000000009da00000, 0x000000009da00000, 0x000000009db00000|  0%| F|  |TAMS 0x000000009da00000| PB 0x000000009da00000| Untracked 
| 475|0x000000009db00000, 0x000000009db00000, 0x000000009dc00000|  0%| F|  |TAMS 0x000000009db00000| PB 0x000000009db00000| Untracked 
| 476|0x000000009dc00000, 0x000000009dc00000, 0x000000009dd00000|  0%| F|  |TAMS 0x000000009dc00000| PB 0x000000009dc00000| Untracked 
| 477|0x000000009dd00000, 0x000000009dd00000, 0x000000009de00000|  0%| F|  |TAMS 0x000000009dd00000| PB 0x000000009dd00000| Untracked 
| 478|0x000000009de00000, 0x000000009de00000, 0x000000009df00000|  0%| F|  |TAMS 0x000000009de00000| PB 0x000000009de00000| Untracked 
| 479|0x000000009df00000, 0x000000009df00000, 0x000000009e000000|  0%| F|  |TAMS 0x000000009df00000| PB 0x000000009df00000| Untracked 
| 480|0x000000009e000000, 0x000000009e000000, 0x000000009e100000|  0%| F|  |TAMS 0x000000009e000000| PB 0x000000009e000000| Untracked 
| 481|0x000000009e100000, 0x000000009e100000, 0x000000009e200000|  0%| F|  |TAMS 0x000000009e100000| PB 0x000000009e100000| Untracked 
| 482|0x000000009e200000, 0x000000009e200000, 0x000000009e300000|  0%| F|  |TAMS 0x000000009e200000| PB 0x000000009e200000| Untracked 
| 483|0x000000009e300000, 0x000000009e300000, 0x000000009e400000|  0%| F|  |TAMS 0x000000009e300000| PB 0x000000009e300000| Untracked 
| 484|0x000000009e400000, 0x000000009e400000, 0x000000009e500000|  0%| F|  |TAMS 0x000000009e400000| PB 0x000000009e400000| Untracked 
| 485|0x000000009e500000, 0x000000009e500000, 0x000000009e600000|  0%| F|  |TAMS 0x000000009e500000| PB 0x000000009e500000| Untracked 
| 486|0x000000009e600000, 0x000000009e600000, 0x000000009e700000|  0%| F|  |TAMS 0x000000009e600000| PB 0x000000009e600000| Untracked 
| 487|0x000000009e700000, 0x000000009e700000, 0x000000009e800000|  0%| F|  |TAMS 0x000000009e700000| PB 0x000000009e700000| Untracked 
| 488|0x000000009e800000, 0x000000009e800000, 0x000000009e900000|  0%| F|  |TAMS 0x000000009e800000| PB 0x000000009e800000| Untracked 
| 489|0x000000009e900000, 0x000000009e900000, 0x000000009ea00000|  0%| F|  |TAMS 0x000000009e900000| PB 0x000000009e900000| Untracked 
| 490|0x000000009ea00000, 0x000000009ea00000, 0x000000009eb00000|  0%| F|  |TAMS 0x000000009ea00000| PB 0x000000009ea00000| Untracked 
| 491|0x000000009eb00000, 0x000000009eb00000, 0x000000009ec00000|  0%| F|  |TAMS 0x000000009eb00000| PB 0x000000009eb00000| Untracked 
| 492|0x000000009ec00000, 0x000000009ec00000, 0x000000009ed00000|  0%| F|  |TAMS 0x000000009ec00000| PB 0x000000009ec00000| Untracked 
| 493|0x000000009ed00000, 0x000000009ed00000, 0x000000009ee00000|  0%| F|  |TAMS 0x000000009ed00000| PB 0x000000009ed00000| Untracked 
| 494|0x000000009ee00000, 0x000000009ee00000, 0x000000009ef00000|  0%| F|  |TAMS 0x000000009ee00000| PB 0x000000009ee00000| Untracked 
| 495|0x000000009ef00000, 0x000000009ef00000, 0x000000009f000000|  0%| F|  |TAMS 0x000000009ef00000| PB 0x000000009ef00000| Untracked 
| 496|0x000000009f000000, 0x000000009f000000, 0x000000009f100000|  0%| F|  |TAMS 0x000000009f000000| PB 0x000000009f000000| Untracked 
| 497|0x000000009f100000, 0x000000009f100000, 0x000000009f200000|  0%| F|  |TAMS 0x000000009f100000| PB 0x000000009f100000| Untracked 
| 498|0x000000009f200000, 0x000000009f200000, 0x000000009f300000|  0%| F|  |TAMS 0x000000009f200000| PB 0x000000009f200000| Untracked 
| 499|0x000000009f300000, 0x000000009f300000, 0x000000009f400000|  0%| F|  |TAMS 0x000000009f300000| PB 0x000000009f300000| Untracked 
| 500|0x000000009f400000, 0x000000009f400000, 0x000000009f500000|  0%| F|  |TAMS 0x000000009f400000| PB 0x000000009f400000| Untracked 
| 501|0x000000009f500000, 0x000000009f500000, 0x000000009f600000|  0%| F|  |TAMS 0x000000009f500000| PB 0x000000009f500000| Untracked 
| 502|0x000000009f600000, 0x000000009f600000, 0x000000009f700000|  0%| F|  |TAMS 0x000000009f600000| PB 0x000000009f600000| Untracked 
| 503|0x000000009f700000, 0x000000009f700000, 0x000000009f800000|  0%| F|  |TAMS 0x000000009f700000| PB 0x000000009f700000| Untracked 
| 504|0x000000009f800000, 0x000000009f800000, 0x000000009f900000|  0%| F|  |TAMS 0x000000009f800000| PB 0x000000009f800000| Untracked 
| 505|0x000000009f900000, 0x000000009f900000, 0x000000009fa00000|  0%| F|  |TAMS 0x000000009f900000| PB 0x000000009f900000| Untracked 
| 506|0x000000009fa00000, 0x000000009fa00000, 0x000000009fb00000|  0%| F|  |TAMS 0x000000009fa00000| PB 0x000000009fa00000| Untracked 
| 507|0x000000009fb00000, 0x000000009fb00000, 0x000000009fc00000|  0%| F|  |TAMS 0x000000009fb00000| PB 0x000000009fb00000| Untracked 
| 508|0x000000009fc00000, 0x000000009fc00000, 0x000000009fd00000|  0%| F|  |TAMS 0x000000009fc00000| PB 0x000000009fc00000| Untracked 
| 509|0x000000009fd00000, 0x000000009fd00000, 0x000000009fe00000|  0%| F|  |TAMS 0x000000009fd00000| PB 0x000000009fd00000| Untracked 
| 510|0x000000009fe00000, 0x000000009fe00000, 0x000000009ff00000|  0%| F|  |TAMS 0x000000009fe00000| PB 0x000000009fe00000| Untracked 
| 511|0x000000009ff00000, 0x000000009ff00000, 0x00000000a0000000|  0%| F|  |TAMS 0x000000009ff00000| PB 0x000000009ff00000| Untracked 
| 512|0x00000000a0000000, 0x00000000a0000000, 0x00000000a0100000|  0%| F|  |TAMS 0x00000000a0000000| PB 0x00000000a0000000| Untracked 
| 513|0x00000000a0100000, 0x00000000a0100000, 0x00000000a0200000|  0%| F|  |TAMS 0x00000000a0100000| PB 0x00000000a0100000| Untracked 
| 514|0x00000000a0200000, 0x00000000a0200000, 0x00000000a0300000|  0%| F|  |TAMS 0x00000000a0200000| PB 0x00000000a0200000| Untracked 
| 515|0x00000000a0300000, 0x00000000a0300000, 0x00000000a0400000|  0%| F|  |TAMS 0x00000000a0300000| PB 0x00000000a0300000| Untracked 
| 516|0x00000000a0400000, 0x00000000a0400000, 0x00000000a0500000|  0%| F|  |TAMS 0x00000000a0400000| PB 0x00000000a0400000| Untracked 
| 517|0x00000000a0500000, 0x00000000a0500000, 0x00000000a0600000|  0%| F|  |TAMS 0x00000000a0500000| PB 0x00000000a0500000| Untracked 
| 518|0x00000000a0600000, 0x00000000a0600000, 0x00000000a0700000|  0%| F|  |TAMS 0x00000000a0600000| PB 0x00000000a0600000| Untracked 
| 519|0x00000000a0700000, 0x00000000a0700000, 0x00000000a0800000|  0%| F|  |TAMS 0x00000000a0700000| PB 0x00000000a0700000| Untracked 
| 520|0x00000000a0800000, 0x00000000a0800000, 0x00000000a0900000|  0%| F|  |TAMS 0x00000000a0800000| PB 0x00000000a0800000| Untracked 
| 521|0x00000000a0900000, 0x00000000a0900000, 0x00000000a0a00000|  0%| F|  |TAMS 0x00000000a0900000| PB 0x00000000a0900000| Untracked 
| 522|0x00000000a0a00000, 0x00000000a0a00000, 0x00000000a0b00000|  0%| F|  |TAMS 0x00000000a0a00000| PB 0x00000000a0a00000| Untracked 
| 523|0x00000000a0b00000, 0x00000000a0b00000, 0x00000000a0c00000|  0%| F|  |TAMS 0x00000000a0b00000| PB 0x00000000a0b00000| Untracked 
| 524|0x00000000a0c00000, 0x00000000a0c00000, 0x00000000a0d00000|  0%| F|  |TAMS 0x00000000a0c00000| PB 0x00000000a0c00000| Untracked 
| 525|0x00000000a0d00000, 0x00000000a0d00000, 0x00000000a0e00000|  0%| F|  |TAMS 0x00000000a0d00000| PB 0x00000000a0d00000| Untracked 
| 526|0x00000000a0e00000, 0x00000000a0e00000, 0x00000000a0f00000|  0%| F|  |TAMS 0x00000000a0e00000| PB 0x00000000a0e00000| Untracked 
| 527|0x00000000a0f00000, 0x00000000a0f00000, 0x00000000a1000000|  0%| F|  |TAMS 0x00000000a0f00000| PB 0x00000000a0f00000| Untracked 
| 528|0x00000000a1000000, 0x00000000a1000000, 0x00000000a1100000|  0%| F|  |TAMS 0x00000000a1000000| PB 0x00000000a1000000| Untracked 
| 529|0x00000000a1100000, 0x00000000a1100000, 0x00000000a1200000|  0%| F|  |TAMS 0x00000000a1100000| PB 0x00000000a1100000| Untracked 
| 530|0x00000000a1200000, 0x00000000a1200000, 0x00000000a1300000|  0%| F|  |TAMS 0x00000000a1200000| PB 0x00000000a1200000| Untracked 
| 531|0x00000000a1300000, 0x00000000a1300000, 0x00000000a1400000|  0%| F|  |TAMS 0x00000000a1300000| PB 0x00000000a1300000| Untracked 
| 532|0x00000000a1400000, 0x00000000a1400000, 0x00000000a1500000|  0%| F|  |TAMS 0x00000000a1400000| PB 0x00000000a1400000| Untracked 
| 533|0x00000000a1500000, 0x00000000a1500000, 0x00000000a1600000|  0%| F|  |TAMS 0x00000000a1500000| PB 0x00000000a1500000| Untracked 
| 534|0x00000000a1600000, 0x00000000a1600000, 0x00000000a1700000|  0%| F|  |TAMS 0x00000000a1600000| PB 0x00000000a1600000| Untracked 
| 535|0x00000000a1700000, 0x00000000a1700000, 0x00000000a1800000|  0%| F|  |TAMS 0x00000000a1700000| PB 0x00000000a1700000| Untracked 
| 536|0x00000000a1800000, 0x00000000a1800000, 0x00000000a1900000|  0%| F|  |TAMS 0x00000000a1800000| PB 0x00000000a1800000| Untracked 
| 537|0x00000000a1900000, 0x00000000a1900000, 0x00000000a1a00000|  0%| F|  |TAMS 0x00000000a1900000| PB 0x00000000a1900000| Untracked 
| 538|0x00000000a1a00000, 0x00000000a1a00000, 0x00000000a1b00000|  0%| F|  |TAMS 0x00000000a1a00000| PB 0x00000000a1a00000| Untracked 
| 539|0x00000000a1b00000, 0x00000000a1b00000, 0x00000000a1c00000|  0%| F|  |TAMS 0x00000000a1b00000| PB 0x00000000a1b00000| Untracked 
| 540|0x00000000a1c00000, 0x00000000a1c00000, 0x00000000a1d00000|  0%| F|  |TAMS 0x00000000a1c00000| PB 0x00000000a1c00000| Untracked 
| 541|0x00000000a1d00000, 0x00000000a1d00000, 0x00000000a1e00000|  0%| F|  |TAMS 0x00000000a1d00000| PB 0x00000000a1d00000| Untracked 
| 542|0x00000000a1e00000, 0x00000000a1e00000, 0x00000000a1f00000|  0%| F|  |TAMS 0x00000000a1e00000| PB 0x00000000a1e00000| Untracked 
| 543|0x00000000a1f00000, 0x00000000a1f00000, 0x00000000a2000000|  0%| F|  |TAMS 0x00000000a1f00000| PB 0x00000000a1f00000| Untracked 
| 544|0x00000000a2000000, 0x00000000a2000000, 0x00000000a2100000|  0%| F|  |TAMS 0x00000000a2000000| PB 0x00000000a2000000| Untracked 
| 545|0x00000000a2100000, 0x00000000a2100000, 0x00000000a2200000|  0%| F|  |TAMS 0x00000000a2100000| PB 0x00000000a2100000| Untracked 
| 546|0x00000000a2200000, 0x00000000a2200000, 0x00000000a2300000|  0%| F|  |TAMS 0x00000000a2200000| PB 0x00000000a2200000| Untracked 
| 547|0x00000000a2300000, 0x00000000a2300000, 0x00000000a2400000|  0%| F|  |TAMS 0x00000000a2300000| PB 0x00000000a2300000| Untracked 
| 548|0x00000000a2400000, 0x00000000a2400000, 0x00000000a2500000|  0%| F|  |TAMS 0x00000000a2400000| PB 0x00000000a2400000| Untracked 
| 549|0x00000000a2500000, 0x00000000a2500000, 0x00000000a2600000|  0%| F|  |TAMS 0x00000000a2500000| PB 0x00000000a2500000| Untracked 
| 550|0x00000000a2600000, 0x00000000a2600000, 0x00000000a2700000|  0%| F|  |TAMS 0x00000000a2600000| PB 0x00000000a2600000| Untracked 
| 551|0x00000000a2700000, 0x00000000a2700000, 0x00000000a2800000|  0%| F|  |TAMS 0x00000000a2700000| PB 0x00000000a2700000| Untracked 
| 552|0x00000000a2800000, 0x00000000a2800000, 0x00000000a2900000|  0%| F|  |TAMS 0x00000000a2800000| PB 0x00000000a2800000| Untracked 
| 553|0x00000000a2900000, 0x00000000a2900000, 0x00000000a2a00000|  0%| F|  |TAMS 0x00000000a2900000| PB 0x00000000a2900000| Untracked 
| 554|0x00000000a2a00000, 0x00000000a2a00000, 0x00000000a2b00000|  0%| F|  |TAMS 0x00000000a2a00000| PB 0x00000000a2a00000| Untracked 
| 555|0x00000000a2b00000, 0x00000000a2b00000, 0x00000000a2c00000|  0%| F|  |TAMS 0x00000000a2b00000| PB 0x00000000a2b00000| Untracked 
| 556|0x00000000a2c00000, 0x00000000a2c00000, 0x00000000a2d00000|  0%| F|  |TAMS 0x00000000a2c00000| PB 0x00000000a2c00000| Untracked 
| 557|0x00000000a2d00000, 0x00000000a2d00000, 0x00000000a2e00000|  0%| F|  |TAMS 0x00000000a2d00000| PB 0x00000000a2d00000| Untracked 
| 558|0x00000000a2e00000, 0x00000000a2e00000, 0x00000000a2f00000|  0%| F|  |TAMS 0x00000000a2e00000| PB 0x00000000a2e00000| Untracked 
| 559|0x00000000a2f00000, 0x00000000a2f00000, 0x00000000a3000000|  0%| F|  |TAMS 0x00000000a2f00000| PB 0x00000000a2f00000| Untracked 
| 560|0x00000000a3000000, 0x00000000a3000000, 0x00000000a3100000|  0%| F|  |TAMS 0x00000000a3000000| PB 0x00000000a3000000| Untracked 
| 561|0x00000000a3100000, 0x00000000a3100000, 0x00000000a3200000|  0%| F|  |TAMS 0x00000000a3100000| PB 0x00000000a3100000| Untracked 
| 562|0x00000000a3200000, 0x00000000a3200000, 0x00000000a3300000|  0%| F|  |TAMS 0x00000000a3200000| PB 0x00000000a3200000| Untracked 
| 563|0x00000000a3300000, 0x00000000a3300000, 0x00000000a3400000|  0%| F|  |TAMS 0x00000000a3300000| PB 0x00000000a3300000| Untracked 
| 564|0x00000000a3400000, 0x00000000a3400000, 0x00000000a3500000|  0%| F|  |TAMS 0x00000000a3400000| PB 0x00000000a3400000| Untracked 
| 565|0x00000000a3500000, 0x00000000a3500000, 0x00000000a3600000|  0%| F|  |TAMS 0x00000000a3500000| PB 0x00000000a3500000| Untracked 
| 566|0x00000000a3600000, 0x00000000a3600000, 0x00000000a3700000|  0%| F|  |TAMS 0x00000000a3600000| PB 0x00000000a3600000| Untracked 
| 567|0x00000000a3700000, 0x00000000a3700000, 0x00000000a3800000|  0%| F|  |TAMS 0x00000000a3700000| PB 0x00000000a3700000| Untracked 
| 568|0x00000000a3800000, 0x00000000a3800000, 0x00000000a3900000|  0%| F|  |TAMS 0x00000000a3800000| PB 0x00000000a3800000| Untracked 
| 569|0x00000000a3900000, 0x00000000a3900000, 0x00000000a3a00000|  0%| F|  |TAMS 0x00000000a3900000| PB 0x00000000a3900000| Untracked 
| 570|0x00000000a3a00000, 0x00000000a3a00000, 0x00000000a3b00000|  0%| F|  |TAMS 0x00000000a3a00000| PB 0x00000000a3a00000| Untracked 
| 571|0x00000000a3b00000, 0x00000000a3b00000, 0x00000000a3c00000|  0%| F|  |TAMS 0x00000000a3b00000| PB 0x00000000a3b00000| Untracked 
| 572|0x00000000a3c00000, 0x00000000a3c00000, 0x00000000a3d00000|  0%| F|  |TAMS 0x00000000a3c00000| PB 0x00000000a3c00000| Untracked 
| 573|0x00000000a3d00000, 0x00000000a3d00000, 0x00000000a3e00000|  0%| F|  |TAMS 0x00000000a3d00000| PB 0x00000000a3d00000| Untracked 
| 574|0x00000000a3e00000, 0x00000000a3e00000, 0x00000000a3f00000|  0%| F|  |TAMS 0x00000000a3e00000| PB 0x00000000a3e00000| Untracked 
| 575|0x00000000a3f00000, 0x00000000a3f00000, 0x00000000a4000000|  0%| F|  |TAMS 0x00000000a3f00000| PB 0x00000000a3f00000| Untracked 
| 576|0x00000000a4000000, 0x00000000a4000000, 0x00000000a4100000|  0%| F|  |TAMS 0x00000000a4000000| PB 0x00000000a4000000| Untracked 
| 577|0x00000000a4100000, 0x00000000a4100000, 0x00000000a4200000|  0%| F|  |TAMS 0x00000000a4100000| PB 0x00000000a4100000| Untracked 
| 578|0x00000000a4200000, 0x00000000a4200000, 0x00000000a4300000|  0%| F|  |TAMS 0x00000000a4200000| PB 0x00000000a4200000| Untracked 
| 579|0x00000000a4300000, 0x00000000a4300000, 0x00000000a4400000|  0%| F|  |TAMS 0x00000000a4300000| PB 0x00000000a4300000| Untracked 
|2041|0x00000000ff900000, 0x00000000ff900000, 0x00000000ffa00000|  0%| F|  |TAMS 0x00000000ff900000| PB 0x00000000ff900000| Untracked 
|2042|0x00000000ffa00000, 0x00000000ffa00000, 0x00000000ffb00000|  0%| F|  |TAMS 0x00000000ffa00000| PB 0x00000000ffa00000| Untracked 
|2043|0x00000000ffb00000, 0x00000000ffc00000, 0x00000000ffc00000|100%| O|  |TAMS 0x00000000ffb00000| PB 0x00000000ffb00000| Untracked 
|2044|0x00000000ffc00000, 0x00000000ffd00000, 0x00000000ffd00000|100%| O|  |TAMS 0x00000000ffc00000| PB 0x00000000ffc00000| Untracked 
|2045|0x00000000ffd00000, 0x00000000ffd00000, 0x00000000ffe00000|  0%| F|  |TAMS 0x00000000ffd00000| PB 0x00000000ffd00000| Untracked 
|2046|0x00000000ffe00000, 0x00000000fff00000, 0x00000000fff00000|100%| O|  |TAMS 0x00000000ffe00000| PB 0x00000000ffe00000| Untracked 
|2047|0x00000000fff00000, 0x00000000fff00000, 0x0000000100000000|  0%| F|  |TAMS 0x00000000fff00000| PB 0x00000000fff00000| Untracked 

Card table byte_map: [0x0000016a6f730000,0x0000016a6fb30000] _byte_map_base: 0x0000016a6f330000

Marking Bits: (CMBitMap*) 0x0000016a5cf1d320
 Bits: [0x0000016a6fb30000, 0x0000016a71b30000)

Polling page: 0x0000016a5c680000

Metaspace:

Usage:
  Non-class:    105.76 MB used.
      Class:     16.87 MB used.
       Both:    122.63 MB used.

Virtual space:
  Non-class space:      128.00 MB reserved,     106.88 MB ( 83%) committed,  2 nodes.
      Class space:        1.00 GB reserved,      17.94 MB (  2%) committed,  1 nodes.
             Both:        1.12 GB reserved,     124.81 MB ( 11%) committed. 

Chunk freelists:
   Non-Class:  4.61 MB
       Class:  13.91 MB
        Both:  18.52 MB

MaxMetaspaceSize: unlimited
CompressedClassSpaceSize: 1.00 GB
Initial GC threshold: 21.00 MB
Current GC threshold: 203.88 MB
CDS: off
 - commit_granule_bytes: 65536.
 - commit_granule_words: 8192.
 - virtual_space_node_default_size: 8388608.
 - enlarge_chunks_in_place: 1.
 - use_allocation_guard: 0.


Internal statistics:

num_allocs_failed_limit: 6.
num_arena_births: 4326.
num_arena_deaths: 12.
num_vsnodes_births: 3.
num_vsnodes_deaths: 0.
num_space_committed: 1997.
num_space_uncommitted: 0.
num_chunks_returned_to_freelist: 23.
num_chunks_taken_from_freelist: 9756.
num_chunk_merges: 7.
num_chunk_splits: 6330.
num_chunks_enlarged: 3975.
num_inconsistent_stats: 0.

CodeHeap 'non-profiled nmethods': size=120000Kb used=6706Kb max_used=6706Kb free=113293Kb
 bounds [0x0000016a67ad0000, 0x0000016a68160000, 0x0000016a6f000000]
CodeHeap 'profiled nmethods': size=120000Kb used=24462Kb max_used=25140Kb free=95537Kb
 bounds [0x0000016a60000000, 0x0000016a61890000, 0x0000016a67530000]
CodeHeap 'non-nmethods': size=5760Kb used=2479Kb max_used=2493Kb free=3280Kb
 bounds [0x0000016a67530000, 0x0000016a677b0000, 0x0000016a67ad0000]
 total_blobs=13536 nmethods=12638 adapters=800
 compilation: enabled
              stopped_count=0, restarted_count=0
 full_count=0

Compilation events (20 events):
Event: 33.691 Thread 0x0000016a7b4b0e20 nmethod 15368 0x0000016a68158b10 code [0x0000016a68158cc0, 0x0000016a68159600]
Event: 33.691 Thread 0x0000016a7b4b0e20 15376       4       com.google.common.util.concurrent.AbstractListeningExecutorService::submit (6 bytes)
Event: 33.693 Thread 0x0000016a747534b0 15377       1       com.android.tools.r8.internal.rl0::hashCode (5 bytes)
Event: 33.693 Thread 0x0000016a747534b0 nmethod 15377 0x0000016a68159790 code [0x0000016a68159920, 0x0000016a681599e8]
Event: 33.698 Thread 0x0000016a747534b0 15378       1       com.android.tools.r8.internal.rl0::j (2 bytes)
Event: 33.699 Thread 0x0000016a747534b0 nmethod 15378 0x0000016a68159a90 code [0x0000016a68159c20, 0x0000016a68159ce8]
Event: 33.713 Thread 0x0000016a747534b0 15381       2       java.util.Collections$SetFromMap::contains (11 bytes)
Event: 33.713 Thread 0x0000016a747534b0 nmethod 15381 0x0000016a60cd0e10 code [0x0000016a60cd0fc0, 0x0000016a60cd10f8]
Event: 33.715 Thread 0x0000016a747534b0 15382       2       java.lang.invoke.MethodHandle::asVarargsCollector (40 bytes)
Event: 33.716 Thread 0x0000016a7b4b0e20 nmethod 15376 0x0000016a6815a090 code [0x0000016a6815a2e0, 0x0000016a6815b308]
Event: 33.716 Thread 0x0000016a7b4b0e20 15379       4       java.util.LinkedList::node (65 bytes)
Event: 33.716 Thread 0x0000016a747534b0 nmethod 15382 0x0000016a608fc910 code [0x0000016a608fcae0, 0x0000016a608fcd98]
Event: 33.717 Thread 0x0000016a747534b0 15383       2       com.android.tools.r8.internal.uz::hasNext (13 bytes)
Event: 33.717 Thread 0x0000016a747534b0 nmethod 15383 0x0000016a60afa890 code [0x0000016a60afaa20, 0x0000016a60afab38]
Event: 33.720 Thread 0x0000016a7b4b0e20 nmethod 15379 0x0000016a6815bc90 code [0x0000016a6815be20, 0x0000016a6815bfc8]
Event: 33.720 Thread 0x0000016a7b4b0e20 15361       4       com.android.tools.r8.graph.n4::c (53 bytes)
Event: 33.721 Thread 0x0000016a7b4b0e20 nmethod 15361 0x0000016a6815c110 code [0x0000016a6815c280, 0x0000016a6815c310]
Event: 33.721 Thread 0x0000016a7b4b0e20 15365       4       com.android.tools.r8.graph.l4::apply (40 bytes)
Event: 33.724 Thread 0x0000016a7b4b0e20 nmethod 15365 0x0000016a6815c410 code [0x0000016a6815c5c0, 0x0000016a6815c7e0]
Event: 33.724 Thread 0x0000016a7b4b0e20 15315       4       com.android.tools.r8.internal.i9::T (8 bytes)

GC Heap History (20 events):
Event: 23.082 GC heap after
{Heap after GC invocations=54 (full 0):
 garbage-first heap   total 209920K, used 155903K [0x0000000080000000, 0x0000000100000000)
  region size 1024K, 7 young (7168K), 7 survivors (7168K)
 Metaspace       used 114243K, committed 116416K, reserved 1179648K
  class space    used 15681K, committed 16768K, reserved 1048576K
}
Event: 23.213 GC heap before
{Heap before GC invocations=54 (full 0):
 garbage-first heap   total 209920K, used 189695K [0x0000000080000000, 0x0000000100000000)
  region size 1024K, 41 young (41984K), 7 survivors (7168K)
 Metaspace       used 114459K, committed 116672K, reserved 1179648K
  class space    used 15703K, committed 16832K, reserved 1048576K
}
Event: 23.219 GC heap after
{Heap after GC invocations=55 (full 0):
 garbage-first heap   total 462848K, used 164864K [0x0000000080000000, 0x0000000100000000)
  region size 1024K, 6 young (6144K), 6 survivors (6144K)
 Metaspace       used 114459K, committed 116672K, reserved 1179648K
  class space    used 15703K, committed 16832K, reserved 1048576K
}
Event: 24.321 GC heap before
{Heap before GC invocations=56 (full 0):
 garbage-first heap   total 462848K, used 332800K [0x0000000080000000, 0x0000000100000000)
  region size 1024K, 171 young (175104K), 6 survivors (6144K)
 Metaspace       used 116436K, committed 118592K, reserved 1179648K
  class space    used 15991K, committed 17088K, reserved 1048576K
}
Event: 24.353 GC heap after
{Heap after GC invocations=57 (full 0):
 garbage-first heap   total 462848K, used 208792K [0x0000000080000000, 0x0000000100000000)
  region size 1024K, 22 young (22528K), 22 survivors (22528K)
 Metaspace       used 116436K, committed 118592K, reserved 1179648K
  class space    used 15991K, committed 17088K, reserved 1048576K
}
Event: 25.051 GC heap before
{Heap before GC invocations=57 (full 0):
 garbage-first heap   total 462848K, used 343960K [0x0000000080000000, 0x0000000100000000)
  region size 1024K, 155 young (158720K), 22 survivors (22528K)
 Metaspace       used 118031K, committed 120192K, reserved 1179648K
  class space    used 16197K, committed 17280K, reserved 1048576K
}
Event: 25.074 GC heap after
{Heap after GC invocations=58 (full 0):
 garbage-first heap   total 462848K, used 242688K [0x0000000080000000, 0x0000000100000000)
  region size 1024K, 20 young (20480K), 20 survivors (20480K)
 Metaspace       used 118031K, committed 120192K, reserved 1179648K
  class space    used 16197K, committed 17280K, reserved 1048576K
}
Event: 26.009 GC heap before
{Heap before GC invocations=58 (full 0):
 garbage-first heap   total 462848K, used 366592K [0x0000000080000000, 0x0000000100000000)
  region size 1024K, 141 young (144384K), 20 survivors (20480K)
 Metaspace       used 118531K, committed 120704K, reserved 1179648K
  class space    used 16253K, committed 17344K, reserved 1048576K
}
Event: 26.055 GC heap after
{Heap after GC invocations=59 (full 0):
 garbage-first heap   total 462848K, used 269312K [0x0000000080000000, 0x0000000100000000)
  region size 1024K, 18 young (18432K), 18 survivors (18432K)
 Metaspace       used 118531K, committed 120704K, reserved 1179648K
  class space    used 16253K, committed 17344K, reserved 1048576K
}
Event: 27.464 GC heap before
{Heap before GC invocations=59 (full 0):
 garbage-first heap   total 462848K, used 385024K [0x0000000080000000, 0x0000000100000000)
  region size 1024K, 131 young (134144K), 18 survivors (18432K)
 Metaspace       used 119549K, committed 121728K, reserved 1179648K
  class space    used 16417K, committed 17536K, reserved 1048576K
}
Event: 27.521 GC heap after
{Heap after GC invocations=60 (full 0):
 garbage-first heap   total 462848K, used 293376K [0x0000000080000000, 0x0000000100000000)
  region size 1024K, 17 young (17408K), 17 survivors (17408K)
 Metaspace       used 119549K, committed 121728K, reserved 1179648K
  class space    used 16417K, committed 17536K, reserved 1048576K
}
Event: 29.592 GC heap before
{Heap before GC invocations=61 (full 0):
 garbage-first heap   total 490496K, used 399872K [0x0000000080000000, 0x0000000100000000)
  region size 1024K, 121 young (123904K), 17 survivors (17408K)
 Metaspace       used 120557K, committed 122688K, reserved 1179648K
  class space    used 16576K, committed 17664K, reserved 1048576K
}
Event: 29.632 GC heap after
{Heap after GC invocations=62 (full 0):
 garbage-first heap   total 490496K, used 315904K [0x0000000080000000, 0x0000000100000000)
  region size 1024K, 16 young (16384K), 16 survivors (16384K)
 Metaspace       used 120557K, committed 122688K, reserved 1179648K
  class space    used 16576K, committed 17664K, reserved 1048576K
}
Event: 30.509 GC heap before
{Heap before GC invocations=62 (full 0):
 garbage-first heap   total 490496K, used 429568K [0x0000000080000000, 0x0000000100000000)
  region size 1024K, 127 young (130048K), 16 survivors (16384K)
 Metaspace       used 122592K, committed 124800K, reserved 1179648K
  class space    used 16817K, committed 17920K, reserved 1048576K
}
Event: 30.547 GC heap after
{Heap after GC invocations=63 (full 0):
 garbage-first heap   total 490496K, used 334336K [0x0000000080000000, 0x0000000100000000)
  region size 1024K, 16 young (16384K), 16 survivors (16384K)
 Metaspace       used 122592K, committed 124800K, reserved 1179648K
  class space    used 16817K, committed 17920K, reserved 1048576K
}
Event: 31.201 GC heap before
{Heap before GC invocations=63 (full 0):
 garbage-first heap   total 490496K, used 436736K [0x0000000080000000, 0x0000000100000000)
  region size 1024K, 116 young (118784K), 16 survivors (16384K)
 Metaspace       used 122983K, committed 125184K, reserved 1179648K
  class space    used 16875K, committed 17984K, reserved 1048576K
}
Event: 31.235 GC heap after
{Heap after GC invocations=64 (full 0):
 garbage-first heap   total 490496K, used 359936K [0x0000000080000000, 0x0000000100000000)
  region size 1024K, 15 young (15360K), 15 survivors (15360K)
 Metaspace       used 122983K, committed 125184K, reserved 1179648K
  class space    used 16875K, committed 17984K, reserved 1048576K
}
Event: 31.876 GC heap before
{Heap before GC invocations=65 (full 0):
 garbage-first heap   total 601088K, used 443904K [0x0000000080000000, 0x0000000100000000)
  region size 1024K, 97 young (99328K), 15 survivors (15360K)
 Metaspace       used 123007K, committed 125248K, reserved 1179648K
  class space    used 16876K, committed 17984K, reserved 1048576K
}
Event: 31.910 GC heap after
{Heap after GC invocations=66 (full 0):
 garbage-first heap   total 601088K, used 379904K [0x0000000080000000, 0x0000000100000000)
  region size 1024K, 13 young (13312K), 13 survivors (13312K)
 Metaspace       used 123007K, committed 125248K, reserved 1179648K
  class space    used 16876K, committed 17984K, reserved 1048576K
}
Event: 33.724 GC heap before
{Heap before GC invocations=66 (full 0):
 garbage-first heap   total 601088K, used 523264K [0x0000000080000000, 0x0000000100000000)
  region size 1024K, 153 young (156672K), 13 survivors (13312K)
 Metaspace       used 125572K, committed 127808K, reserved 1179648K
  class space    used 17273K, committed 18368K, reserved 1048576K
}

Dll operation events (3 events):
Event: 0.011 Loaded shared library C:\Program Files\Android\Android Studio\jbr\bin\java.dll
Event: 0.016 Loaded shared library C:\Program Files\Android\Android Studio\jbr\bin\zip.dll
Event: 0.522 Loaded shared library C:\Program Files\Android\Android Studio\jbr\bin\verify.dll

Deoptimization events (20 events):
Event: 33.646 Thread 0x0000016a7ef92e30 Uncommon trap: trap_request=0xffffffde fr.pc=0x0000016a6809e2cc relative=0x000000000000044c
Event: 33.646 Thread 0x0000016a7ef92e30 Uncommon trap: reason=class_check action=maybe_recompile pc=0x0000016a6809e2cc method=com.android.tools.r8.internal.Mq.a(I)Ljava/lang/Object; @ 9 c2
Event: 33.646 Thread 0x0000016a7ef92e30 DEOPT PACKING pc=0x0000016a6809e2cc sp=0x000000417eaf9d40
Event: 33.646 Thread 0x0000016a7ef92e30 DEOPT UNPACKING pc=0x0000016a67587da2 sp=0x000000417eaf9c30 mode 2
Event: 33.656 Thread 0x0000016a7ef8ec90 DEOPT PACKING pc=0x0000016a617e2f3b sp=0x000000417ebf9900
Event: 33.656 Thread 0x0000016a7ef8ec90 DEOPT UNPACKING pc=0x0000016a675888e2 sp=0x000000417ebf9028 mode 0
Event: 33.663 Thread 0x0000016a7ef927a0 DEOPT PACKING pc=0x0000016a617e438c sp=0x000000417e9f97c0
Event: 33.663 Thread 0x0000016a7ef927a0 DEOPT UNPACKING pc=0x0000016a675888e2 sp=0x000000417e9f8ee8 mode 0
Event: 33.713 Thread 0x0000016a7ef92e30 Uncommon trap: trap_request=0xffffffc6 fr.pc=0x0000016a67baa09c relative=0x000000000000095c
Event: 33.713 Thread 0x0000016a7ef92e30 Uncommon trap: reason=bimorphic_or_optimized_type_check action=maybe_recompile pc=0x0000016a67baa09c method=com.android.tools.r8.internal.mo.hashCode()I @ 25 c2
Event: 33.713 Thread 0x0000016a7ef92e30 DEOPT PACKING pc=0x0000016a67baa09c sp=0x000000417eaf9d20
Event: 33.713 Thread 0x0000016a7ef92e30 DEOPT UNPACKING pc=0x0000016a67587da2 sp=0x000000417eaf9cc8 mode 2
Event: 33.713 Thread 0x0000016a7ef92e30 Uncommon trap: trap_request=0xffffffc6 fr.pc=0x0000016a67baa09c relative=0x000000000000095c
Event: 33.713 Thread 0x0000016a7ef92e30 Uncommon trap: reason=bimorphic_or_optimized_type_check action=maybe_recompile pc=0x0000016a67baa09c method=com.android.tools.r8.internal.mo.hashCode()I @ 25 c2
Event: 33.713 Thread 0x0000016a7ef92e30 DEOPT PACKING pc=0x0000016a67baa09c sp=0x000000417eaf9d20
Event: 33.713 Thread 0x0000016a7ef92e30 DEOPT UNPACKING pc=0x0000016a67587da2 sp=0x000000417eaf9cc8 mode 2
Event: 33.713 Thread 0x0000016a7ef92e30 Uncommon trap: trap_request=0xffffffc6 fr.pc=0x0000016a67baa09c relative=0x000000000000095c
Event: 33.713 Thread 0x0000016a7ef92e30 Uncommon trap: reason=bimorphic_or_optimized_type_check action=maybe_recompile pc=0x0000016a67baa09c method=com.android.tools.r8.internal.mo.hashCode()I @ 25 c2
Event: 33.713 Thread 0x0000016a7ef92e30 DEOPT PACKING pc=0x0000016a67baa09c sp=0x000000417eaf9d20
Event: 33.714 Thread 0x0000016a7ef92e30 DEOPT UNPACKING pc=0x0000016a67587da2 sp=0x000000417eaf9cc8 mode 2

Classes loaded (20 events):
Event: 25.611 Loading class java/util/concurrent/ConcurrentLinkedQueue$Itr
Event: 25.611 Loading class java/util/concurrent/ConcurrentLinkedQueue$Itr done
Event: 32.403 Loading class java/util/IdentityHashMap$EntrySet
Event: 32.405 Loading class java/util/IdentityHashMap$EntrySet done
Event: 32.405 Loading class java/util/IdentityHashMap$EntrySpliterator
Event: 32.406 Loading class java/util/IdentityHashMap$IdentityHashMapSpliterator
Event: 32.406 Loading class java/util/IdentityHashMap$IdentityHashMapSpliterator done
Event: 32.410 Loading class java/util/IdentityHashMap$EntrySpliterator done
Event: 33.025 Loading class java/util/PriorityQueue
Event: 33.033 Loading class java/util/PriorityQueue done
Event: 33.074 Loading class java/util/IdentityHashMap$ValueIterator
Event: 33.088 Loading class java/util/IdentityHashMap$ValueIterator done
Event: 33.619 Loading class java/util/SortedSet$1
Event: 33.623 Loading class java/util/SortedSet$1 done
Event: 33.631 Loading class java/util/stream/SliceOps
Event: 33.634 Loading class java/util/stream/SliceOps done
Event: 33.634 Loading class java/util/stream/SliceOps$1
Event: 33.636 Loading class java/util/stream/SliceOps$1 done
Event: 33.637 Loading class java/util/stream/SliceOps$1$1
Event: 33.638 Loading class java/util/stream/SliceOps$1$1 done

Classes unloaded (6 events):
Event: 20.846 Thread 0x0000016a74700940 Unloading class 0x0000000100f88800 'java/lang/invoke/LambdaForm$DMH+0x0000000100f88800'
Event: 20.846 Thread 0x0000016a74700940 Unloading class 0x0000000100f88400 'java/lang/invoke/LambdaForm$DMH+0x0000000100f88400'
Event: 20.846 Thread 0x0000016a74700940 Unloading class 0x0000000100f84c00 'java/lang/invoke/LambdaForm$DMH+0x0000000100f84c00'
Event: 28.024 Thread 0x0000016a74700940 Unloading class 0x0000000101100800 'java/lang/invoke/LambdaForm$DMH+0x0000000101100800'
Event: 28.024 Thread 0x0000016a74700940 Unloading class 0x0000000101100400 'java/lang/invoke/LambdaForm$DMH+0x0000000101100400'
Event: 28.024 Thread 0x0000016a74700940 Unloading class 0x00000001010ec400 'java/lang/invoke/LambdaForm$DMH+0x00000001010ec400'

Classes redefined (0 events):
No events

Internal exceptions (20 events):
Event: 22.726 Thread 0x0000016a7f9f0890 Exception <a 'java/lang/NoSuchMethodError'{0x000000008ab26ba8}: static Lorg/jetbrains/kotlin/daemon/common/DaemonJVMOptions;.<clinit>()V> (0x000000008ab26ba8) 
thrown [s\src\hotspot\share\prims\jni.cpp, line 1135]
Event: 22.738 Thread 0x0000016a7f9f0890 Exception <a 'java/lang/NoSuchMethodError'{0x000000008abac728}: static Lorg/jetbrains/kotlin/daemon/common/CompileService$CallResult$Ok;.<clinit>()V> (0x000000008abac728) 
thrown [s\src\hotspot\share\prims\jni.cpp, line 1135]
Event: 22.783 Thread 0x0000016a7f9f0890 Exception <a 'java/lang/NoSuchMethodError'{0x000000008a8c6a80}: static [Ljava/lang/Integer;.<clinit>()V> (0x000000008a8c6a80) 
thrown [s\src\hotspot\share\prims\jni.cpp, line 1135]
Event: 24.377 Thread 0x0000016a7ef92e30 Exception <a 'java/lang/NoSuchMethodError'{0x00000000ffaa1210}: 'java.lang.Object java.lang.invoke.DirectMethodHandle$Holder.invokeStaticInit(java.lang.Object, java.lang.Object, java.lang.Object, java.lang.Object, java.lang.Object, java.lang.Object, java.lang.Object, java.lang.Object, java.lang.Object, java.lang.Object, java.lang.Object, java.lang.Object, java.lang.Object, java.lang.Object, java.lang.Object, java.lang.Object, java.lang.Object, java.lang.Object, java.lang.Object, java.lang.Object, int, java
Event: 24.533 Thread 0x0000016a7ef8ec90 Exception <a 'java/lang/IncompatibleClassChangeError'{0x0000000099f96c38}: Found class java.lang.Object, but interface was expected> (0x0000000099f96c38) 
thrown [s\src\hotspot\share\interpreter\linkResolver.cpp, line 851]
Event: 24.579 Thread 0x0000016a7ef927a0 Exception <a 'java/lang/NoSuchMethodError'{0x0000000099c30ba0}: 'void java.lang.invoke.DirectMethodHandle$Holder.invokeStatic(java.lang.Object, java.lang.Object, java.lang.Object, int, java.lang.Object, java.lang.Object, java.lang.Object, java.lang.Object)'> (0x0000000099c30ba0) 
thrown [s\src\hotspot\share\interpreter\linkResolver.cpp, line 784]
Event: 24.775 Thread 0x0000016a7ef92e30 Exception <a 'java/lang/NoSuchMethodError'{0x000000009698f248}: 'java.lang.Object java.lang.invoke.DirectMethodHandle$Holder.newInvokeSpecial(java.lang.Object, long)'> (0x000000009698f248) 
thrown [s\src\hotspot\share\interpreter\linkResolver.cpp, line 784]
Event: 24.775 Thread 0x0000016a7ef8ec90 Exception <a 'java/lang/NoSuchMethodError'{0x0000000098ee67a0}: 'java.lang.Object java.lang.invoke.DirectMethodHandle$Holder.newInvokeSpecial(java.lang.Object, long)'> (0x0000000098ee67a0) 
thrown [s\src\hotspot\share\interpreter\linkResolver.cpp, line 784]
Event: 24.775 Thread 0x0000016a7ef927a0 Exception <a 'java/lang/NoSuchMethodError'{0x0000000096789c40}: 'java.lang.Object java.lang.invoke.DirectMethodHandle$Holder.newInvokeSpecial(java.lang.Object, long)'> (0x0000000096789c40) 
thrown [s\src\hotspot\share\interpreter\linkResolver.cpp, line 784]
Event: 27.003 Thread 0x0000016a7ef92e30 Exception <a 'java/lang/IncompatibleClassChangeError'{0x00000000962ff618}: Found class java.lang.Object, but interface was expected> (0x00000000962ff618) 
thrown [s\src\hotspot\share\interpreter\linkResolver.cpp, line 851]
Event: 27.014 Thread 0x0000016a7ef92e30 Exception <a 'java/lang/NoSuchMethodError'{0x0000000096109d60}: 'void java.lang.invoke.DirectMethodHandle$Holder.invokeInterface(java.lang.Object, java.lang.Object, java.lang.Object, int)'> (0x0000000096109d60) 
thrown [s\src\hotspot\share\interpreter\linkResolver.cpp, line 784]
Event: 27.410 Thread 0x0000016a7ef92e30 Implicit null exception at 0x0000016a68067ad7 to 0x0000016a6806b164
Event: 27.410 Thread 0x0000016a7ef92e30 Implicit null exception at 0x0000016a68077aaa to 0x0000016a68077ba4
Event: 27.410 Thread 0x0000016a7ef92e30 Implicit null exception at 0x0000016a68077aaa to 0x0000016a68077ba4
Event: 30.373 Thread 0x0000016a7ef92e30 Exception <a 'java/lang/NoSuchMethodError'{0x00000000979e4008}: 'java.lang.Object java.lang.invoke.DirectMethodHandle$Holder.invokeStatic(java.lang.Object, int, java.lang.Object, java.lang.Object)'> (0x00000000979e4008) 
thrown [s\src\hotspot\share\interpreter\linkResolver.cpp, line 784]
Event: 30.376 Thread 0x0000016a7ef92e30 Exception <a 'java/lang/NoSuchMethodError'{0x00000000979f5e50}: 'java.lang.Object java.lang.invoke.DirectMethodHandle$Holder.invokeStatic(java.lang.Object, java.lang.Object, int, java.lang.Object, java.lang.Object)'> (0x00000000979f5e50) 
thrown [s\src\hotspot\share\interpreter\linkResolver.cpp, line 784]
Event: 32.094 Thread 0x0000016a7ef92e30 Exception <a 'java/lang/IncompatibleClassChangeError'{0x00000000a2efeeb0}: Found class java.lang.Object, but interface was expected> (0x00000000a2efeeb0) 
thrown [s\src\hotspot\share\interpreter\linkResolver.cpp, line 851]
Event: 32.094 Thread 0x0000016a7ef92e30 Exception <a 'java/lang/IncompatibleClassChangeError'{0x00000000a2a03b38}: Found class java.lang.Object, but interface was expected> (0x00000000a2a03b38) 
thrown [s\src\hotspot\share\interpreter\linkResolver.cpp, line 851]
Event: 32.317 Thread 0x0000016a7ef92e30 Exception <a 'java/lang/NoSuchMethodError'{0x00000000a0137bf8}: 'void java.lang.invoke.DirectMethodHandle$Holder.invokeSpecial(java.lang.Object, java.lang.Object, int, java.lang.Object)'> (0x00000000a0137bf8) 
thrown [s\src\hotspot\share\interpreter\linkResolver.cpp, line 784]
Event: 33.110 Thread 0x0000016a7ef92e30 Exception <a 'java/lang/NoSuchMethodError'{0x000000009e571708}: 'int java.lang.invoke.DirectMethodHandle$Holder.invokeSpecial(java.lang.Object, java.lang.Object, java.lang.Object, int, java.lang.Object)'> (0x000000009e571708) 
thrown [s\src\hotspot\share\interpreter\linkResolver.cpp, line 784]

ZGC Phase Switch (0 events):
No events

VM Operations (20 events):
Event: 31.845 Executing VM operation: G1PauseCleanup done
Event: 31.876 Executing VM operation: G1CollectForAllocation (G1 Evacuation Pause)
Event: 31.910 Executing VM operation: G1CollectForAllocation (G1 Evacuation Pause) done
Event: 31.945 Executing VM operation: HandshakeAllThreads (Deoptimize)
Event: 31.946 Executing VM operation: HandshakeAllThreads (Deoptimize) done
Event: 32.038 Executing VM operation: HandshakeAllThreads (Deoptimize)
Event: 32.039 Executing VM operation: HandshakeAllThreads (Deoptimize) done
Event: 32.064 Executing VM operation: HandshakeAllThreads (Deoptimize)
Event: 32.069 Executing VM operation: HandshakeAllThreads (Deoptimize) done
Event: 32.089 Executing VM operation: HandshakeAllThreads (Deoptimize)
Event: 32.091 Executing VM operation: HandshakeAllThreads (Deoptimize) done
Event: 32.161 Executing VM operation: HandshakeAllThreads (Deoptimize)
Event: 32.166 Executing VM operation: HandshakeAllThreads (Deoptimize) done
Event: 33.166 Executing VM operation: Cleanup
Event: 33.280 Executing VM operation: Cleanup done
Event: 33.543 Executing VM operation: HandshakeAllThreads (Deoptimize)
Event: 33.560 Executing VM operation: HandshakeAllThreads (Deoptimize) done
Event: 33.626 Executing VM operation: HandshakeAllThreads (Deoptimize)
Event: 33.628 Executing VM operation: HandshakeAllThreads (Deoptimize) done
Event: 33.724 Executing VM operation: G1CollectForAllocation (G1 Evacuation Pause)

Memory protections (0 events):
No events

Nmethod flushes (20 events):
Event: 31.610 Thread 0x0000016a74700940 flushing  nmethod 0x0000016a61221f10
Event: 31.610 Thread 0x0000016a74700940 flushing  nmethod 0x0000016a61370b10
Event: 31.610 Thread 0x0000016a74700940 flushing  nmethod 0x0000016a613c2210
Event: 31.610 Thread 0x0000016a74700940 flushing  nmethod 0x0000016a615c1d10
Event: 31.610 Thread 0x0000016a74700940 flushing  nmethod 0x0000016a61660b90
Event: 31.610 Thread 0x0000016a74700940 flushing  nmethod 0x0000016a60609190
Event: 31.610 Thread 0x0000016a74700940 flushing  nmethod 0x0000016a60671510
Event: 31.610 Thread 0x0000016a74700940 flushing  nmethod 0x0000016a6077f790
Event: 31.610 Thread 0x0000016a74700940 flushing  nmethod 0x0000016a60863c10
Event: 31.610 Thread 0x0000016a74700940 flushing  nmethod 0x0000016a608bd690
Event: 31.610 Thread 0x0000016a74700940 flushing  nmethod 0x0000016a609b5190
Event: 31.610 Thread 0x0000016a74700940 flushing  nmethod 0x0000016a609b5690
Event: 31.610 Thread 0x0000016a74700940 flushing  nmethod 0x0000016a60b11210
Event: 31.610 Thread 0x0000016a74700940 flushing  nmethod 0x0000016a60b18c90
Event: 31.610 Thread 0x0000016a74700940 flushing  nmethod 0x0000016a610f5390
Event: 31.610 Thread 0x0000016a74700940 flushing  nmethod 0x0000016a61243f90
Event: 31.610 Thread 0x0000016a74700940 flushing  nmethod 0x0000016a612a1190
Event: 31.610 Thread 0x0000016a74700940 flushing  nmethod 0x0000016a61426890
Event: 31.610 Thread 0x0000016a74700940 flushing  nmethod 0x0000016a61638890
Event: 31.610 Thread 0x0000016a74700940 flushing  nmethod 0x0000016a61661390

Events (20 events):
Event: 20.692 Thread 0x0000016a7ef94f00 Thread added: 0x0000016a7ec2cd60
Event: 20.692 Thread 0x0000016a7ef94f00 Thread added: 0x0000016a7ef90040
Event: 20.693 Thread 0x0000016a7ef94f00 Thread added: 0x0000016a04024920
Event: 21.120 Thread 0x0000016a7ef94f00 Thread added: 0x0000016a7f9f50c0
Event: 21.120 Thread 0x0000016a7ef94f00 Thread added: 0x0000016a7f9f5750
Event: 21.121 Thread 0x0000016a7ef94f00 Thread added: 0x0000016a7f9ee7c0
Event: 21.121 Thread 0x0000016a7ef94f00 Thread added: 0x0000016a7f9f5de0
Event: 21.121 Thread 0x0000016a7ef94f00 Thread added: 0x0000016a7f9eee50
Event: 21.122 Thread 0x0000016a7ef94f00 Thread added: 0x0000016a7f9f7190
Event: 21.122 Thread 0x0000016a7ef94f00 Thread added: 0x0000016a7f9fd400
Event: 21.439 Thread 0x0000016a7ef94f00 Thread added: 0x0000016a7f9f8540
Event: 22.251 Thread 0x0000016a7ef94f00 Thread added: 0x0000016a7f9f0890
Event: 22.659 Thread 0x0000016a7f9f0890 Thread added: 0x0000016a7f9f22d0
Event: 22.669 Thread 0x0000016a7f9f0890 Thread added: 0x0000016a7f9f0f20
Event: 22.673 Loaded shared library C:\Program Files\Android\Android Studio\jbr\bin\rmi.dll
Event: 22.675 Thread 0x0000016a7f9f0890 Thread added: 0x0000016a7f9f3680
Event: 22.772 Thread 0x0000016a7f9f0890 Thread added: 0x0000016a7f9ee130
Event: 22.773 Thread 0x0000016a7f9f0890 Thread added: 0x0000016a7f9f4a30
Event: 22.901 Thread 0x0000016a7f9ee130 Thread added: 0x0000016a04024290
Event: 30.553 Thread 0x0000016a747534b0 Thread added: 0x0000016a7b4b0e20


Dynamic libraries:
0x00007ff625f10000 - 0x00007ff625f1a000 	C:\Program Files\Android\Android Studio\jbr\bin\java.exe
0x00007ff989750000 - 0x00007ff989967000 	C:\Windows\SYSTEM32\ntdll.dll
0x00007ff988710000 - 0x00007ff9887d4000 	C:\Windows\System32\KERNEL32.DLL
0x00007ff986f40000 - 0x00007ff9872e6000 	C:\Windows\System32\KERNELBASE.dll
0x00007ff983a20000 - 0x00007ff983ab7000 	C:\Windows\SYSTEM32\apphelp.dll
0x00007ff986b90000 - 0x00007ff986ca1000 	C:\Windows\System32\ucrtbase.dll
0x00007ff956490000 - 0x00007ff9564ab000 	C:\Program Files\Android\Android Studio\jbr\bin\VCRUNTIME140.dll
0x00007ff960340000 - 0x00007ff960358000 	C:\Program Files\Android\Android Studio\jbr\bin\jli.dll
0x00007ff988100000 - 0x00007ff9882ae000 	C:\Windows\System32\USER32.dll
0x00007ff986b60000 - 0x00007ff986b86000 	C:\Windows\System32\win32u.dll
0x00007ff971c10000 - 0x00007ff971ea3000 	C:\Windows\WinSxS\amd64_microsoft.windows.common-controls_6595b64144ccf1df_6.0.22621.2506_none_270c5ae97388e100\COMCTL32.dll
0x00007ff987520000 - 0x00007ff987549000 	C:\Windows\System32\GDI32.dll
0x00007ff988d50000 - 0x00007ff988df7000 	C:\Windows\System32\msvcrt.dll
0x00007ff986e20000 - 0x00007ff986f38000 	C:\Windows\System32\gdi32full.dll
0x00007ff986ac0000 - 0x00007ff986b5a000 	C:\Windows\System32\msvcp_win.dll
0x00007ff988000000 - 0x00007ff988031000 	C:\Windows\System32\IMM32.DLL
0x00007ff960590000 - 0x00007ff96059c000 	C:\Program Files\Android\Android Studio\jbr\bin\vcruntime140_1.dll
0x00007ff947b20000 - 0x00007ff947bad000 	C:\Program Files\Android\Android Studio\jbr\bin\msvcp140.dll
0x00007ff910f30000 - 0x00007ff911bb3000 	C:\Program Files\Android\Android Studio\jbr\bin\server\jvm.dll
0x00007ff988040000 - 0x00007ff9880f1000 	C:\Windows\System32\ADVAPI32.dll
0x00007ff988f00000 - 0x00007ff988fa5000 	C:\Windows\System32\sechost.dll
0x00007ff987ee0000 - 0x00007ff987ff7000 	C:\Windows\System32\RPCRT4.dll
0x00007ff987e60000 - 0x00007ff987ed1000 	C:\Windows\System32\WS2_32.dll
0x00007ff986990000 - 0x00007ff9869dd000 	C:\Windows\SYSTEM32\POWRPROF.dll
0x00007ff97b780000 - 0x00007ff97b78a000 	C:\Windows\SYSTEM32\VERSION.dll
0x00007ff97cf70000 - 0x00007ff97cfa4000 	C:\Windows\SYSTEM32\WINMM.dll
0x00007ff986970000 - 0x00007ff986983000 	C:\Windows\SYSTEM32\UMPDC.dll
0x00007ff985aa0000 - 0x00007ff985ab8000 	C:\Windows\SYSTEM32\kernel.appcore.dll
0x00007ff960490000 - 0x00007ff96049a000 	C:\Program Files\Android\Android Studio\jbr\bin\jimage.dll
0x00007ff984370000 - 0x00007ff9845a3000 	C:\Windows\SYSTEM32\DBGHELP.DLL
0x00007ff989230000 - 0x00007ff9895b9000 	C:\Windows\System32\combase.dll
0x00007ff9887f0000 - 0x00007ff9888c7000 	C:\Windows\System32\OLEAUT32.dll
0x00007ff972a40000 - 0x00007ff972a72000 	C:\Windows\SYSTEM32\dbgcore.DLL
0x00007ff987420000 - 0x00007ff98749a000 	C:\Windows\System32\bcryptPrimitives.dll
0x00007ff9832f0000 - 0x00007ff9832fe000 	C:\Program Files\Android\Android Studio\jbr\bin\instrument.dll
0x00007ff934fb0000 - 0x00007ff934fd0000 	C:\Program Files\Android\Android Studio\jbr\bin\java.dll
0x00007ff921c70000 - 0x00007ff921c88000 	C:\Program Files\Android\Android Studio\jbr\bin\zip.dll
0x00007ff987550000 - 0x00007ff987daa000 	C:\Windows\System32\SHELL32.dll
0x00007ff9849c0000 - 0x00007ff9852b6000 	C:\Windows\SYSTEM32\windows.storage.dll
0x00007ff984880000 - 0x00007ff9849be000 	C:\Windows\SYSTEM32\wintypes.dll
0x00007ff988340000 - 0x00007ff988433000 	C:\Windows\System32\SHCORE.dll
0x00007ff9882c0000 - 0x00007ff98831e000 	C:\Windows\System32\shlwapi.dll
0x00007ff9869f0000 - 0x00007ff986a16000 	C:\Windows\SYSTEM32\profapi.dll
0x00007ff95f480000 - 0x00007ff95f490000 	C:\Program Files\Android\Android Studio\jbr\bin\net.dll
0x00007ff97f650000 - 0x00007ff97f787000 	C:\Windows\SYSTEM32\WINHTTP.dll
0x00007ff985f40000 - 0x00007ff985fa9000 	C:\Windows\system32\mswsock.dll
0x00007ff920450000 - 0x00007ff920466000 	C:\Program Files\Android\Android Studio\jbr\bin\nio.dll
0x00007ff94c650000 - 0x00007ff94c660000 	C:\Program Files\Android\Android Studio\jbr\bin\verify.dll
0x00007ff97a880000 - 0x00007ff97a8a7000 	C:\Users\asus\.gradle\native\c067742578af261105cb4f569cf0c3c89f3d7b1fecec35dd04571415982c5e48\windows-amd64\native-platform.dll
0x00007ff9475e0000 - 0x00007ff947724000 	C:\Users\asus\.gradle\native\38dada09dfb8b06ba9b0570ebf7e218e3eb74d4ef43ca46872605cf95ebc2f47\windows-amd64\native-platform-file-events.dll
0x00007ff955c00000 - 0x00007ff955c09000 	C:\Program Files\Android\Android Studio\jbr\bin\management.dll
0x00007ff9541a0000 - 0x00007ff9541ab000 	C:\Program Files\Android\Android Studio\jbr\bin\management_ext.dll
0x00007ff9886e0000 - 0x00007ff9886e8000 	C:\Windows\System32\PSAPI.DLL
0x00007ff9861a0000 - 0x00007ff9861bb000 	C:\Windows\SYSTEM32\CRYPTSP.dll
0x00007ff985a00000 - 0x00007ff985a35000 	C:\Windows\system32\rsaenh.dll
0x00007ff986030000 - 0x00007ff98605c000 	C:\Windows\SYSTEM32\USERENV.dll
0x00007ff986380000 - 0x00007ff9863a8000 	C:\Windows\SYSTEM32\bcrypt.dll
0x00007ff986190000 - 0x00007ff98619c000 	C:\Windows\SYSTEM32\CRYPTBASE.dll
0x00007ff985520000 - 0x00007ff98554d000 	C:\Windows\SYSTEM32\IPHLPAPI.DLL
0x00007ff9886d0000 - 0x00007ff9886d9000 	C:\Windows\System32\NSI.dll
0x00007ff955fd0000 - 0x00007ff955fd9000 	C:\Program Files\Android\Android Studio\jbr\bin\extnet.dll
0x00007ff981a60000 - 0x00007ff981a68000 	C:\Windows\system32\wshunix.dll
0x00007ff9701b0000 - 0x00007ff9701c7000 	C:\Windows\system32\napinsp.dll
0x00007ff96fbc0000 - 0x00007ff96fbdb000 	C:\Windows\system32\pnrpnsp.dll
0x00007ff985590000 - 0x00007ff985689000 	C:\Windows\SYSTEM32\DNSAPI.dll
0x00007ff9701d0000 - 0x00007ff9701e1000 	C:\Windows\System32\winrnr.dll
0x00007ff97d2b0000 - 0x00007ff97d2c5000 	C:\Windows\system32\wshbth.dll
0x00007ff96f600000 - 0x00007ff96f621000 	C:\Windows\system32\nlansp_c.dll
0x00007ff97ce30000 - 0x00007ff97ce3a000 	C:\Windows\System32\rasadhlp.dll
0x00007ff97cfb0000 - 0x00007ff97d033000 	C:\Windows\System32\fwpuclnt.dll
0x00007ff96fc70000 - 0x00007ff96fc77000 	C:\Program Files\Android\Android Studio\jbr\bin\rmi.dll

dbghelp: loaded successfully - version: 4.0.5 - missing functions: none
symbol engine: initialized successfully - sym options: 0x614 - pdb path: .;C:\Program Files\Android\Android Studio\jbr\bin;C:\Windows\SYSTEM32;C:\Windows\WinSxS\amd64_microsoft.windows.common-controls_6595b64144ccf1df_6.0.22621.2506_none_270c5ae97388e100;C:\Program Files\Android\Android Studio\jbr\bin\server;C:\Users\asus\.gradle\native\c067742578af261105cb4f569cf0c3c89f3d7b1fecec35dd04571415982c5e48\windows-amd64;C:\Users\asus\.gradle\native\38dada09dfb8b06ba9b0570ebf7e218e3eb74d4ef43ca46872605cf95ebc2f47\windows-amd64

VM Arguments:
jvm_args: --add-opens=java.base/java.util=ALL-UNNAMED --add-opens=java.base/java.lang=ALL-UNNAMED --add-opens=java.base/java.lang.invoke=ALL-UNNAMED --add-opens=java.prefs/java.util.prefs=ALL-UNNAMED --add-opens=java.base/java.nio.charset=ALL-UNNAMED --add-opens=java.base/java.net=ALL-UNNAMED --add-opens=java.base/java.util.concurrent.atomic=ALL-UNNAMED -Xmx2048m -Dfile.encoding=UTF-8 -Duser.country=IN -Duser.language=en -Duser.variant -javaagent:C:\Users\asus\.gradle\wrapper\dists\gradle-8.7-bin\bhs2wmbdwecv87pi65oeuq5iu\gradle-8.7\lib\agents\gradle-instrumentation-agent-8.7.jar 
java_command: org.gradle.launcher.daemon.bootstrap.GradleDaemon 8.7
java_class_path (initial): C:\Users\asus\.gradle\wrapper\dists\gradle-8.7-bin\bhs2wmbdwecv87pi65oeuq5iu\gradle-8.7\lib\gradle-launcher-8.7.jar
Launcher Type: SUN_STANDARD

[Global flags]
     intx CICompilerCount                          = 4                                         {product} {ergonomic}
     uint ConcGCThreads                            = 2                                         {product} {ergonomic}
     uint G1ConcRefinementThreads                  = 8                                         {product} {ergonomic}
   size_t G1HeapRegionSize                         = 1048576                                   {product} {ergonomic}
    uintx GCDrainStackTargetSize                   = 64                                        {product} {ergonomic}
   size_t InitialHeapSize                          = 130023424                                 {product} {ergonomic}
   size_t MarkStackSize                            = 4194304                                   {product} {ergonomic}
   size_t MaxHeapSize                              = 2147483648                                {product} {command line}
   size_t MaxNewSize                               = 1287651328                                {product} {ergonomic}
   size_t MinHeapDeltaBytes                        = 1048576                                   {product} {ergonomic}
   size_t MinHeapSize                              = 8388608                                   {product} {ergonomic}
    uintx NonNMethodCodeHeapSize                   = 5839372                                {pd product} {ergonomic}
    uintx NonProfiledCodeHeapSize                  = 122909434                              {pd product} {ergonomic}
    uintx ProfiledCodeHeapSize                     = 122909434                              {pd product} {ergonomic}
    uintx ReservedCodeCacheSize                    = 251658240                              {pd product} {ergonomic}
     bool SegmentedCodeCache                       = true                                      {product} {ergonomic}
   size_t SoftMaxHeapSize                          = 2147483648                             {manageable} {ergonomic}
     bool UseCompressedOops                        = true                           {product lp64_product} {ergonomic}
     bool UseG1GC                                  = true                                      {product} {ergonomic}
     bool UseLargePagesIndividualAllocation        = false                                  {pd product} {ergonomic}

Logging:
Log output configuration:
 #0: stdout all=warning uptime,level,tags foldmultilines=false
 #1: stderr all=off uptime,level,tags foldmultilines=false

Environment Variables:
PATH=C:\Windows\system32;C:\Windows;C:\Windows\System32\Wbem;C:\Windows\System32\WindowsPowerShell\v1.0\;C:\Windows\System32\OpenSSH\;C:\Program Files\Git\cmd;C:\Users\asus\AppData\Local\Microsoft\WindowsApps;
USERNAME=asus
OS=Windows_NT
PROCESSOR_IDENTIFIER=Intel64 Family 6 Model 140 Stepping 1, GenuineIntel
TMP=C:\Users\asus\AppData\Local\Temp
TEMP=C:\Users\asus\AppData\Local\Temp




Periodic native trim disabled

JNI global refs:
JNI global refs: 29, weak refs: 15

JNI global refs memory usage: 835, weak refs: 1465

Process memory usage:
Resident Set Size: 501536K (6% of 8074028K total physical memory with 90616K free physical memory)

OOME stack traces (most recent first):
Classloader memory used:
Loader org.gradle.internal.classloader.VisitableURLClassLoader                         : 41704K
Loader org.gradle.internal.classloader.VisitableURLClassLoader$InstrumentingVisitableURLClassLoader: 40787K
Loader bootstrap                                                                       : 29830K
Loader org.gradle.initialization.MixInLegacyTypesClassLoader                           : 11747K
Loader jdk.internal.loader.ClassLoaders$PlatformClassLoader                            : 528K
Loader jdk.internal.reflect.DelegatingClassLoader                                      : 508K
Loader org.gradle.internal.classloader.VisitableURLClassLoader                         : 235K
Loader jdk.internal.loader.ClassLoaders$AppClassLoader                                 : 230K

Classes loaded by more than one classloader:
Class Program                                                                         : loaded 5 times (x 68B)
Class Build_gradle                                                                    : loaded 3 times (x 126B)
Class Build_gradle$1                                                                  : loaded 3 times (x 70B)
Class org.gradle.internal.classloader.FilteringClassLoader                            : loaded 2 times (x 101B)
Class [Lcom.google.common.base.AbstractIterator$State;                                : loaded 2 times (x 65B)
Class com.google.common.base.CharMatcher$IsEither                                     : loaded 2 times (x 107B)
Class org.gradle.internal.classloader.ClassLoaderHierarchy                            : loaded 2 times (x 66B)
Class com.google.common.collect.ImmutableEnumSet                                      : loaded 2 times (x 142B)
Class com.google.common.util.concurrent.ExecutionError                                : loaded 2 times (x 78B)
Class com.google.common.collect.ImmutableList$1                                       : loaded 2 times (x 93B)
Class org.gradle.api.internal.classpath.ManifestUtil                                  : loaded 2 times (x 67B)
Class com.google.common.io.ByteArrayDataOutput                                        : loaded 2 times (x 66B)
Class com.google.common.collect.RegularImmutableMap                                   : loaded 2 times (x 117B)
Class com.google.common.collect.ImmutableMap$MapViewOfValuesAsSingletonSets           : loaded 2 times (x 121B)
Class [Lorg.objectweb.asm.Symbol;                                                     : loaded 2 times (x 65B)
Class org.objectweb.asm.ClassVisitor                                                  : loaded 2 times (x 84B)
Class com.google.common.collect.UnmodifiableListIterator                              : loaded 2 times (x 91B)
Class org.objectweb.asm.MethodTooLargeException                                       : loaded 2 times (x 79B)
Class [Lcom.google.common.cache.CacheBuilder$OneWeigher;                              : loaded 2 times (x 65B)
Class com.google.common.base.Suppliers                                                : loaded 2 times (x 67B)
Class com.google.common.base.Platform$JdkPatternCompiler                              : loaded 2 times (x 71B)
Class org.gradle.internal.classloader.DefaultClassLoaderFactory                       : loaded 2 times (x 78B)
Class com.google.common.base.CharMatcher$None                                         : loaded 2 times (x 108B)
Class org.gradle.internal.classloader.ClassLoaderVisitor                              : loaded 2 times (x 72B)
Class [Lcom.google.common.collect.ImmutableMapEntry;                                  : loaded 2 times (x 65B)
Class org.gradle.api.internal.classpath.EffectiveClassPath                            : loaded 2 times (x 86B)
Class com.google.common.collect.ImmutableRangeSet                                     : loaded 2 times (x 111B)
Class com.google.common.collect.ImmutableEnumMap                                      : loaded 2 times (x 121B)
Class com.google.common.collect.ListMultimap                                          : loaded 2 times (x 66B)
Class com.google.common.collect.ImmutableSet$SerializedForm                           : loaded 2 times (x 69B)
Class com.google.common.collect.Sets$1                                                : loaded 2 times (x 135B)
Class org.objectweb.asm.AnnotationVisitor                                             : loaded 2 times (x 74B)
Class com.google.common.base.Splitter                                                 : loaded 2 times (x 68B)
Class org.gradle.api.internal.DefaultClassPathProvider                                : loaded 2 times (x 72B)
Class com.google.common.collect.Sets$2                                                : loaded 2 times (x 135B)
Class [Lorg.gradle.api.internal.ClassPathProvider;                                    : loaded 2 times (x 65B)
Class org.gradle.api.internal.ClassPathProvider                                       : loaded 2 times (x 66B)
Class [Lorg.objectweb.asm.AnnotationVisitor;                                          : loaded 2 times (x 65B)
Class com.google.common.collect.Sets$3                                                : loaded 2 times (x 135B)
Class com.google.common.util.concurrent.AbstractFuture$SafeAtomicHelper               : loaded 2 times (x 75B)
Class com.google.common.cache.LocalCache$LocalLoadingCache                            : loaded 2 times (x 130B)
Class com.google.common.base.AbstractIterator$State                                   : loaded 2 times (x 75B)
Class org.gradle.internal.service.UnknownServiceException                             : loaded 2 times (x 79B)
Class com.google.common.io.ByteArrayDataInput                                         : loaded 2 times (x 66B)
Class com.google.common.collect.Sets$4                                                : loaded 2 times (x 135B)
Class org.objectweb.asm.ModuleVisitor                                                 : loaded 2 times (x 77B)
Class com.google.common.cache.LocalCache$Strength$1                                   : loaded 2 times (x 77B)
Class com.google.common.util.concurrent.SettableFuture                                : loaded 2 times (x 110B)
Class com.google.common.cache.LocalCache$Strength$2                                   : loaded 2 times (x 77B)
Class com.google.common.io.ByteStreams                                                : loaded 2 times (x 67B)
Class com.google.common.cache.LocalCache$Strength$3                                   : loaded 2 times (x 77B)
Class com.google.common.collect.MapDifference                                         : loaded 2 times (x 66B)
Class com.google.common.base.Splitter$1                                               : loaded 2 times (x 73B)
Class org.objectweb.asm.FieldWriter                                                   : loaded 2 times (x 74B)
Class com.google.common.cache.CacheBuilder$NullListener                               : loaded 2 times (x 78B)
Class org.gradle.internal.classpath.TransformedClassPath                              : loaded 2 times (x 92B)
Class com.google.common.collect.ImmutableRangeSet$AsSet                               : loaded 2 times (x 295B)
Class com.google.common.cache.CacheLoader$FunctionToCacheLoader                       : loaded 2 times (x 71B)
Class com.google.common.collect.Iterators$ArrayItr                                    : loaded 2 times (x 93B)
Class com.google.common.collect.ImmutableCollection$Builder                           : loaded 2 times (x 72B)
Class com.google.common.base.Joiner                                                   : loaded 2 times (x 75B)
Class com.google.common.base.MoreObjects                                              : loaded 2 times (x 67B)
Class [Lorg.objectweb.asm.Type;                                                       : loaded 2 times (x 65B)
Class com.google.common.collect.Platform                                              : loaded 2 times (x 67B)
Class com.google.common.collect.UnmodifiableIterator                                  : loaded 2 times (x 76B)
Class org.gradle.internal.service.ServiceLocator                                      : loaded 2 times (x 66B)
Class com.google.common.base.Ascii                                                    : loaded 2 times (x 67B)
Class com.google.common.collect.SingletonImmutableBiMap                               : loaded 2 times (x 139B)
Class com.google.common.cache.LocalCache$1                                            : loaded 2 times (x 85B)
Class com.google.common.collect.AbstractMapEntry                                      : loaded 2 times (x 77B)
Class com.google.common.collect.Sets$ImprovedAbstractSet                              : loaded 2 times (x 131B)
Class com.google.common.collect.ImmutableList$Builder                                 : loaded 2 times (x 73B)
Class com.google.common.cache.LocalCache$2                                            : loaded 2 times (x 138B)
Class com.google.common.collect.AbstractMultimap                                      : loaded 2 times (x 119B)
Class com.google.common.collect.ImmutableRangeSet$1                                   : loaded 2 times (x 205B)
Class com.google.common.util.concurrent.AbstractFuture$UnsafeAtomicHelper$1           : loaded 2 times (x 72B)
Class com.google.common.collect.RegularImmutableAsList                                : loaded 2 times (x 212B)
Class com.google.common.collect.Range                                                 : loaded 2 times (x 83B)
Class com.google.common.util.concurrent.AbstractFuture$Trusted                        : loaded 2 times (x 66B)
Class com.google.common.collect.Iterators                                             : loaded 2 times (x 67B)
Class com.google.common.base.CharMatcher$RangesMatcher                                : loaded 2 times (x 108B)
Class com.google.common.util.concurrent.UncheckedExecutionException                   : loaded 2 times (x 78B)
Class com.google.common.collect.Lists$StringAsImmutableList                           : loaded 2 times (x 203B)
Class org.gradle.kotlin.dsl.VersionCatalogAccessorsKt                                 : loaded 2 times (x 67B)
Class com.google.common.collect.ImmutableSortedSetFauxverideShim                      : loaded 2 times (x 143B)
Class com.google.common.base.CharMatcher$JavaLetterOrDigit                            : loaded 2 times (x 107B)
Class org.gradle.internal.InternalTransformer                                         : loaded 2 times (x 66B)
Class com.google.common.collect.AbstractMapBasedMultimap$KeySet$1                     : loaded 2 times (x 78B)
Class org.objectweb.asm.ClassWriter                                                   : loaded 2 times (x 102B)
Class com.google.common.cache.CacheLoader$UnsupportedLoadingOperationException        : loaded 2 times (x 78B)
Class com.google.common.base.CharMatcher$And                                          : loaded 2 times (x 108B)
Class org.gradle.internal.classloader.ClasspathUtil$1                                 : loaded 2 times (x 72B)
Class com.google.common.base.Objects                                                  : loaded 2 times (x 67B)
Class org.objectweb.asm.FieldVisitor                                                  : loaded 2 times (x 73B)
Class com.google.common.collect.IndexedImmutableSet                                   : loaded 2 times (x 146B)
Class com.google.common.collect.ImmutableMap$1                                        : loaded 2 times (x 77B)
Class com.google.common.collect.BiMap                                                 : loaded 2 times (x 66B)
Class org.gradle.api.internal.classpath.DefaultModuleRegistry$DefaultModule           : loaded 2 times (x 82B)
Class com.google.common.primitives.Ints                                               : loaded 2 times (x 67B)
Class com.google.common.collect.AbstractIterator                                      : loaded 2 times (x 78B)
Class com.google.common.math.MathPreconditions                                        : loaded 2 times (x 67B)
Class com.google.common.collect.RegularImmutableMap$KeySet                            : loaded 2 times (x 146B)
Class com.google.common.collect.ArrayListMultimapGwtSerializationDependencies         : loaded 2 times (x 168B)
Class com.google.common.collect.ObjectArrays                                          : loaded 2 times (x 67B)
Class com.google.common.collect.AbstractIndexedListIterator                           : loaded 2 times (x 92B)
Class com.google.common.collect.ImmutableMapEntrySet                                  : loaded 2 times (x 147B)
Class org.gradle.api.internal.classpath.Module                                        : loaded 2 times (x 66B)
Class com.google.common.cache.Weigher                                                 : loaded 2 times (x 66B)
Class org.gradle.api.internal.classpath.UnknownModuleException                        : loaded 2 times (x 78B)
Class org.gradle.cache.GlobalCache                                                    : loaded 2 times (x 66B)
Class com.google.common.base.Stopwatch                                                : loaded 2 times (x 68B)
Class com.google.common.cache.LocalCache$Strength                                     : loaded 2 times (x 77B)
Class com.google.common.cache.Cache                                                   : loaded 2 times (x 66B)
Class com.google.common.util.concurrent.AbstractFuture$Cancellation                   : loaded 2 times (x 68B)
Class com.google.common.collect.ImmutableMap$Builder                                  : loaded 2 times (x 78B)
Class com.google.common.base.NullnessCasts                                            : loaded 2 times (x 67B)
Class com.google.common.cache.RemovalListener                                         : loaded 2 times (x 66B)
Class org.gradle.api.internal.DefaultClassPathRegistry                                : loaded 2 times (x 72B)
Class com.google.common.primitives.IntsMethodsForWeb                                  : loaded 2 times (x 67B)
Class com.google.common.collect.Multimap                                              : loaded 2 times (x 66B)
Class org.gradle.api.internal.ClassPathRegistry                                       : loaded 2 times (x 66B)
Class org.gradle.internal.classpath.DefaultClassPath$ImmutableUniqueList              : loaded 2 times (x 195B)
Class com.google.common.base.ExtraObjectsMethodsForWeb                                : loaded 2 times (x 67B)
Class com.google.common.base.Equivalence$Identity                                     : loaded 2 times (x 78B)
Class com.google.common.cache.CacheBuilder                                            : loaded 2 times (x 68B)
Class com.google.common.collect.SingletonImmutableList                                : loaded 2 times (x 203B)
Class Settings_gradle$1                                                               : loaded 2 times (x 70B)
Class org.gradle.internal.classpath.ClassPath                                         : loaded 2 times (x 66B)
Class org.gradle.api.UncheckedIOException                                             : loaded 2 times (x 78B)
Class com.google.common.collect.ImmutableList$ReverseImmutableList                    : loaded 2 times (x 204B)
Class com.google.common.base.JdkPattern                                               : loaded 2 times (x 71B)
Class org.objectweb.asm.SymbolTable$Entry                                             : loaded 2 times (x 70B)
Class com.google.common.util.concurrent.AbstractFuture$AtomicHelper                   : loaded 2 times (x 74B)
Class org.objectweb.asm.Edge                                                          : loaded 2 times (x 68B)
Class com.google.common.base.Suppliers$SupplierOfInstance                             : loaded 2 times (x 75B)
Class com.google.common.collect.Iterators$1                                           : loaded 2 times (x 77B)
Class com.google.common.cache.LocalCache$ComputingValueReference                      : loaded 2 times (x 92B)
Class com.google.common.collect.SingletonImmutableSet                                 : loaded 2 times (x 142B)
Class com.google.common.collect.ImmutableMap$IteratorBasedImmutableMap                : loaded 2 times (x 121B)
Class com.google.common.cache.LocalCache$Segment                                      : loaded 2 times (x 150B)
Class com.google.common.collect.SortedIterable                                        : loaded 2 times (x 66B)
Class [Lorg.objectweb.asm.SymbolTable$Entry;                                          : loaded 2 times (x 65B)
Class com.google.common.cache.CacheLoader                                             : loaded 2 times (x 70B)
Class com.google.common.collect.Iterators$4                                           : loaded 2 times (x 78B)
Class com.google.common.collect.ImmutableBiMap                                        : loaded 2 times (x 139B)
Class com.google.common.collect.AbstractListMultimap                                  : loaded 2 times (x 168B)
Class org.gradle.internal.installation.GradleInstallation$1                           : loaded 2 times (x 71B)
Class org.gradle.api.internal.classpath.ModuleRegistry                                : loaded 2 times (x 66B)
Class com.google.common.util.concurrent.internal.InternalFutureFailureAccess          : loaded 2 times (x 68B)
Class com.google.common.collect.Iterators$5                                           : loaded 2 times (x 78B)
Class com.google.common.collect.ImmutableSet$JdkBackedSetBuilderImpl                  : loaded 2 times (x 72B)
Class com.google.common.base.Splitter$SplittingIterator                               : loaded 2 times (x 80B)
Class com.google.common.io.Closer$SuppressingSuppressor                               : loaded 2 times (x 71B)
Class com.google.common.util.concurrent.AbstractFuture$UnsafeAtomicHelper             : loaded 2 times (x 74B)
Class com.google.common.cache.LocalCache$LocalManualCache$1                           : loaded 2 times (x 71B)
Class com.google.common.base.CharMatcher$ForPredicate                                 : loaded 2 times (x 108B)
Class com.google.common.collect.ImmutableCollection                                   : loaded 2 times (x 121B)
Class com.google.common.base.CharMatcher$AnyOf                                        : loaded 2 times (x 108B)
Class org.gradle.api.internal.classpath.DefaultModuleRegistry                         : loaded 2 times (x 82B)
Class com.google.common.util.concurrent.ListenableFuture                              : loaded 2 times (x 66B)
Class com.google.common.cache.ReferenceEntry                                          : loaded 2 times (x 66B)
Class com.google.common.collect.ImmutableSet$CachingAsList                            : loaded 2 times (x 143B)
Class com.google.common.base.Converter                                                : loaded 2 times (x 86B)
Class com.google.common.collect.Lists                                                 : loaded 2 times (x 67B)
Class com.google.common.base.CharMatcher$Any                                          : loaded 2 times (x 108B)
Class com.google.common.util.concurrent.AbstractFuture                                : loaded 2 times (x 102B)
Class com.google.common.base.FunctionalEquivalence                                    : loaded 2 times (x 79B)
Class com.google.common.collect.Iterators$9                                           : loaded 2 times (x 77B)
Class com.google.common.collect.AbstractMapBasedMultimap                              : loaded 2 times (x 135B)
Class com.google.common.collect.ImmutableAsList                                       : loaded 2 times (x 205B)
Class org.objectweb.asm.RecordComponentVisitor                                        : loaded 2 times (x 73B)
Class com.google.common.cache.CacheLoader$SupplierToCacheLoader                       : loaded 2 times (x 71B)
Class com.google.common.collect.Maps$EntryTransformer                                 : loaded 2 times (x 66B)
Class org.gradle.internal.service.ServiceLookupException                              : loaded 2 times (x 78B)
Class com.google.common.collect.ImmutableSortedSet                                    : loaded 2 times (x 295B)
Class [Lcom.google.common.cache.LocalCache$EntryFactory;                              : loaded 2 times (x 65B)
Class com.google.common.base.CharMatcher$JavaLetter                                   : loaded 2 times (x 107B)
Class org.gradle.internal.classloader.ClassLoaderFactory                              : loaded 2 times (x 66B)
Class com.google.common.cache.LocalCache$LocalManualCache                             : loaded 2 times (x 95B)
Class com.google.common.base.CharMatcher$IsNot                                        : loaded 2 times (x 107B)
Class com.google.common.base.CommonPattern                                            : loaded 2 times (x 70B)
Class org.gradle.internal.service.CachingServiceLocator                               : loaded 2 times (x 78B)
Class com.google.common.collect.AbstractMapBasedMultimap$KeySet                       : loaded 2 times (x 133B)
Class com.google.common.collect.RegularImmutableSortedSet                             : loaded 2 times (x 295B)
Class com.google.common.math.IntMath                                                  : loaded 2 times (x 67B)
Class com.google.common.collect.Iterators$10                                          : loaded 2 times (x 77B)
Class com.google.common.collect.ImmutableMapEntry                                     : loaded 2 times (x 81B)
Class com.google.common.base.CharMatcher$JavaDigit                                    : loaded 2 times (x 107B)
Class com.google.common.base.Equivalence                                              : loaded 2 times (x 78B)
Class com.google.common.collect.ImmutableMapEntry$NonTerminalImmutableMapEntry        : loaded 2 times (x 81B)
Class com.google.common.base.Function                                                 : loaded 2 times (x 66B)
Class com.google.common.cache.CacheBuilder$OneWeigher                                 : loaded 2 times (x 78B)
Class com.google.common.collect.RegularImmutableList                                  : loaded 2 times (x 208B)
Class com.google.common.collect.ImmutableBiMapFauxverideShim                          : loaded 2 times (x 116B)
Class org.gradle.internal.classloader.ClasspathUtil                                   : loaded 2 times (x 67B)
Class com.google.common.base.Charsets                                                 : loaded 2 times (x 67B)
Class com.google.common.util.concurrent.Uninterruptibles                              : loaded 2 times (x 67B)
Class com.google.common.collect.Maps                                                  : loaded 2 times (x 67B)
Class com.google.common.base.CharMatcher$JavaUpperCase                                : loaded 2 times (x 107B)
Class org.gradle.api.specs.Spec                                                       : loaded 2 times (x 66B)
Class [Lcom.google.common.collect.ImmutableEntry;                                     : loaded 2 times (x 65B)
Class com.google.common.cache.LocalCache$LoadingValueReference                        : loaded 2 times (x 92B)
Class com.google.common.collect.Multiset                                              : loaded 2 times (x 66B)
Class com.google.common.base.Platform                                                 : loaded 2 times (x 67B)
Class [Lorg.objectweb.asm.AnnotationWriter;                                           : loaded 2 times (x 65B)
Class com.google.common.primitives.Ints$IntConverter                                  : loaded 2 times (x 86B)
Class com.google.common.collect.Maps$8                                                : loaded 2 times (x 78B)
Class com.google.common.collect.ImmutableRangeSet$Builder                             : loaded 2 times (x 73B)
Class com.google.common.collect.Sets$SetView                                          : loaded 2 times (x 134B)
Class com.google.common.cache.LocalCache$StrongValueReference                         : loaded 2 times (x 86B)
Class com.google.common.util.concurrent.AbstractFuture$SynchronizedHelper             : loaded 2 times (x 74B)
Class com.google.common.base.CharMatcher$Invisible                                    : loaded 2 times (x 108B)
Class org.objectweb.asm.Type                                                          : loaded 2 times (x 68B)
Class org.gradle.internal.classloader.VisitableURLClassLoader$InstrumentingVisitableURLClassLoader: loaded 2 times (x 119B)
Class org.objectweb.asm.ByteVector                                                    : loaded 2 times (x 75B)
Class [Lcom.google.common.cache.CacheBuilder$NullListener;                            : loaded 2 times (x 65B)
Class com.google.common.math.IntMath$1                                                : loaded 2 times (x 67B)
Class org.gradle.internal.classloader.VisitableURLClassLoader$Spec                    : loaded 2 times (x 70B)
Class org.gradle.internal.classpath.DefaultClassPath                                  : loaded 2 times (x 86B)
Class org.objectweb.asm.Symbol                                                        : loaded 2 times (x 69B)
Class com.google.common.base.AbstractIterator                                         : loaded 2 times (x 76B)
Class com.google.common.io.Closer                                                     : loaded 2 times (x 74B)
Class com.google.common.collect.RegularImmutableMap$Values                            : loaded 2 times (x 203B)
Class com.google.common.collect.ImmutableSet                                          : loaded 2 times (x 141B)
Class com.google.common.base.CharMatcher$BitSetMatcher                                : loaded 2 times (x 108B)
Class com.google.common.base.CharMatcher$Ascii                                        : loaded 2 times (x 108B)
Class org.gradle.internal.classloader.ClassLoaderSpec                                 : loaded 2 times (x 67B)
Class org.objectweb.asm.AnnotationWriter                                              : loaded 2 times (x 75B)
Class com.google.common.cache.CacheStats                                              : loaded 2 times (x 67B)
Class com.google.common.io.Closer$Suppressor                                          : loaded 2 times (x 66B)
Class org.objectweb.asm.RecordComponentWriter                                         : loaded 2 times (x 74B)
Class com.google.common.util.concurrent.AbstractFuture$Listener                       : loaded 2 times (x 68B)
Class com.google.common.base.CharMatcher$Or                                           : loaded 2 times (x 108B)
Class Settings_gradle$1$1                                                             : loaded 2 times (x 70B)
Class org.objectweb.asm.Attribute                                                     : loaded 2 times (x 73B)
Class com.google.common.base.Supplier                                                 : loaded 2 times (x 66B)
Class org.gradle.internal.classloader.VisitableURLClassLoader                         : loaded 2 times (x 113B)
Class com.google.common.util.concurrent.AbstractFuture$Waiter                         : loaded 2 times (x 68B)
Class Settings_gradle                                                                 : loaded 2 times (x 124B)
Class org.gradle.internal.Cast                                                        : loaded 2 times (x 67B)
Class org.gradle.api.Action                                                           : loaded 2 times (x 66B)
Class com.google.common.collect.Sets                                                  : loaded 2 times (x 67B)
Class org.objectweb.asm.Handler                                                       : loaded 2 times (x 68B)
Class com.google.common.base.Ticker                                                   : loaded 2 times (x 68B)
Class com.google.common.base.Strings                                                  : loaded 2 times (x 67B)
Class com.google.common.base.CharMatcher$FastMatcher                                  : loaded 2 times (x 107B)
Class org.gradle.internal.agents.InstrumentingClassLoader                             : loaded 2 times (x 66B)
Class [Lcom.google.common.cache.LocalCache$Segment;                                   : loaded 2 times (x 65B)
Class [Lcom.google.common.cache.LocalCache$Strength;                                  : loaded 2 times (x 65B)
Class com.google.common.cache.CacheBuilder$1                                          : loaded 2 times (x 81B)
Class com.google.common.collect.ImmutableMap                                          : loaded 2 times (x 116B)
Class com.google.common.base.Predicate                                                : loaded 2 times (x 66B)
Class org.gradle.internal.classpath.DefaultClassPath$ImmutableUniqueList$Builder      : loaded 2 times (x 71B)
Class com.google.common.collect.AbstractRangeSet                                      : loaded 2 times (x 110B)
Class com.google.common.cache.LocalCache                                              : loaded 2 times (x 183B)
Class com.google.common.cache.CacheBuilder$2                                          : loaded 2 times (x 68B)
Class com.google.common.base.CharMatcher$NegatedFastMatcher                           : loaded 2 times (x 109B)
Class [Lcom.google.common.collect.AbstractMapEntry;                                   : loaded 2 times (x 65B)
Class com.google.common.collect.ImmutableEntry                                        : loaded 2 times (x 78B)
Class com.google.common.collect.ArrayListMultimap                                     : loaded 2 times (x 168B)
Class com.google.common.base.AbstractIterator$1                                       : loaded 2 times (x 67B)
Class com.google.common.base.CharMatcher$Digit                                        : loaded 2 times (x 108B)
Class org.gradle.api.GradleException                                                  : loaded 2 times (x 78B)
Class com.google.common.base.Suppliers$MemoizingSupplier                              : loaded 2 times (x 75B)
Class com.google.common.collect.CollectPreconditions                                  : loaded 2 times (x 67B)
Class com.google.common.base.CharMatcher$JavaIsoControl                               : loaded 2 times (x 108B)
Class com.google.common.collect.SortedMapDifference                                   : loaded 2 times (x 66B)
Class com.google.common.base.CharMatcher$JavaLowerCase                                : loaded 2 times (x 107B)
Class com.google.common.cache.LocalCache$EntryFactory                                 : loaded 2 times (x 79B)
Class com.google.common.cache.LocalCache$AbstractReferenceEntry                       : loaded 2 times (x 103B)
Class com.google.common.base.Splitter$1$1                                             : loaded 2 times (x 82B)
Class com.google.common.base.CharMatcher$Whitespace                                   : loaded 2 times (x 108B)
Class org.gradle.internal.IoActions                                                   : loaded 2 times (x 67B)
Class com.google.common.collect.ImmutableRangeSet$ComplementRanges                    : loaded 2 times (x 203B)
Class org.objectweb.asm.SymbolTable                                                   : loaded 2 times (x 68B)
Class com.google.common.cache.CacheLoader$InvalidCacheLoadException                   : loaded 2 times (x 78B)
Class com.google.common.collect.ImmutableSet$RegularSetBuilderImpl                    : loaded 2 times (x 73B)
Class com.google.common.base.CharMatcher$SingleWidth                                  : loaded 2 times (x 108B)
Class org.gradle.internal.classloader.SystemClassLoaderSpec                           : loaded 2 times (x 67B)
Class com.google.common.cache.LocalCache$StrongEntry                                  : loaded 2 times (x 104B)
Class com.google.common.util.concurrent.AbstractFuture$TrustedFuture                  : loaded 2 times (x 110B)
Class com.google.common.cache.LoadingCache                                            : loaded 2 times (x 66B)
Class com.google.common.io.ByteStreams$LimitedInputStream                             : loaded 2 times (x 88B)
Class com.google.common.base.Suppliers$NonSerializableMemoizingSupplier               : loaded 2 times (x 75B)
Class org.objectweb.asm.MethodWriter                                                  : loaded 2 times (x 102B)
Class [Lcom.google.common.cache.Weigher;                                              : loaded 2 times (x 65B)
Class com.google.common.collect.RegularImmutableMap$BucketOverflowException           : loaded 2 times (x 78B)
Class com.google.common.collect.RegularImmutableBiMap                                 : loaded 2 times (x 144B)
Class com.google.common.cache.LocalCache$ValueReference                               : loaded 2 times (x 66B)
Class com.google.common.base.CharMatcher$Negated                                      : loaded 2 times (x 109B)
Class com.google.common.base.CharMatcher$Is                                           : loaded 2 times (x 107B)
Class com.google.common.util.concurrent.AbstractFuture$Failure                        : loaded 2 times (x 68B)
Class com.google.common.base.Equivalence$Equals                                       : loaded 2 times (x 78B)
Class com.google.common.collect.Hashing                                               : loaded 2 times (x 67B)
Class com.google.common.base.PatternCompiler                                          : loaded 2 times (x 66B)
Class com.google.common.base.Preconditions                                            : loaded 2 times (x 67B)
Class com.google.common.base.Joiner$1                                                 : loaded 2 times (x 76B)
Class org.objectweb.asm.Label                                                         : loaded 2 times (x 69B)
Class org.objectweb.asm.CurrentFrame                                                  : loaded 2 times (x 69B)
Class org.objectweb.asm.ClassTooLargeException                                        : loaded 2 times (x 79B)
Class com.google.common.collect.PeekingIterator                                       : loaded 2 times (x 66B)
Class com.google.common.base.CharMatcher                                              : loaded 2 times (x 107B)
Class com.google.common.collect.RangeGwtSerializationDependencies                     : loaded 2 times (x 67B)
Class com.google.common.base.Joiner$2                                                 : loaded 2 times (x 75B)
Class org.objectweb.asm.Frame                                                         : loaded 2 times (x 69B)
Class org.objectweb.asm.MethodVisitor                                                 : loaded 2 times (x 101B)
Class com.google.common.cache.LocalCache$EntryFactory$1                               : loaded 2 times (x 79B)
Class [Lcom.google.common.cache.RemovalListener;                                      : loaded 2 times (x 65B)
Class com.google.common.base.CharMatcher$1                                            : loaded 2 times (x 109B)
Class com.google.common.base.CharMatcher$NamedFastMatcher                             : loaded 2 times (x 108B)
Class com.google.common.collect.RangeSet                                              : loaded 2 times (x 66B)
Class com.google.common.cache.LocalCache$EntryFactory$2                               : loaded 2 times (x 79B)
Class com.google.common.collect.CollectCollectors                                     : loaded 2 times (x 67B)
Class org.objectweb.asm.ModuleWriter                                                  : loaded 2 times (x 78B)
Class com.google.common.cache.LocalCache$EntryFactory$3                               : loaded 2 times (x 79B)
Class com.google.common.base.Ticker$1                                                 : loaded 2 times (x 68B)
Class com.google.common.collect.ImmutableMapEntrySet$RegularEntrySet                  : loaded 2 times (x 147B)
Class com.google.common.collect.Maps$BiMapConverter                                   : loaded 2 times (x 86B)
Class com.google.common.cache.LocalCache$EntryFactory$4                               : loaded 2 times (x 79B)
Class com.google.common.collect.ImmutableSet$Builder                                  : loaded 2 times (x 81B)
Class com.google.common.base.CharMatcher$InRange                                      : loaded 2 times (x 107B)
Class com.google.common.io.ByteStreams$1                                              : loaded 2 times (x 81B)
Class com.google.common.cache.LocalCache$EntryFactory$5                               : loaded 2 times (x 79B)
Class com.google.common.base.PairwiseEquivalence                                      : loaded 2 times (x 79B)
Class com.google.common.cache.LocalCache$EntryFactory$6                               : loaded 2 times (x 79B)
Class org.gradle.internal.installation.CurrentGradleInstallationLocator               : loaded 2 times (x 67B)
Class com.google.common.collect.Maps$KeySet                                           : loaded 2 times (x 133B)
Class com.google.common.cache.LocalCache$EntryFactory$7                               : loaded 2 times (x 79B)
Class com.google.common.collect.ImmutableSet$EmptySetBuilderImpl                      : loaded 2 times (x 72B)
Class com.google.common.collect.ImmutableList                                         : loaded 2 times (x 202B)
Class org.gradle.internal.service.DefaultServiceLocator                               : loaded 2 times (x 79B)
Class com.google.common.cache.LocalCache$EntryFactory$8                               : loaded 2 times (x 79B)
Class com.google.common.collect.ImmutableSet$SetBuilderImpl                           : loaded 2 times (x 72B)
Class org.gradle.internal.installation.CurrentGradleInstallation                      : loaded 2 times (x 69B)
Class com.google.common.cache.CacheLoader$1                                           : loaded 2 times (x 71B)
Class com.google.common.collect.ForwardingObject                                      : loaded 2 times (x 68B)
Class com.google.common.collect.ImmutableList$SubList                                 : loaded 2 times (x 204B)
Class org.gradle.util.internal.GUtil                                                  : loaded 2 times (x 67B)
Class com.google.common.util.concurrent.AbstractFuture$SetFuture                      : loaded 2 times (x 71B)
Class com.google.common.cache.AbstractCache$StatsCounter                              : loaded 2 times (x 66B)
Class com.google.common.collect.Iterators$MergingIterator                             : loaded 2 times (x 77B)
Class com.google.common.collect.RegularImmutableSet                                   : loaded 2 times (x 144B)
Class org.gradle.internal.installation.GradleInstallation                             : loaded 2 times (x 71B)
Class com.google.common.collect.Iterables                                             : loaded 2 times (x 67B)
Class com.google.common.base.Splitter$Strategy                                        : loaded 2 times (x 66B)

---------------  S Y S T E M  ---------------

OS:
 Windows 11 , 64 bit Build 22621 (10.0.22621.2506)
OS uptime: 1 days 20:25 hours

CPU: total 8 (initial active 8) (4 cores per cpu, 2 threads per core) family 6 model 140 stepping 1 microcode 0x86, cx8, cmov, fxsr, ht, mmx, 3dnowpref, sse, sse2, sse3, ssse3, sse4.1, sse4.2, popcnt, lzcnt, tsc, tscinvbit, avx, avx2, aes, erms, clmul, bmi1, bmi2, adx, avx512f, avx512dq, avx512cd, avx512bw, avx512vl, sha, fma, vzeroupper, avx512_vpopcntdq, avx512_vpclmulqdq, avx512_vaes, avx512_vnni, clflush, clflushopt, clwb, avx512_vbmi2, avx512_vbmi, rdtscp, rdpid, fsrm, gfni, avx512_bitalg, f16c, pku, cet_ibt, cet_ss, avx512_ifma
Processor Information for all 8 processors :
  Max Mhz: 2419, Current Mhz: 2419, Mhz Limit: 2419

Memory: 4k page, system-wide physical 7884M (126M free)
TotalPageFile size 20509M (AvailPageFile size 19M)
current process WorkingSet (physical memory assigned to process): 489M, peak: 776M
current process commit charge ("private bytes"): 958M, peak: 1286M

vm_info: OpenJDK 64-Bit Server VM (21.0.4+-12508038-b607.1) for windows-amd64 JRE (21.0.4+-12508038-b607.1), built on 2024-10-16T17:23:34Z by "builder" with MS VC++ 16.10 / 16.11 (VS2019)

END.
