#
# There is insufficient memory for the Java Runtime Environment to continue.
# Native memory allocation (malloc) failed to allocate 1089984 bytes. Error detail: Chunk::new
# Possible reasons:
#   The system is out of physical RAM or swap space
#   This process is running with CompressedOops enabled, and the Java Heap may be blocking the growth of the native heap
# Possible solutions:
#   Reduce memory load on the system
#   Increase physical memory or swap space
#   Check if swap backing store is full
#   Decrease Java heap size (-Xmx/-Xms)
#   Decrease number of Java threads
#   Decrease Java thread stack sizes (-Xss)
#   Set larger code cache with -XX:ReservedCodeCacheSize=
#   JVM is running with Unscaled Compressed Oops mode in which the Java heap is
#     placed in the first 4GB address space. The Java Heap base address is the
#     maximum limit for the native heap growth. Please use -XX:HeapBaseMinAddress
#     to set the Java Heap base and to place the Java Heap above 4GB virtual address.
# This output file may be truncated or incomplete.
#
#  Out of Memory Error (arena.cpp:168), pid=9672, tid=16908
#
# JRE version: OpenJDK Runtime Environment (21.0.4) (build 21.0.4+-12508038-b607.1)
# Java VM: OpenJDK 64-Bit Server VM (21.0.4+-12508038-b607.1, mixed mode, tiered, compressed oops, compressed class ptrs, g1 gc, windows-amd64)
# No core dump will be written. Minidumps are not enabled by default on client versions of Windows
#

---------------  S U M M A R Y ------------

Command Line: --add-opens=java.base/java.util=ALL-UNNAMED --add-opens=java.base/java.lang=ALL-UNNAMED --add-opens=java.base/java.lang.invoke=ALL-UNNAMED --add-opens=java.prefs/java.util.prefs=ALL-UNNAMED --add-opens=java.base/java.nio.charset=ALL-UNNAMED --add-opens=java.base/java.net=ALL-UNNAMED --add-opens=java.base/java.util.concurrent.atomic=ALL-UNNAMED -Xmx2048m -Dfile.encoding=UTF-8 -Duser.country=IN -Duser.language=en -Duser.variant -javaagent:C:\Users\asus\.gradle\wrapper\dists\gradle-8.7-bin\bhs2wmbdwecv87pi65oeuq5iu\gradle-8.7\lib\agents\gradle-instrumentation-agent-8.7.jar org.gradle.launcher.daemon.bootstrap.GradleDaemon 8.7

Host: 11th Gen Intel(R) Core(TM) i5-1135G7 @ 2.40GHz, 8 cores, 7G,  Windows 11 , 64 bit Build 22621 (10.0.22621.2506)
Time: Thu Feb 13 00:23:40 2025 India Standard Time elapsed time: 13.114567 seconds (0d 0h 0m 13s)

---------------  T H R E A D  ---------------

Current thread (0x000002acfe6ebe30):  JavaThread "C2 CompilerThread0" daemon [_thread_in_native, id=16908, stack(0x000000dc0ef00000,0x000000dc0f000000) (1024K)]


Current CompileTask:
C2:  13114 8164       4       jdk.internal.loader.URLClassPath$JarLoader$2::getBytes (48 bytes)

Stack: [0x000000dc0ef00000,0x000000dc0f000000]
Native frames: (J=compiled Java code, j=interpreted, Vv=VM code, C=native code)
V  [jvm.dll+0x6ce539]
V  [jvm.dll+0x85bf03]
V  [jvm.dll+0x85e45e]
V  [jvm.dll+0x85eb43]
V  [jvm.dll+0x27dd06]
V  [jvm.dll+0xbf9cd]
V  [jvm.dll+0xbff03]
V  [jvm.dll+0x3b4deb]
V  [jvm.dll+0x1de1f2]
V  [jvm.dll+0x247544]
V  [jvm.dll+0x2469c1]
V  [jvm.dll+0x1c58a4]
V  [jvm.dll+0x255fec]
V  [jvm.dll+0x254536]
V  [jvm.dll+0x3efab6]
V  [jvm.dll+0x804418]
V  [jvm.dll+0x6cce0d]
C  [ucrtbase.dll+0x29363]
C  [KERNEL32.DLL+0x1257d]
C  [ntdll.dll+0x5aa58]


---------------  P R O C E S S  ---------------

Threads class SMR info:
_java_thread_list=0x000002ac954ca630, length=62, elements={
0x000002acf5e53c30, 0x000002acfe6d23e0, 0x000002acfe6e0690, 0x000002acfe6e8fb0,
0x000002acfe6f6d00, 0x000002acfe6f7760, 0x000002acfe6ea7c0, 0x000002acfe6ebe30,
0x000002acfe6f7f00, 0x000002acfe882ac0, 0x000002acfea03710, 0x000002ac937b29b0,
0x000002ac940f9730, 0x000002ac931200d0, 0x000002ac9412c030, 0x000002ac9412fb60,
0x000002ac93dd9230, 0x000002ac93dd98a0, 0x000002ac93d534e0, 0x000002ac93d51aa0,
0x000002ac93d527c0, 0x000002ac93d51410, 0x000002ac93d50060, 0x000002ac93d52e50,
0x000002ac93d50d80, 0x000002ac94c54b20, 0x000002ac94c51010, 0x000002ac94c551b0,
0x000002ac94c57910, 0x000002ac94c523c0, 0x000002ac94c530e0, 0x000002ac94c53770,
0x000002ac94c56560, 0x000002ac94c53e00, 0x000002ac94c56bf0, 0x000002ac94c57280,
0x000002ac959a7f00, 0x000002ac959a1600, 0x000002ac959a8c20, 0x000002ac959a2320,
0x000002ac959a71e0, 0x000002ac959a57a0, 0x000002ac959a43f0, 0x000002ac959a3040,
0x000002ac959a1c90, 0x000002ac959a29b0, 0x000002ac959a6b50, 0x000002ac959a8590,
0x000002ac959a7870, 0x000002ac959a36d0, 0x000002ac959a4a80, 0x000002ac959a5110,
0x000002ac959a5e30, 0x000002ac959a64c0, 0x000002ac95cde4e0, 0x000002ac95cda9d0,
0x000002ac95cd9cb0, 0x000002ac95cdb060, 0x000002ac95cda340, 0x000002ac95cdb6f0,
0x000002ac95cdd7c0, 0x000002ac95cd8270
}

Java Threads: ( => current thread )
  0x000002acf5e53c30 JavaThread "main"                              [_thread_blocked, id=7048, stack(0x000000dc0e100000,0x000000dc0e200000) (1024K)]
  0x000002acfe6d23e0 JavaThread "Reference Handler"          daemon [_thread_blocked, id=15464, stack(0x000000dc0e900000,0x000000dc0ea00000) (1024K)]
  0x000002acfe6e0690 JavaThread "Finalizer"                  daemon [_thread_blocked, id=14404, stack(0x000000dc0ea00000,0x000000dc0eb00000) (1024K)]
  0x000002acfe6e8fb0 JavaThread "Signal Dispatcher"          daemon [_thread_blocked, id=1916, stack(0x000000dc0eb00000,0x000000dc0ec00000) (1024K)]
  0x000002acfe6f6d00 JavaThread "Attach Listener"            daemon [_thread_blocked, id=11788, stack(0x000000dc0ec00000,0x000000dc0ed00000) (1024K)]
  0x000002acfe6f7760 JavaThread "Service Thread"             daemon [_thread_blocked, id=6808, stack(0x000000dc0ed00000,0x000000dc0ee00000) (1024K)]
  0x000002acfe6ea7c0 JavaThread "Monitor Deflation Thread"   daemon [_thread_blocked, id=2784, stack(0x000000dc0ee00000,0x000000dc0ef00000) (1024K)]
=>0x000002acfe6ebe30 JavaThread "C2 CompilerThread0"         daemon [_thread_in_native, id=16908, stack(0x000000dc0ef00000,0x000000dc0f000000) (1024K)]
  0x000002acfe6f7f00 JavaThread "C1 CompilerThread0"         daemon [_thread_blocked, id=15172, stack(0x000000dc0f000000,0x000000dc0f100000) (1024K)]
  0x000002acfe882ac0 JavaThread "Common-Cleaner"             daemon [_thread_blocked, id=13396, stack(0x000000dc0f100000,0x000000dc0f200000) (1024K)]
  0x000002acfea03710 JavaThread "Notification Thread"        daemon [_thread_blocked, id=17728, stack(0x000000dc0f200000,0x000000dc0f300000) (1024K)]
  0x000002ac937b29b0 JavaThread "Daemon health stats"               [_thread_blocked, id=20960, stack(0x000000dc0f700000,0x000000dc0f800000) (1024K)]
  0x000002ac940f9730 JavaThread "Incoming local TCP Connector on port 59018"        [_thread_in_native, id=17672, stack(0x000000dc0f800000,0x000000dc0f900000) (1024K)]
  0x000002ac931200d0 JavaThread "Daemon periodic checks"            [_thread_blocked, id=5932, stack(0x000000dc0f900000,0x000000dc0fa00000) (1024K)]
  0x000002ac9412c030 JavaThread "Daemon"                            [_thread_blocked, id=21784, stack(0x000000dc0fa00000,0x000000dc0fb00000) (1024K)]
  0x000002ac9412fb60 JavaThread "Handler for socket connection from /127.0.0.1:59018 to /127.0.0.1:59019"        [_thread_in_native, id=17296, stack(0x000000dc0fb00000,0x000000dc0fc00000) (1024K)]
  0x000002ac93dd9230 JavaThread "Cancel handler"                    [_thread_blocked, id=17856, stack(0x000000dc0fc00000,0x000000dc0fd00000) (1024K)]
  0x000002ac93dd98a0 JavaThread "Daemon worker"                     [_thread_in_vm, id=18760, stack(0x000000dc0fd00000,0x000000dc0fe00000) (1024K)]
  0x000002ac93d534e0 JavaThread "Asynchronous log dispatcher for DefaultDaemonConnection: socket connection from /127.0.0.1:59018 to /127.0.0.1:59019"        [_thread_blocked, id=18364, stack(0x000000dc0fe00000,0x000000dc0ff00000) (1024K)]
  0x000002ac93d51aa0 JavaThread "Stdin handler"                     [_thread_blocked, id=20496, stack(0x000000dc0ff00000,0x000000dc10000000) (1024K)]
  0x000002ac93d527c0 JavaThread "Daemon client event forwarder"        [_thread_blocked, id=16840, stack(0x000000dc10000000,0x000000dc10100000) (1024K)]
  0x000002ac93d51410 JavaThread "Cache worker for journal cache (C:\Users\asus\.gradle\caches\journal-1)"        [_thread_blocked, id=14492, stack(0x000000dc10500000,0x000000dc10600000) (1024K)]
  0x000002ac93d50060 JavaThread "File lock request listener"        [_thread_in_native, id=1748, stack(0x000000dc10600000,0x000000dc10700000) (1024K)]
  0x000002ac93d52e50 JavaThread "Cache worker for file hash cache (C:\Users\asus\.gradle\caches\8.7\fileHashes)"        [_thread_blocked, id=9428, stack(0x000000dc10700000,0x000000dc10800000) (1024K)]
  0x000002ac93d50d80 JavaThread "Cache worker for file hash cache (E:\Users\mkjl4\AndroidStudioProjects\HaveneraOwner\.gradle\8.7\fileHashes)"        [_thread_blocked, id=18456, stack(0x000000dc10800000,0x000000dc10900000) (1024K)]
  0x000002ac94c54b20 JavaThread "File watcher server"        daemon [_thread_in_native, id=10100, stack(0x000000dc10900000,0x000000dc10a00000) (1024K)]
  0x000002ac94c51010 JavaThread "File watcher consumer"      daemon [_thread_blocked, id=12896, stack(0x000000dc10a00000,0x000000dc10b00000) (1024K)]
  0x000002ac94c551b0 JavaThread "Cache worker for checksums cache (E:\Users\mkjl4\AndroidStudioProjects\HaveneraOwner\.gradle\8.7\checksums)"        [_thread_blocked, id=21544, stack(0x000000dc10b00000,0x000000dc10c00000) (1024K)]
  0x000002ac94c57910 JavaThread "Cache worker for cache directory md-supplier (C:\Users\asus\.gradle\caches\8.7\md-supplier)"        [_thread_blocked, id=13384, stack(0x000000dc10c00000,0x000000dc10d00000) (1024K)]
  0x000002ac94c523c0 JavaThread "Cache worker for cache directory md-rule (C:\Users\asus\.gradle\caches\8.7\md-rule)"        [_thread_blocked, id=16212, stack(0x000000dc10d00000,0x000000dc10e00000) (1024K)]
  0x000002ac94c530e0 JavaThread "Cache worker for file content cache (C:\Users\asus\.gradle\caches\8.7\fileContent)"        [_thread_blocked, id=20924, stack(0x000000dc10e00000,0x000000dc10f00000) (1024K)]
  0x000002ac94c53770 JavaThread "Cache worker for Build Output Cleanup Cache (E:\Users\mkjl4\AndroidStudioProjects\HaveneraOwner\.gradle\buildOutputCleanup)"        [_thread_blocked, id=19916, stack(0x000000dc10f00000,0x000000dc11000000) (1024K)]
  0x000002ac94c56560 JavaThread "Unconstrained build operations"        [_thread_blocked, id=18788, stack(0x000000dc11000000,0x000000dc11100000) (1024K)]
  0x000002ac94c53e00 JavaThread "Unconstrained build operations Thread 2"        [_thread_blocked, id=16892, stack(0x000000dc11100000,0x000000dc11200000) (1024K)]
  0x000002ac94c56bf0 JavaThread "Unconstrained build operations Thread 3"        [_thread_blocked, id=15900, stack(0x000000dc11200000,0x000000dc11300000) (1024K)]
  0x000002ac94c57280 JavaThread "Unconstrained build operations Thread 4"        [_thread_blocked, id=17372, stack(0x000000dc11300000,0x000000dc11400000) (1024K)]
  0x000002ac959a7f00 JavaThread "Unconstrained build operations Thread 5"        [_thread_blocked, id=17700, stack(0x000000dc11400000,0x000000dc11500000) (1024K)]
  0x000002ac959a1600 JavaThread "Unconstrained build operations Thread 6"        [_thread_blocked, id=15976, stack(0x000000dc11500000,0x000000dc11600000) (1024K)]
  0x000002ac959a8c20 JavaThread "Unconstrained build operations Thread 7"        [_thread_blocked, id=5864, stack(0x000000dc11600000,0x000000dc11700000) (1024K)]
  0x000002ac959a2320 JavaThread "Unconstrained build operations Thread 8"        [_thread_blocked, id=12644, stack(0x000000dc11700000,0x000000dc11800000) (1024K)]
  0x000002ac959a71e0 JavaThread "Unconstrained build operations Thread 9"        [_thread_blocked, id=9080, stack(0x000000dc11800000,0x000000dc11900000) (1024K)]
  0x000002ac959a57a0 JavaThread "Unconstrained build operations Thread 10"        [_thread_blocked, id=22508, stack(0x000000dc11900000,0x000000dc11a00000) (1024K)]
  0x000002ac959a43f0 JavaThread "Unconstrained build operations Thread 11"        [_thread_blocked, id=4216, stack(0x000000dc11a00000,0x000000dc11b00000) (1024K)]
  0x000002ac959a3040 JavaThread "Unconstrained build operations Thread 12"        [_thread_blocked, id=19192, stack(0x000000dc11b00000,0x000000dc11c00000) (1024K)]
  0x000002ac959a1c90 JavaThread "Unconstrained build operations Thread 13"        [_thread_blocked, id=20220, stack(0x000000dc11c00000,0x000000dc11d00000) (1024K)]
  0x000002ac959a29b0 JavaThread "Unconstrained build operations Thread 14"        [_thread_blocked, id=12404, stack(0x000000dc11d00000,0x000000dc11e00000) (1024K)]
  0x000002ac959a6b50 JavaThread "Unconstrained build operations Thread 15"        [_thread_blocked, id=7288, stack(0x000000dc11e00000,0x000000dc11f00000) (1024K)]
  0x000002ac959a8590 JavaThread "Unconstrained build operations Thread 16"        [_thread_blocked, id=20532, stack(0x000000dc11f00000,0x000000dc12000000) (1024K)]
  0x000002ac959a7870 JavaThread "Unconstrained build operations Thread 17"        [_thread_blocked, id=20632, stack(0x000000dc12000000,0x000000dc12100000) (1024K)]
  0x000002ac959a36d0 JavaThread "Unconstrained build operations Thread 18"        [_thread_blocked, id=22400, stack(0x000000dc12100000,0x000000dc12200000) (1024K)]
  0x000002ac959a4a80 JavaThread "Unconstrained build operations Thread 19"        [_thread_blocked, id=1552, stack(0x000000dc12200000,0x000000dc12300000) (1024K)]
  0x000002ac959a5110 JavaThread "Unconstrained build operations Thread 20"        [_thread_blocked, id=14668, stack(0x000000dc12300000,0x000000dc12400000) (1024K)]
  0x000002ac959a5e30 JavaThread "Unconstrained build operations Thread 21"        [_thread_blocked, id=21256, stack(0x000000dc12400000,0x000000dc12500000) (1024K)]
  0x000002ac959a64c0 JavaThread "Unconstrained build operations Thread 22"        [_thread_blocked, id=18916, stack(0x000000dc12500000,0x000000dc12600000) (1024K)]
  0x000002ac95cde4e0 JavaThread "Unconstrained build operations Thread 23"        [_thread_blocked, id=20520, stack(0x000000dc12600000,0x000000dc12700000) (1024K)]
  0x000002ac95cda9d0 JavaThread "Unconstrained build operations Thread 24"        [_thread_blocked, id=16676, stack(0x000000dc12700000,0x000000dc12800000) (1024K)]
  0x000002ac95cd9cb0 JavaThread "Unconstrained build operations Thread 25"        [_thread_blocked, id=15272, stack(0x000000dc12800000,0x000000dc12900000) (1024K)]
  0x000002ac95cdb060 JavaThread "Unconstrained build operations Thread 26"        [_thread_blocked, id=15012, stack(0x000000dc12900000,0x000000dc12a00000) (1024K)]
  0x000002ac95cda340 JavaThread "Unconstrained build operations Thread 27"        [_thread_blocked, id=21928, stack(0x000000dc12a00000,0x000000dc12b00000) (1024K)]
  0x000002ac95cdb6f0 JavaThread "Unconstrained build operations Thread 28"        [_thread_blocked, id=11724, stack(0x000000dc12b00000,0x000000dc12c00000) (1024K)]
  0x000002ac95cdd7c0 JavaThread "build event listener"              [_thread_blocked, id=20348, stack(0x000000dc12c00000,0x000000dc12d00000) (1024K)]
  0x000002ac95cd8270 JavaThread "Memory manager"                    [_thread_blocked, id=14244, stack(0x000000dc12d00000,0x000000dc12e00000) (1024K)]
Total: 62

Other Threads:
  0x000002acfe680940 VMThread "VM Thread"                           [id=5356, stack(0x000000dc0e800000,0x000000dc0e900000) (1024K)]
  0x000002acfe4b8670 WatcherThread "VM Periodic Task Thread"        [id=14624, stack(0x000000dc0e700000,0x000000dc0e800000) (1024K)]
  0x000002acf5eab5c0 WorkerThread "GC Thread#0"                     [id=21456, stack(0x000000dc0e200000,0x000000dc0e300000) (1024K)]
  0x000002ac931268b0 WorkerThread "GC Thread#1"                     [id=13776, stack(0x000000dc0f300000,0x000000dc0f400000) (1024K)]
  0x000002ac9306c3d0 WorkerThread "GC Thread#2"                     [id=13060, stack(0x000000dc0f400000,0x000000dc0f500000) (1024K)]
  0x000002ac93188db0 WorkerThread "GC Thread#3"                     [id=22432, stack(0x000000dc0f500000,0x000000dc0f600000) (1024K)]
  0x000002ac93189970 WorkerThread "GC Thread#4"                     [id=11608, stack(0x000000dc0f600000,0x000000dc0f700000) (1024K)]
  0x000002ac93e1ea30 WorkerThread "GC Thread#5"                     [id=3780, stack(0x000000dc10100000,0x000000dc10200000) (1024K)]
  0x000002ac9407beb0 WorkerThread "GC Thread#6"                     [id=13540, stack(0x000000dc10200000,0x000000dc10300000) (1024K)]
  0x000002ac94078d30 WorkerThread "GC Thread#7"                     [id=21092, stack(0x000000dc10300000,0x000000dc10400000) (1024K)]
  0x000002acf5ebd720 ConcurrentGCThread "G1 Main Marker"            [id=18884, stack(0x000000dc0e300000,0x000000dc0e400000) (1024K)]
  0x000002acf5ebe9c0 WorkerThread "G1 Conc#0"                       [id=21348, stack(0x000000dc0e400000,0x000000dc0e500000) (1024K)]
  0x000002ac93e5ea60 WorkerThread "G1 Conc#1"                       [id=20524, stack(0x000000dc10400000,0x000000dc10500000) (1024K)]
  0x000002acf5f0e450 ConcurrentGCThread "G1 Refine#0"               [id=22320, stack(0x000000dc0e500000,0x000000dc0e600000) (1024K)]
  0x000002acfe38b540 ConcurrentGCThread "G1 Service"                [id=13764, stack(0x000000dc0e600000,0x000000dc0e700000) (1024K)]
Total: 15

Threads with active compile tasks:
C2 CompilerThread0    13141 8164       4       jdk.internal.loader.URLClassPath$JarLoader$2::getBytes (48 bytes)
Total: 1

VM state: not at safepoint (normal execution)

VM Mutex/Monitor currently owned by a thread: None

Heap address: 0x0000000080000000, size: 2048 MB, Compressed Oops mode: 32-bit

CDS archive(s) not mapped
Compressed class space mapped at: 0x0000000100000000-0x0000000140000000, reserved size: 1073741824
Narrow klass base: 0x0000000000000000, Narrow klass shift: 3, Narrow klass range: 0x140000000

GC Precious Log:
 CardTable entry size: 512
 Card Set container configuration: InlinePtr #cards 5 size 8 Array Of Cards #cards 12 size 40 Howl #buckets 4 coarsen threshold 1843 Howl Bitmap #cards 512 size 80 coarsen threshold 460 Card regions per heap region 1 cards per card region 2048
 CPUs: 8 total, 8 available
 Memory: 7884M
 Large Page Support: Disabled
 NUMA Support: Disabled
 Compressed Oops: Enabled (32-bit)
 Heap Region Size: 1M
 Heap Min Capacity: 8M
 Heap Initial Capacity: 124M
 Heap Max Capacity: 2G
 Pre-touch: Disabled
 Parallel Workers: 8
 Concurrent Workers: 2
 Concurrent Refinement Workers: 8
 Periodic GC: Disabled

Heap:
 garbage-first heap   total 126976K, used 101580K [0x0000000080000000, 0x0000000100000000)
  region size 1024K, 29 young (29696K), 3 survivors (3072K)
 Metaspace       used 80690K, committed 82496K, reserved 1179648K
  class space    used 10904K, committed 11776K, reserved 1048576K

Heap Regions: E=young(eden), S=young(survivor), O=old, HS=humongous(starts), HC=humongous(continues), CS=collection set, F=free, TAMS=top-at-mark-start, PB=parsable bottom
|   0|0x0000000080000000, 0x0000000080100000, 0x0000000080100000|100%|HS|  |TAMS 0x0000000080000000| PB 0x0000000080000000| Complete 
|   1|0x0000000080100000, 0x0000000080200000, 0x0000000080200000|100%|HC|  |TAMS 0x0000000080100000| PB 0x0000000080100000| Complete 
|   2|0x0000000080200000, 0x0000000080300000, 0x0000000080300000|100%|HC|  |TAMS 0x0000000080200000| PB 0x0000000080200000| Complete 
|   3|0x0000000080300000, 0x0000000080400000, 0x0000000080400000|100%|HC|  |TAMS 0x0000000080300000| PB 0x0000000080300000| Complete 
|   4|0x0000000080400000, 0x0000000080500000, 0x0000000080500000|100%| O|  |TAMS 0x0000000080400000| PB 0x0000000080400000| Untracked 
|   5|0x0000000080500000, 0x0000000080600000, 0x0000000080600000|100%| O|  |TAMS 0x0000000080500000| PB 0x0000000080500000| Untracked 
|   6|0x0000000080600000, 0x0000000080700000, 0x0000000080700000|100%| O|  |TAMS 0x0000000080600000| PB 0x0000000080600000| Untracked 
|   7|0x0000000080700000, 0x0000000080800000, 0x0000000080800000|100%| O|  |TAMS 0x0000000080700000| PB 0x0000000080700000| Untracked 
|   8|0x0000000080800000, 0x0000000080900000, 0x0000000080900000|100%| O|  |TAMS 0x0000000080800000| PB 0x0000000080800000| Untracked 
|   9|0x0000000080900000, 0x0000000080a00000, 0x0000000080a00000|100%| O|  |TAMS 0x0000000080900000| PB 0x0000000080900000| Untracked 
|  10|0x0000000080a00000, 0x0000000080b00000, 0x0000000080b00000|100%| O|  |TAMS 0x0000000080a00000| PB 0x0000000080a00000| Untracked 
|  11|0x0000000080b00000, 0x0000000080c00000, 0x0000000080c00000|100%| O|  |TAMS 0x0000000080b00000| PB 0x0000000080b00000| Untracked 
|  12|0x0000000080c00000, 0x0000000080d00000, 0x0000000080d00000|100%| O|  |TAMS 0x0000000080c00000| PB 0x0000000080c00000| Untracked 
|  13|0x0000000080d00000, 0x0000000080e00000, 0x0000000080e00000|100%| O|  |TAMS 0x0000000080d00000| PB 0x0000000080d00000| Untracked 
|  14|0x0000000080e00000, 0x0000000080f00000, 0x0000000080f00000|100%| O|  |TAMS 0x0000000080e00000| PB 0x0000000080e00000| Untracked 
|  15|0x0000000080f00000, 0x0000000081000000, 0x0000000081000000|100%| O|  |TAMS 0x0000000080f00000| PB 0x0000000080f00000| Untracked 
|  16|0x0000000081000000, 0x0000000081100000, 0x0000000081100000|100%| O|  |TAMS 0x0000000081000000| PB 0x0000000081000000| Untracked 
|  17|0x0000000081100000, 0x0000000081200000, 0x0000000081200000|100%| O|  |TAMS 0x0000000081100000| PB 0x0000000081100000| Untracked 
|  18|0x0000000081200000, 0x0000000081300000, 0x0000000081300000|100%| O|  |TAMS 0x0000000081200000| PB 0x0000000081200000| Untracked 
|  19|0x0000000081300000, 0x0000000081400000, 0x0000000081400000|100%| O|  |TAMS 0x0000000081300000| PB 0x0000000081300000| Untracked 
|  20|0x0000000081400000, 0x0000000081500000, 0x0000000081500000|100%| O|  |TAMS 0x0000000081400000| PB 0x0000000081400000| Untracked 
|  21|0x0000000081500000, 0x0000000081600000, 0x0000000081600000|100%| O|  |TAMS 0x0000000081500000| PB 0x0000000081500000| Untracked 
|  22|0x0000000081600000, 0x0000000081700000, 0x0000000081700000|100%| O|  |TAMS 0x0000000081600000| PB 0x0000000081600000| Untracked 
|  23|0x0000000081700000, 0x0000000081800000, 0x0000000081800000|100%| O|  |TAMS 0x0000000081700000| PB 0x0000000081700000| Untracked 
|  24|0x0000000081800000, 0x0000000081900000, 0x0000000081900000|100%| O|Cm|TAMS 0x0000000081800000| PB 0x0000000081800000| Complete 
|  25|0x0000000081900000, 0x0000000081a00000, 0x0000000081a00000|100%| O|  |TAMS 0x0000000081900000| PB 0x0000000081900000| Untracked 
|  26|0x0000000081a00000, 0x0000000081b00000, 0x0000000081b00000|100%| O|  |TAMS 0x0000000081a00000| PB 0x0000000081a00000| Untracked 
|  27|0x0000000081b00000, 0x0000000081c00000, 0x0000000081c00000|100%| O|  |TAMS 0x0000000081b00000| PB 0x0000000081b00000| Untracked 
|  28|0x0000000081c00000, 0x0000000081d00000, 0x0000000081d00000|100%| O|  |TAMS 0x0000000081c00000| PB 0x0000000081c00000| Untracked 
|  29|0x0000000081d00000, 0x0000000081e00000, 0x0000000081e00000|100%| O|  |TAMS 0x0000000081d00000| PB 0x0000000081d00000| Untracked 
|  30|0x0000000081e00000, 0x0000000081f00000, 0x0000000081f00000|100%| O|  |TAMS 0x0000000081e00000| PB 0x0000000081e00000| Untracked 
|  31|0x0000000081f00000, 0x0000000082000000, 0x0000000082000000|100%| O|  |TAMS 0x0000000081f00000| PB 0x0000000081f00000| Untracked 
|  32|0x0000000082000000, 0x0000000082100000, 0x0000000082100000|100%| O|  |TAMS 0x0000000082000000| PB 0x0000000082000000| Untracked 
|  33|0x0000000082100000, 0x0000000082200000, 0x0000000082200000|100%| O|  |TAMS 0x0000000082100000| PB 0x0000000082100000| Untracked 
|  34|0x0000000082200000, 0x0000000082300000, 0x0000000082300000|100%| O|  |TAMS 0x0000000082200000| PB 0x0000000082200000| Untracked 
|  35|0x0000000082300000, 0x0000000082400000, 0x0000000082400000|100%| O|  |TAMS 0x0000000082300000| PB 0x0000000082300000| Untracked 
|  36|0x0000000082400000, 0x0000000082500000, 0x0000000082500000|100%| O|  |TAMS 0x0000000082400000| PB 0x0000000082400000| Untracked 
|  37|0x0000000082500000, 0x0000000082600000, 0x0000000082600000|100%| O|  |TAMS 0x0000000082500000| PB 0x0000000082500000| Untracked 
|  38|0x0000000082600000, 0x0000000082700000, 0x0000000082700000|100%| O|  |TAMS 0x0000000082600000| PB 0x0000000082600000| Untracked 
|  39|0x0000000082700000, 0x0000000082800000, 0x0000000082800000|100%| O|  |TAMS 0x0000000082700000| PB 0x0000000082700000| Untracked 
|  40|0x0000000082800000, 0x0000000082900000, 0x0000000082900000|100%| O|  |TAMS 0x0000000082800000| PB 0x0000000082800000| Untracked 
|  41|0x0000000082900000, 0x0000000082a00000, 0x0000000082a00000|100%| O|  |TAMS 0x0000000082900000| PB 0x0000000082900000| Untracked 
|  42|0x0000000082a00000, 0x0000000082b00000, 0x0000000082b00000|100%|HS|  |TAMS 0x0000000082a00000| PB 0x0000000082a00000| Complete 
|  43|0x0000000082b00000, 0x0000000082c00000, 0x0000000082c00000|100%|HS|  |TAMS 0x0000000082b00000| PB 0x0000000082b00000| Complete 
|  44|0x0000000082c00000, 0x0000000082d00000, 0x0000000082d00000|100%|HS|  |TAMS 0x0000000082c00000| PB 0x0000000082c00000| Complete 
|  45|0x0000000082d00000, 0x0000000082e00000, 0x0000000082e00000|100%|HS|  |TAMS 0x0000000082d00000| PB 0x0000000082d00000| Complete 
|  46|0x0000000082e00000, 0x0000000082f00000, 0x0000000082f00000|100%|HC|  |TAMS 0x0000000082e00000| PB 0x0000000082e00000| Complete 
|  47|0x0000000082f00000, 0x0000000083000000, 0x0000000083000000|100%|HS|  |TAMS 0x0000000082f00000| PB 0x0000000082f00000| Complete 
|  48|0x0000000083000000, 0x0000000083100000, 0x0000000083100000|100%|HC|  |TAMS 0x0000000083000000| PB 0x0000000083000000| Complete 
|  49|0x0000000083100000, 0x0000000083200000, 0x0000000083200000|100%|HS|  |TAMS 0x0000000083100000| PB 0x0000000083100000| Complete 
|  50|0x0000000083200000, 0x0000000083300000, 0x0000000083300000|100%|HS|  |TAMS 0x0000000083200000| PB 0x0000000083200000| Complete 
|  51|0x0000000083300000, 0x0000000083400000, 0x0000000083400000|100%|HC|  |TAMS 0x0000000083300000| PB 0x0000000083300000| Complete 
|  52|0x0000000083400000, 0x0000000083500000, 0x0000000083500000|100%|HC|  |TAMS 0x0000000083400000| PB 0x0000000083400000| Complete 
|  53|0x0000000083500000, 0x0000000083600000, 0x0000000083600000|100%|HS|  |TAMS 0x0000000083500000| PB 0x0000000083500000| Complete 
|  54|0x0000000083600000, 0x0000000083700000, 0x0000000083700000|100%|HS|  |TAMS 0x0000000083600000| PB 0x0000000083600000| Complete 
|  55|0x0000000083700000, 0x0000000083800000, 0x0000000083800000|100%| O|  |TAMS 0x0000000083700000| PB 0x0000000083700000| Untracked 
|  56|0x0000000083800000, 0x0000000083900000, 0x0000000083900000|100%| O|  |TAMS 0x0000000083800000| PB 0x0000000083800000| Untracked 
|  57|0x0000000083900000, 0x0000000083a00000, 0x0000000083a00000|100%| O|  |TAMS 0x0000000083900000| PB 0x0000000083900000| Untracked 
|  58|0x0000000083a00000, 0x0000000083b00000, 0x0000000083b00000|100%| O|  |TAMS 0x0000000083a00000| PB 0x0000000083a00000| Untracked 
|  59|0x0000000083b00000, 0x0000000083c00000, 0x0000000083c00000|100%| O|  |TAMS 0x0000000083b00000| PB 0x0000000083b00000| Untracked 
|  60|0x0000000083c00000, 0x0000000083d00000, 0x0000000083d00000|100%| O|  |TAMS 0x0000000083c00000| PB 0x0000000083c00000| Untracked 
|  61|0x0000000083d00000, 0x0000000083e00000, 0x0000000083e00000|100%| O|  |TAMS 0x0000000083d00000| PB 0x0000000083d00000| Untracked 
|  62|0x0000000083e00000, 0x0000000083e332e0, 0x0000000083f00000| 19%| O|  |TAMS 0x0000000083e00000| PB 0x0000000083e00000| Untracked 
|  63|0x0000000083f00000, 0x0000000084000000, 0x0000000084000000|100%|HS|  |TAMS 0x0000000083f00000| PB 0x0000000083f00000| Complete 
|  64|0x0000000084000000, 0x0000000084100000, 0x0000000084100000|100%| O|  |TAMS 0x0000000084000000| PB 0x0000000084000000| Untracked 
|  65|0x0000000084100000, 0x0000000084200000, 0x0000000084200000|100%| O|  |TAMS 0x0000000084100000| PB 0x0000000084100000| Untracked 
|  66|0x0000000084200000, 0x0000000084300000, 0x0000000084300000|100%| O|  |TAMS 0x0000000084200000| PB 0x0000000084200000| Untracked 
|  67|0x0000000084300000, 0x0000000084300000, 0x0000000084400000|  0%| F|  |TAMS 0x0000000084300000| PB 0x0000000084300000| Untracked 
|  68|0x0000000084400000, 0x0000000084400000, 0x0000000084500000|  0%| F|  |TAMS 0x0000000084400000| PB 0x0000000084400000| Untracked 
|  69|0x0000000084500000, 0x0000000084500000, 0x0000000084600000|  0%| F|  |TAMS 0x0000000084500000| PB 0x0000000084500000| Untracked 
|  70|0x0000000084600000, 0x0000000084600000, 0x0000000084700000|  0%| F|  |TAMS 0x0000000084600000| PB 0x0000000084600000| Untracked 
|  71|0x0000000084700000, 0x0000000084700000, 0x0000000084800000|  0%| F|  |TAMS 0x0000000084700000| PB 0x0000000084700000| Untracked 
|  72|0x0000000084800000, 0x0000000084800000, 0x0000000084900000|  0%| F|  |TAMS 0x0000000084800000| PB 0x0000000084800000| Untracked 
|  73|0x0000000084900000, 0x0000000084900000, 0x0000000084a00000|  0%| F|  |TAMS 0x0000000084900000| PB 0x0000000084900000| Untracked 
|  74|0x0000000084a00000, 0x0000000084a00000, 0x0000000084b00000|  0%| F|  |TAMS 0x0000000084a00000| PB 0x0000000084a00000| Untracked 
|  75|0x0000000084b00000, 0x0000000084b00000, 0x0000000084c00000|  0%| F|  |TAMS 0x0000000084b00000| PB 0x0000000084b00000| Untracked 
|  76|0x0000000084c00000, 0x0000000084c00000, 0x0000000084d00000|  0%| F|  |TAMS 0x0000000084c00000| PB 0x0000000084c00000| Untracked 
|  77|0x0000000084d00000, 0x0000000084d00000, 0x0000000084e00000|  0%| F|  |TAMS 0x0000000084d00000| PB 0x0000000084d00000| Untracked 
|  78|0x0000000084e00000, 0x0000000084e00000, 0x0000000084f00000|  0%| F|  |TAMS 0x0000000084e00000| PB 0x0000000084e00000| Untracked 
|  79|0x0000000084f00000, 0x0000000084f00000, 0x0000000085000000|  0%| F|  |TAMS 0x0000000084f00000| PB 0x0000000084f00000| Untracked 
|  80|0x0000000085000000, 0x0000000085000000, 0x0000000085100000|  0%| F|  |TAMS 0x0000000085000000| PB 0x0000000085000000| Untracked 
|  81|0x0000000085100000, 0x0000000085100000, 0x0000000085200000|  0%| F|  |TAMS 0x0000000085100000| PB 0x0000000085100000| Untracked 
|  82|0x0000000085200000, 0x0000000085200000, 0x0000000085300000|  0%| F|  |TAMS 0x0000000085200000| PB 0x0000000085200000| Untracked 
|  83|0x0000000085300000, 0x0000000085400000, 0x0000000085400000|100%| S|CS|TAMS 0x0000000085300000| PB 0x0000000085300000| Complete 
|  84|0x0000000085400000, 0x0000000085500000, 0x0000000085500000|100%| S|CS|TAMS 0x0000000085400000| PB 0x0000000085400000| Complete 
|  85|0x0000000085500000, 0x0000000085500000, 0x0000000085600000|  0%| F|  |TAMS 0x0000000085500000| PB 0x0000000085500000| Untracked 
|  86|0x0000000085600000, 0x0000000085600000, 0x0000000085700000|  0%| F|  |TAMS 0x0000000085600000| PB 0x0000000085600000| Untracked 
|  87|0x0000000085700000, 0x0000000085800000, 0x0000000085800000|100%| S|CS|TAMS 0x0000000085700000| PB 0x0000000085700000| Complete 
|  88|0x0000000085800000, 0x0000000085800000, 0x0000000085900000|  0%| F|  |TAMS 0x0000000085800000| PB 0x0000000085800000| Untracked 
|  89|0x0000000085900000, 0x0000000085900000, 0x0000000085a00000|  0%| F|  |TAMS 0x0000000085900000| PB 0x0000000085900000| Untracked 
|  90|0x0000000085a00000, 0x0000000085a00000, 0x0000000085b00000|  0%| F|  |TAMS 0x0000000085a00000| PB 0x0000000085a00000| Untracked 
|  91|0x0000000085b00000, 0x0000000085b00000, 0x0000000085c00000|  0%| F|  |TAMS 0x0000000085b00000| PB 0x0000000085b00000| Untracked 
|  92|0x0000000085c00000, 0x0000000085c00000, 0x0000000085d00000|  0%| F|  |TAMS 0x0000000085c00000| PB 0x0000000085c00000| Untracked 
|  93|0x0000000085d00000, 0x0000000085e00000, 0x0000000085e00000|100%| E|  |TAMS 0x0000000085d00000| PB 0x0000000085d00000| Complete 
|  94|0x0000000085e00000, 0x0000000085f00000, 0x0000000085f00000|100%| E|CS|TAMS 0x0000000085e00000| PB 0x0000000085e00000| Complete 
|  95|0x0000000085f00000, 0x0000000086000000, 0x0000000086000000|100%| E|CS|TAMS 0x0000000085f00000| PB 0x0000000085f00000| Complete 
|  96|0x0000000086000000, 0x0000000086100000, 0x0000000086100000|100%| E|CS|TAMS 0x0000000086000000| PB 0x0000000086000000| Complete 
|  97|0x0000000086100000, 0x0000000086200000, 0x0000000086200000|100%| E|CS|TAMS 0x0000000086100000| PB 0x0000000086100000| Complete 
|  98|0x0000000086200000, 0x0000000086300000, 0x0000000086300000|100%| E|CS|TAMS 0x0000000086200000| PB 0x0000000086200000| Complete 
|  99|0x0000000086300000, 0x0000000086400000, 0x0000000086400000|100%| E|CS|TAMS 0x0000000086300000| PB 0x0000000086300000| Complete 
| 100|0x0000000086400000, 0x0000000086500000, 0x0000000086500000|100%| E|CS|TAMS 0x0000000086400000| PB 0x0000000086400000| Complete 
| 101|0x0000000086500000, 0x0000000086600000, 0x0000000086600000|100%| E|CS|TAMS 0x0000000086500000| PB 0x0000000086500000| Complete 
| 102|0x0000000086600000, 0x0000000086700000, 0x0000000086700000|100%| E|CS|TAMS 0x0000000086600000| PB 0x0000000086600000| Complete 
| 103|0x0000000086700000, 0x0000000086800000, 0x0000000086800000|100%| E|CS|TAMS 0x0000000086700000| PB 0x0000000086700000| Complete 
| 104|0x0000000086800000, 0x0000000086900000, 0x0000000086900000|100%| E|CS|TAMS 0x0000000086800000| PB 0x0000000086800000| Complete 
| 105|0x0000000086900000, 0x0000000086a00000, 0x0000000086a00000|100%| E|CS|TAMS 0x0000000086900000| PB 0x0000000086900000| Complete 
| 106|0x0000000086a00000, 0x0000000086b00000, 0x0000000086b00000|100%| E|CS|TAMS 0x0000000086a00000| PB 0x0000000086a00000| Complete 
| 107|0x0000000086b00000, 0x0000000086c00000, 0x0000000086c00000|100%| E|CS|TAMS 0x0000000086b00000| PB 0x0000000086b00000| Complete 
| 108|0x0000000086c00000, 0x0000000086d00000, 0x0000000086d00000|100%| E|CS|TAMS 0x0000000086c00000| PB 0x0000000086c00000| Complete 
| 109|0x0000000086d00000, 0x0000000086e00000, 0x0000000086e00000|100%| E|CS|TAMS 0x0000000086d00000| PB 0x0000000086d00000| Complete 
| 110|0x0000000086e00000, 0x0000000086f00000, 0x0000000086f00000|100%| E|CS|TAMS 0x0000000086e00000| PB 0x0000000086e00000| Complete 
| 111|0x0000000086f00000, 0x0000000087000000, 0x0000000087000000|100%| E|CS|TAMS 0x0000000086f00000| PB 0x0000000086f00000| Complete 
| 112|0x0000000087000000, 0x0000000087100000, 0x0000000087100000|100%| E|CS|TAMS 0x0000000087000000| PB 0x0000000087000000| Complete 
| 113|0x0000000087100000, 0x0000000087200000, 0x0000000087200000|100%| E|CS|TAMS 0x0000000087100000| PB 0x0000000087100000| Complete 
| 114|0x0000000087200000, 0x0000000087300000, 0x0000000087300000|100%| E|CS|TAMS 0x0000000087200000| PB 0x0000000087200000| Complete 
| 115|0x0000000087300000, 0x0000000087400000, 0x0000000087400000|100%| E|CS|TAMS 0x0000000087300000| PB 0x0000000087300000| Complete 
| 116|0x0000000087400000, 0x0000000087500000, 0x0000000087500000|100%| E|CS|TAMS 0x0000000087400000| PB 0x0000000087400000| Complete 
| 117|0x0000000087500000, 0x0000000087600000, 0x0000000087600000|100%| E|CS|TAMS 0x0000000087500000| PB 0x0000000087500000| Complete 
| 123|0x0000000087b00000, 0x0000000087c00000, 0x0000000087c00000|100%| E|CS|TAMS 0x0000000087b00000| PB 0x0000000087b00000| Complete 
|2043|0x00000000ffb00000, 0x00000000ffc00000, 0x00000000ffc00000|100%| O|Cm|TAMS 0x00000000ffb00000| PB 0x00000000ffb00000| Complete 
|2044|0x00000000ffc00000, 0x00000000ffd00000, 0x00000000ffd00000|100%| O|  |TAMS 0x00000000ffc00000| PB 0x00000000ffc00000| Untracked 
|2045|0x00000000ffd00000, 0x00000000ffe00000, 0x00000000ffe00000|100%| O|  |TAMS 0x00000000ffd00000| PB 0x00000000ffd00000| Untracked 
|2046|0x00000000ffe00000, 0x00000000fff00000, 0x00000000fff00000|100%| O|  |TAMS 0x00000000ffe00000| PB 0x00000000ffe00000| Untracked 
|2047|0x00000000fff00000, 0x0000000100000000, 0x0000000100000000|100%| O|  |TAMS 0x00000000fff00000| PB 0x00000000fff00000| Untracked 

Card table byte_map: [0x000002acf96c0000,0x000002acf9ac0000] _byte_map_base: 0x000002acf92c0000

Marking Bits: (CMBitMap*) 0x000002acf5eaccd0
 Bits: [0x000002acf9ac0000, 0x000002acfbac0000)

Polling page: 0x000002acf5610000

Metaspace:

Usage:
  Non-class:     68.18 MB used.
      Class:     10.65 MB used.
       Both:     78.83 MB used.

Virtual space:
  Non-class space:      128.00 MB reserved,      69.12 MB ( 54%) committed,  2 nodes.
      Class space:        1.00 GB reserved,      11.50 MB (  1%) committed,  1 nodes.
             Both:        1.12 GB reserved,      80.62 MB (  7%) committed. 

Chunk freelists:
   Non-Class:  10.36 MB
       Class:  4.50 MB
        Both:  14.86 MB

MaxMetaspaceSize: unlimited
CompressedClassSpaceSize: 1.00 GB
Initial GC threshold: 21.00 MB
Current GC threshold: 123.88 MB
CDS: off
 - commit_granule_bytes: 65536.
 - commit_granule_words: 8192.
 - virtual_space_node_default_size: 8388608.
 - enlarge_chunks_in_place: 1.
 - use_allocation_guard: 0.


Internal statistics:

num_allocs_failed_limit: 9.
num_arena_births: 3410.
num_arena_deaths: 0.
num_vsnodes_births: 3.
num_vsnodes_deaths: 0.
num_space_committed: 1290.
num_space_uncommitted: 0.
num_chunks_returned_to_freelist: 9.
num_chunks_taken_from_freelist: 6730.
num_chunk_merges: 9.
num_chunk_splits: 4343.
num_chunks_enlarged: 2657.
num_inconsistent_stats: 0.

CodeHeap 'non-profiled nmethods': size=120000Kb used=3440Kb max_used=3440Kb free=116560Kb
 bounds [0x000002ac87ad0000, 0x000002ac87e30000, 0x000002ac8f000000]
CodeHeap 'profiled nmethods': size=120000Kb used=12937Kb max_used=12937Kb free=107062Kb
 bounds [0x000002ac80000000, 0x000002ac80cb0000, 0x000002ac87530000]
CodeHeap 'non-nmethods': size=5760Kb used=2241Kb max_used=2252Kb free=3518Kb
 bounds [0x000002ac87530000, 0x000002ac877a0000, 0x000002ac87ad0000]
 total_blobs=7972 nmethods=7186 adapters=690
 compilation: enabled
              stopped_count=0, restarted_count=0
 full_count=0

Compilation events (20 events):
Event: 13.073 Thread 0x000002acfe6f7f00 8189       1       java.io.ObjectStreamClass$FieldReflectorKey::hashCode (5 bytes)
Event: 13.073 Thread 0x000002acfe6f7f00 nmethod 8189 0x000002ac87e2ab10 code [0x000002ac87e2aca0, 0x000002ac87e2ad68]
Event: 13.074 Thread 0x000002acfe6f7f00 8192       3       jdk.internal.org.objectweb.asm.ClassReader::readBootstrapMethodsAttribute (130 bytes)
Event: 13.075 Thread 0x000002acfe6f7f00 nmethod 8192 0x000002ac80c91a90 code [0x000002ac80c91ce0, 0x000002ac80c924e8]
Event: 13.076 Thread 0x000002acfe6f7f00 8193       3       com.google.common.collect.LinkedHashMultimap::create (11 bytes)
Event: 13.076 Thread 0x000002acfe6f7f00 nmethod 8193 0x000002ac80c92890 code [0x000002ac80c92a40, 0x000002ac80c92bd0]
Event: 13.076 Thread 0x000002acfe6f7f00 8194       3       com.google.common.collect.LinkedHashMultimap::<init> (44 bytes)
Event: 13.077 Thread 0x000002acfe6f7f00 nmethod 8194 0x000002ac80c92c90 code [0x000002ac80c92f20, 0x000002ac80c939e0]
Event: 13.077 Thread 0x000002acfe6f7f00 8195       3       org.gradle.internal.instantiation.generator.AsmBackedClassGenerator$ClassBuilderImpl$LocalMethodVisitorScope::putServiceRegistryOnStack (56 bytes)
Event: 13.078 Thread 0x000002acfe6f7f00 nmethod 8195 0x000002ac80c93d90 code [0x000002ac80c94000, 0x000002ac80c94bd8]
Event: 13.089 Thread 0x000002acfe6f7f00 8196       3       org.gradle.api.internal.provider.sources.GradlePropertyValueSource$Parameters_Decorated::unpackState (14 bytes)
Event: 13.090 Thread 0x000002acfe6f7f00 nmethod 8196 0x000002ac80c95090 code [0x000002ac80c95240, 0x000002ac80c95590]
Event: 13.090 Thread 0x000002acfe6f7f00 8197       3       org.gradle.api.internal.provider.sources.GradlePropertyValueSource$Parameters_Decorated::getFactoryId (4 bytes)
Event: 13.090 Thread 0x000002acfe6f7f00 nmethod 8197 0x000002ac8092a090 code [0x000002ac8092a220, 0x000002ac8092a338]
Event: 13.090 Thread 0x000002acfe6f7f00 8198   !   3       jdk.internal.reflect.GeneratedSerializationConstructorAccessor35::newInstance (49 bytes)
Event: 13.090 Thread 0x000002acfe6f7f00 nmethod 8198 0x000002ac80c95690 code [0x000002ac80c95880, 0x000002ac80c95c90]
Event: 13.104 Thread 0x000002acfe6f7f00 8199       3       java.util.logging.LogManager::getProperty (9 bytes)
Event: 13.104 Thread 0x000002acfe6f7f00 nmethod 8199 0x000002ac80c95e90 code [0x000002ac80c96040, 0x000002ac80c96210]
Event: 13.106 Thread 0x000002acfe6f7f00 8200       3       java.util.AbstractMap$SimpleImmutableEntry::<init> (15 bytes)
Event: 13.106 Thread 0x000002acfe6f7f00 nmethod 8200 0x000002ac80c96310 code [0x000002ac80c964c0, 0x000002ac80c966e0]

GC Heap History (20 events):
Event: 8.551 GC heap before
{Heap before GC invocations=15 (full 0):
 garbage-first heap   total 82944K, used 73559K [0x0000000080000000, 0x0000000100000000)
  region size 1024K, 38 young (38912K), 3 survivors (3072K)
 Metaspace       used 60313K, committed 61888K, reserved 1114112K
  class space    used 8264K, committed 9088K, reserved 1048576K
}
Event: 8.559 GC heap after
{Heap after GC invocations=16 (full 0):
 garbage-first heap   total 83968K, used 44424K [0x0000000080000000, 0x0000000100000000)
  region size 1024K, 5 young (5120K), 5 survivors (5120K)
 Metaspace       used 60313K, committed 61888K, reserved 1114112K
  class space    used 8264K, committed 9088K, reserved 1048576K
}
Event: 8.989 GC heap before
{Heap before GC invocations=16 (full 0):
 garbage-first heap   total 83968K, used 79240K [0x0000000080000000, 0x0000000100000000)
  region size 1024K, 33 young (33792K), 5 survivors (5120K)
 Metaspace       used 60823K, committed 62464K, reserved 1114112K
  class space    used 8312K, committed 9152K, reserved 1048576K
}
Event: 8.999 GC heap after
{Heap after GC invocations=17 (full 0):
 garbage-first heap   total 90112K, used 55192K [0x0000000080000000, 0x0000000100000000)
  region size 1024K, 5 young (5120K), 5 survivors (5120K)
 Metaspace       used 60823K, committed 62464K, reserved 1114112K
  class space    used 8312K, committed 9152K, reserved 1048576K
}
Event: 9.030 GC heap before
{Heap before GC invocations=17 (full 0):
 garbage-first heap   total 90112K, used 56216K [0x0000000080000000, 0x0000000100000000)
  region size 1024K, 7 young (7168K), 5 survivors (5120K)
 Metaspace       used 60826K, committed 62464K, reserved 1114112K
  class space    used 8312K, committed 9152K, reserved 1048576K
}
Event: 9.034 GC heap after
{Heap after GC invocations=18 (full 0):
 garbage-first heap   total 90112K, used 56885K [0x0000000080000000, 0x0000000100000000)
  region size 1024K, 2 young (2048K), 2 survivors (2048K)
 Metaspace       used 60826K, committed 62464K, reserved 1114112K
  class space    used 8312K, committed 9152K, reserved 1048576K
}
Event: 9.578 GC heap before
{Heap before GC invocations=19 (full 0):
 garbage-first heap   total 104448K, used 77365K [0x0000000080000000, 0x0000000100000000)
  region size 1024K, 16 young (16384K), 2 survivors (2048K)
 Metaspace       used 61666K, committed 63296K, reserved 1114112K
  class space    used 8452K, committed 9280K, reserved 1048576K
}
Event: 9.583 GC heap after
{Heap after GC invocations=20 (full 0):
 garbage-first heap   total 104448K, used 65091K [0x0000000080000000, 0x0000000100000000)
  region size 1024K, 2 young (2048K), 2 survivors (2048K)
 Metaspace       used 61666K, committed 63296K, reserved 1114112K
  class space    used 8452K, committed 9280K, reserved 1048576K
}
Event: 10.041 GC heap before
{Heap before GC invocations=20 (full 0):
 garbage-first heap   total 104448K, used 82499K [0x0000000080000000, 0x0000000100000000)
  region size 1024K, 19 young (19456K), 2 survivors (2048K)
 Metaspace       used 62957K, committed 64640K, reserved 1114112K
  class space    used 8608K, committed 9408K, reserved 1048576K
}
Event: 10.044 GC heap after
{Heap after GC invocations=21 (full 0):
 garbage-first heap   total 125952K, used 66533K [0x0000000080000000, 0x0000000100000000)
  region size 1024K, 2 young (2048K), 2 survivors (2048K)
 Metaspace       used 62957K, committed 64640K, reserved 1114112K
  class space    used 8608K, committed 9408K, reserved 1048576K
}
Event: 10.567 GC heap before
{Heap before GC invocations=21 (full 0):
 garbage-first heap   total 125952K, used 93157K [0x0000000080000000, 0x0000000100000000)
  region size 1024K, 28 young (28672K), 2 survivors (2048K)
 Metaspace       used 65290K, committed 67008K, reserved 1114112K
  class space    used 8904K, committed 9728K, reserved 1048576K
}
Event: 10.570 GC heap after
{Heap after GC invocations=22 (full 0):
 garbage-first heap   total 125952K, used 67657K [0x0000000080000000, 0x0000000100000000)
  region size 1024K, 3 young (3072K), 3 survivors (3072K)
 Metaspace       used 65290K, committed 67008K, reserved 1114112K
  class space    used 8904K, committed 9728K, reserved 1048576K
}
Event: 11.180 GC heap before
{Heap before GC invocations=23 (full 0):
 garbage-first heap   total 125952K, used 96329K [0x0000000080000000, 0x0000000100000000)
  region size 1024K, 32 young (32768K), 3 survivors (3072K)
 Metaspace       used 68621K, committed 70272K, reserved 1114112K
  class space    used 9283K, committed 10112K, reserved 1048576K
}
Event: 11.184 GC heap after
{Heap after GC invocations=24 (full 0):
 garbage-first heap   total 125952K, used 68065K [0x0000000080000000, 0x0000000100000000)
  region size 1024K, 3 young (3072K), 3 survivors (3072K)
 Metaspace       used 68621K, committed 70272K, reserved 1114112K
  class space    used 9283K, committed 10112K, reserved 1048576K
}
Event: 11.747 GC heap before
{Heap before GC invocations=24 (full 0):
 garbage-first heap   total 125952K, used 104929K [0x0000000080000000, 0x0000000100000000)
  region size 1024K, 35 young (35840K), 3 survivors (3072K)
 Metaspace       used 71606K, committed 73408K, reserved 1114112K
  class space    used 9708K, committed 10624K, reserved 1048576K
}
Event: 11.753 GC heap after
{Heap after GC invocations=25 (full 0):
 garbage-first heap   total 125952K, used 72542K [0x0000000080000000, 0x0000000100000000)
  region size 1024K, 5 young (5120K), 5 survivors (5120K)
 Metaspace       used 71606K, committed 73408K, reserved 1114112K
  class space    used 9708K, committed 10624K, reserved 1048576K
}
Event: 12.195 GC heap before
{Heap before GC invocations=25 (full 0):
 garbage-first heap   total 125952K, used 104286K [0x0000000080000000, 0x0000000100000000)
  region size 1024K, 36 young (36864K), 5 survivors (5120K)
 Metaspace       used 74066K, committed 75904K, reserved 1114112K
  class space    used 10024K, committed 10944K, reserved 1048576K
}
Event: 12.201 GC heap after
{Heap after GC invocations=26 (full 0):
 garbage-first heap   total 125952K, used 74659K [0x0000000080000000, 0x0000000100000000)
  region size 1024K, 2 young (2048K), 2 survivors (2048K)
 Metaspace       used 74066K, committed 75904K, reserved 1114112K
  class space    used 10024K, committed 10944K, reserved 1048576K
}
Event: 12.732 GC heap before
{Heap before GC invocations=27 (full 0):
 garbage-first heap   total 126976K, used 105379K [0x0000000080000000, 0x0000000100000000)
  region size 1024K, 33 young (33792K), 2 survivors (2048K)
 Metaspace       used 76774K, committed 78592K, reserved 1179648K
  class space    used 10395K, committed 11328K, reserved 1048576K
}
Event: 12.735 GC heap after
{Heap after GC invocations=28 (full 0):
 garbage-first heap   total 126976K, used 75980K [0x0000000080000000, 0x0000000100000000)
  region size 1024K, 3 young (3072K), 3 survivors (3072K)
 Metaspace       used 76774K, committed 78592K, reserved 1179648K
  class space    used 10395K, committed 11328K, reserved 1048576K
}

Dll operation events (3 events):
Event: 0.008 Loaded shared library C:\Program Files\Android\Android Studio\jbr\bin\java.dll
Event: 0.013 Loaded shared library C:\Program Files\Android\Android Studio\jbr\bin\zip.dll
Event: 0.457 Loaded shared library C:\Program Files\Android\Android Studio\jbr\bin\verify.dll

Deoptimization events (20 events):
Event: 12.457 Thread 0x000002ac93dd98a0 Uncommon trap: trap_request=0xffffff45 fr.pc=0x000002ac87df8924 relative=0x0000000000000184
Event: 12.457 Thread 0x000002ac93dd98a0 Uncommon trap: reason=unstable_if action=reinterpret pc=0x000002ac87df8924 method=org.objectweb.asm.ByteVector.putByteArray([BII)Lorg/objectweb/asm/ByteVector; @ 20 c2
Event: 12.457 Thread 0x000002ac93dd98a0 DEOPT PACKING pc=0x000002ac87df8924 sp=0x000000dc0fdf55c0
Event: 12.457 Thread 0x000002ac93dd98a0 DEOPT UNPACKING pc=0x000002ac87587da2 sp=0x000000dc0fdf5590 mode 2
Event: 12.457 Thread 0x000002ac93dd98a0 Uncommon trap: trap_request=0xffffff45 fr.pc=0x000002ac87ddf364 relative=0x0000000000000a64
Event: 12.457 Thread 0x000002ac93dd98a0 Uncommon trap: reason=unstable_if action=reinterpret pc=0x000002ac87ddf364 method=org.objectweb.asm.Label.resolve([BLorg/objectweb/asm/ByteVector;I)Z @ 81 c2
Event: 12.457 Thread 0x000002ac93dd98a0 DEOPT PACKING pc=0x000002ac87ddf364 sp=0x000000dc0fdf55e0
Event: 12.457 Thread 0x000002ac93dd98a0 DEOPT UNPACKING pc=0x000002ac87587da2 sp=0x000000dc0fdf5508 mode 2
Event: 12.457 Thread 0x000002ac93dd98a0 Uncommon trap: trap_request=0xffffff45 fr.pc=0x000002ac87c02ee4 relative=0x0000000000000244
Event: 12.457 Thread 0x000002ac93dd98a0 Uncommon trap: reason=unstable_if action=reinterpret pc=0x000002ac87c02ee4 method=org.objectweb.asm.Label.resolve([BLorg/objectweb/asm/ByteVector;I)Z @ 81 c2
Event: 12.457 Thread 0x000002ac93dd98a0 DEOPT PACKING pc=0x000002ac87c02ee4 sp=0x000000dc0fdf5570
Event: 12.457 Thread 0x000002ac93dd98a0 DEOPT UNPACKING pc=0x000002ac87587da2 sp=0x000000dc0fdf5500 mode 2
Event: 12.792 Thread 0x000002ac93dd98a0 Uncommon trap: trap_request=0xffffff45 fr.pc=0x000002ac87b12b44 relative=0x0000000000000664
Event: 12.792 Thread 0x000002ac93dd98a0 Uncommon trap: reason=unstable_if action=reinterpret pc=0x000002ac87b12b44 method=java.lang.AbstractStringBuilder.append(Ljava/lang/String;)Ljava/lang/AbstractStringBuilder; @ 1 c2
Event: 12.792 Thread 0x000002ac93dd98a0 DEOPT PACKING pc=0x000002ac87b12b44 sp=0x000000dc0fdf5670
Event: 12.792 Thread 0x000002ac93dd98a0 DEOPT UNPACKING pc=0x000002ac87587da2 sp=0x000000dc0fdf55f0 mode 2
Event: 12.904 Thread 0x000002ac93dd98a0 Uncommon trap: trap_request=0xffffff45 fr.pc=0x000002ac87b2cde8 relative=0x0000000000000708
Event: 12.904 Thread 0x000002ac93dd98a0 Uncommon trap: reason=unstable_if action=reinterpret pc=0x000002ac87b2cde8 method=java.lang.AbstractStringBuilder.append(Ljava/lang/String;)Ljava/lang/AbstractStringBuilder; @ 1 c2
Event: 12.904 Thread 0x000002ac93dd98a0 DEOPT PACKING pc=0x000002ac87b2cde8 sp=0x000000dc0fdf5c50
Event: 12.904 Thread 0x000002ac93dd98a0 DEOPT UNPACKING pc=0x000002ac87587da2 sp=0x000000dc0fdf5c38 mode 2

Classes loaded (20 events):
Event: 13.108 Loading class com/sun/jmx/mbeanserver/MBeanIntrospector
Event: 13.109 Loading class com/sun/jmx/mbeanserver/MBeanIntrospector done
Event: 13.109 Loading class com/sun/jmx/mbeanserver/MXBeanIntrospector done
Event: 13.109 Loading class com/sun/jmx/mbeanserver/MBeanIntrospector$PerInterfaceMap
Event: 13.109 Loading class com/sun/jmx/mbeanserver/MBeanIntrospector$PerInterfaceMap done
Event: 13.109 Loading class com/sun/jmx/mbeanserver/MBeanIntrospector$MBeanInfoMap
Event: 13.109 Loading class com/sun/jmx/mbeanserver/MBeanIntrospector$MBeanInfoMap done
Event: 13.109 Loading class com/sun/jmx/mbeanserver/MBeanAnalyzer
Event: 13.109 Loading class com/sun/jmx/mbeanserver/MBeanAnalyzer done
Event: 13.109 Loading class com/sun/jmx/mbeanserver/MBeanAnalyzer$MethodOrder
Event: 13.109 Loading class com/sun/jmx/mbeanserver/MBeanAnalyzer$MethodOrder done
Event: 13.109 Loading class com/sun/jmx/mbeanserver/ConvertingMethod
Event: 13.110 Loading class com/sun/jmx/mbeanserver/ConvertingMethod done
Event: 13.110 Loading class com/sun/jmx/mbeanserver/MXBeanMappingFactory
Event: 13.110 Loading class com/sun/jmx/mbeanserver/MXBeanMappingFactory done
Event: 13.110 Loading class com/sun/jmx/mbeanserver/DefaultMXBeanMappingFactory
Event: 13.110 Loading class com/sun/jmx/mbeanserver/DefaultMXBeanMappingFactory done
Event: 13.110 Loading class com/sun/jmx/mbeanserver/DefaultMXBeanMappingFactory$Mappings
Event: 13.110 Loading class com/sun/jmx/mbeanserver/DefaultMXBeanMappingFactory$Mappings done
Event: 13.110 Loading class javax/management/openmbean/OpenType

Classes unloaded (0 events):
No events

Classes redefined (0 events):
No events

Internal exceptions (20 events):
Event: 11.465 Thread 0x000002ac93dd98a0 Exception <a 'java/lang/NoSuchMethodError'{0x0000000086423c60}: 'void java.lang.invoke.DirectMethodHandle$Holder.invokeVirtual(java.lang.Object, java.lang.Object)'> (0x0000000086423c60) 
thrown [s\src\hotspot\share\interpreter\linkResolver.cpp, line 784]
Event: 11.610 Thread 0x000002ac93dd98a0 Implicit null exception at 0x000002ac87dd1174 to 0x000002ac87dd19e8
Event: 12.457 Thread 0x000002ac93dd98a0 Implicit null exception at 0x000002ac87df87f5 to 0x000002ac87df8908
Event: 12.792 Thread 0x000002ac93dd98a0 Implicit null exception at 0x000002ac87b12520 to 0x000002ac87b12b2c
Event: 12.904 Thread 0x000002ac93dd98a0 Implicit null exception at 0x000002ac87b2c720 to 0x000002ac87b2cdd0
Event: 13.051 Thread 0x000002ac93dd98a0 Exception <a 'java/lang/NoSuchMethodError'{0x0000000086169738}: static Lorg/jetbrains/kotlin/gradle/plugin/internal/DefaultConfigurationTimePropertiesAccessorVariantFactory;.<clinit>()V> (0x0000000086169738) 
thrown [s\src\hotspot\share\prims\jni.cpp, line 1135]
Event: 13.052 Thread 0x000002ac93dd98a0 Exception <a 'java/lang/NoSuchMethodError'{0x0000000086186828}: static Lorg/jetbrains/kotlin/gradle/plugin/internal/DefaultProjectIsolationStartParameterAccessor$Factory;.<clinit>()V> (0x0000000086186828) 
thrown [s\src\hotspot\share\prims\jni.cpp, line 1135]
Event: 13.054 Thread 0x000002ac93dd98a0 Exception <a 'java/lang/NoSuchMethodError'{0x00000000861a4378}: static Lorg/jetbrains/kotlin/gradle/plugin/internal/DefaultSourceSetCompatibilityHelperVariantFactory;.<clinit>()V> (0x00000000861a4378) 
thrown [s\src\hotspot\share\prims\jni.cpp, line 1135]
Event: 13.056 Thread 0x000002ac93dd98a0 Exception <a 'java/lang/NoSuchMethodError'{0x00000000861cc598}: static Lorg/jetbrains/kotlin/gradle/plugin/internal/DefaultArtifactTypeAttributeAccessorVariantFactory;.<clinit>()V> (0x00000000861cc598) 
thrown [s\src\hotspot\share\prims\jni.cpp, line 1135]
Event: 13.058 Thread 0x000002ac93dd98a0 Exception <a 'java/lang/NoSuchMethodError'{0x00000000861f4808}: static Lorg/jetbrains/kotlin/gradle/plugin/internal/DefaultCompatibilityConventionRegistrar$Factory;.<clinit>()V> (0x00000000861f4808) 
thrown [s\src\hotspot\share\prims\jni.cpp, line 1135]
Event: 13.059 Thread 0x000002ac93dd98a0 Exception <a 'java/lang/NoSuchMethodError'{0x0000000086012610}: static Lorg/jetbrains/kotlin/gradle/plugin/internal/DefaultJavaSourceSetsAccessorVariantFactory;.<clinit>()V> (0x0000000086012610) 
thrown [s\src\hotspot\share\prims\jni.cpp, line 1135]
Event: 13.061 Thread 0x000002ac93dd98a0 Exception <a 'java/lang/NoSuchMethodError'{0x000000008602f5a0}: static Lorg/jetbrains/kotlin/gradle/plugin/internal/DefaultIdeaSyncDetectorVariantFactory;.<clinit>()V> (0x000000008602f5a0) 
thrown [s\src\hotspot\share\prims\jni.cpp, line 1135]
Event: 13.062 Thread 0x000002ac93dd98a0 Exception <a 'java/lang/NoSuchMethodError'{0x000000008604df18}: static Lorg/jetbrains/kotlin/gradle/plugin/internal/DefaultKotlinTestReportCompatibilityHelperVariantFactory;.<clinit>()V> (0x000000008604df18) 
thrown [s\src\hotspot\share\prims\jni.cpp, line 1135]
Event: 13.063 Thread 0x000002ac93dd98a0 Exception <a 'java/lang/NoSuchMethodError'{0x000000008606be98}: static Lorg/jetbrains/kotlin/gradle/plugin/internal/DefaultMppTestReportHelperVariantFactory;.<clinit>()V> (0x000000008606be98) 
thrown [s\src\hotspot\share\prims\jni.cpp, line 1135]
Event: 13.066 Thread 0x000002ac93dd98a0 Exception <a 'java/lang/NoSuchMethodError'{0x0000000086089000}: static Lorg/jetbrains/kotlin/gradle/plugin/internal/DefaultConfigurationCacheStartParameterAccessorVariantFactory;.<clinit>()V> (0x0000000086089000) 
thrown [s\src\hotspot\share\prims\jni.cpp, line 1135]
Event: 13.068 Thread 0x000002ac93dd98a0 Exception <a 'java/lang/NoSuchMethodError'{0x00000000860a7388}: static Lorg/jetbrains/kotlin/gradle/plugin/internal/MavenPluginConfigurator$DefaultMavenPluginConfiguratorVariantFactory;.<clinit>()V> (0x00000000860a7388) 
thrown [s\src\hotspot\share\prims\jni.cpp, line 1135]
Event: 13.069 Thread 0x000002ac93dd98a0 Exception <a 'java/lang/NoSuchMethodError'{0x00000000860c4308}: static Lorg/jetbrains/kotlin/gradle/targets/js/nodejs/DefaultUnameExecutorVariantFactory;.<clinit>()V> (0x00000000860c4308) 
thrown [s\src\hotspot\share\prims\jni.cpp, line 1135]
Event: 13.070 Thread 0x000002ac93dd98a0 Exception <a 'java/lang/NoSuchMethodError'{0x00000000860e1d28}: static Lorg/jetbrains/kotlin/gradle/plugin/internal/DefaultBasePluginConfigurationVariantFactory;.<clinit>()V> (0x00000000860e1d28) 
thrown [s\src\hotspot\share\prims\jni.cpp, line 1135]
Event: 13.071 Thread 0x000002ac93dd98a0 Exception <a 'java/lang/NoSuchMethodError'{0x00000000860ffb20}: static Lorg/jetbrains/kotlin/gradle/plugin/internal/DefaultAttributeConfigurationHelperVariantFactory;.<clinit>()V> (0x00000000860ffb20) 
thrown [s\src\hotspot\share\prims\jni.cpp, line 1135]
Event: 13.105 Thread 0x000002ac93dd98a0 Exception <a 'java/lang/IncompatibleClassChangeError'{0x0000000085e8e560}: Found class java.lang.Object, but interface was expected> (0x0000000085e8e560) 
thrown [s\src\hotspot\share\interpreter\linkResolver.cpp, line 851]

ZGC Phase Switch (0 events):
No events

VM Operations (20 events):
Event: 11.180 Executing VM operation: G1CollectForAllocation (G1 Evacuation Pause)
Event: 11.184 Executing VM operation: G1CollectForAllocation (G1 Evacuation Pause) done
Event: 11.456 Executing VM operation: HandshakeAllThreads (Deoptimize)
Event: 11.456 Executing VM operation: HandshakeAllThreads (Deoptimize) done
Event: 11.506 Executing VM operation: HandshakeAllThreads (Deoptimize)
Event: 11.507 Executing VM operation: HandshakeAllThreads (Deoptimize) done
Event: 11.747 Executing VM operation: G1CollectForAllocation (G1 Evacuation Pause)
Event: 11.753 Executing VM operation: G1CollectForAllocation (G1 Evacuation Pause) done
Event: 12.195 Executing VM operation: G1CollectForAllocation (G1 Evacuation Pause)
Event: 12.201 Executing VM operation: G1CollectForAllocation (G1 Evacuation Pause) done
Event: 12.259 Executing VM operation: G1PauseRemark
Event: 12.262 Executing VM operation: G1PauseRemark done
Event: 12.294 Executing VM operation: G1PauseCleanup
Event: 12.295 Executing VM operation: G1PauseCleanup done
Event: 12.548 Executing VM operation: HandshakeAllThreads (Deoptimize)
Event: 12.548 Executing VM operation: HandshakeAllThreads (Deoptimize) done
Event: 12.732 Executing VM operation: G1CollectForAllocation (G1 Evacuation Pause)
Event: 12.735 Executing VM operation: G1CollectForAllocation (G1 Evacuation Pause) done
Event: 13.003 Executing VM operation: HandshakeAllThreads (Deoptimize)
Event: 13.003 Executing VM operation: HandshakeAllThreads (Deoptimize) done

Memory protections (0 events):
No events

Nmethod flushes (20 events):
Event: 12.261 Thread 0x000002acfe680940 flushing  nmethod 0x000002ac80927d10
Event: 12.261 Thread 0x000002acfe680940 flushing  nmethod 0x000002ac8092a090
Event: 12.261 Thread 0x000002acfe680940 flushing  nmethod 0x000002ac87be0410
Event: 12.261 Thread 0x000002acfe680940 flushing  nmethod 0x000002ac87cf0910
Event: 12.261 Thread 0x000002acfe680940 flushing  nmethod 0x000002ac800cfd10
Event: 12.261 Thread 0x000002acfe680940 flushing  nmethod 0x000002ac800d3b90
Event: 12.261 Thread 0x000002acfe680940 flushing  nmethod 0x000002ac8018d090
Event: 12.261 Thread 0x000002acfe680940 flushing  nmethod 0x000002ac802ee990
Event: 12.261 Thread 0x000002acfe680940 flushing  nmethod 0x000002ac802f2510
Event: 12.261 Thread 0x000002acfe680940 flushing  nmethod 0x000002ac80372490
Event: 12.261 Thread 0x000002acfe680940 flushing  nmethod 0x000002ac80373890
Event: 12.261 Thread 0x000002acfe680940 flushing  nmethod 0x000002ac8037b710
Event: 12.261 Thread 0x000002acfe680940 flushing  nmethod 0x000002ac80468790
Event: 12.261 Thread 0x000002acfe680940 flushing  nmethod 0x000002ac80578490
Event: 12.261 Thread 0x000002acfe680940 flushing  nmethod 0x000002ac807f1c90
Event: 12.261 Thread 0x000002acfe680940 flushing  nmethod 0x000002ac8086b690
Event: 12.261 Thread 0x000002acfe680940 flushing  nmethod 0x000002ac8086cf90
Event: 12.261 Thread 0x000002acfe680940 flushing  nmethod 0x000002ac808e1690
Event: 12.261 Thread 0x000002acfe680940 flushing  nmethod 0x000002ac808e1e90
Event: 12.261 Thread 0x000002acfe680940 flushing  nmethod 0x000002ac808e6490

Events (20 events):
Event: 8.431 Thread 0x000002ac93dd98a0 Thread added: 0x000002ac959a43f0
Event: 8.434 Thread 0x000002ac93dd98a0 Thread added: 0x000002ac959a3040
Event: 8.438 Thread 0x000002ac93dd98a0 Thread added: 0x000002ac959a1c90
Event: 8.440 Thread 0x000002ac93dd98a0 Thread added: 0x000002ac959a29b0
Event: 9.217 Thread 0x000002ac93dd98a0 Thread added: 0x000002ac959a6b50
Event: 9.218 Thread 0x000002ac93dd98a0 Thread added: 0x000002ac959a8590
Event: 9.218 Thread 0x000002ac93dd98a0 Thread added: 0x000002ac959a7870
Event: 9.218 Thread 0x000002ac93dd98a0 Thread added: 0x000002ac959a36d0
Event: 9.220 Thread 0x000002ac93dd98a0 Thread added: 0x000002ac959a4a80
Event: 9.221 Thread 0x000002ac93dd98a0 Thread added: 0x000002ac959a5110
Event: 9.225 Thread 0x000002ac93dd98a0 Thread added: 0x000002ac959a5e30
Event: 9.232 Thread 0x000002ac93dd98a0 Thread added: 0x000002ac959a64c0
Event: 9.233 Thread 0x000002ac93dd98a0 Thread added: 0x000002ac95cde4e0
Event: 9.235 Thread 0x000002ac93dd98a0 Thread added: 0x000002ac95cda9d0
Event: 9.237 Thread 0x000002ac93dd98a0 Thread added: 0x000002ac95cd9cb0
Event: 9.238 Thread 0x000002ac93dd98a0 Thread added: 0x000002ac95cdb060
Event: 9.240 Thread 0x000002ac93dd98a0 Thread added: 0x000002ac95cda340
Event: 9.242 Thread 0x000002ac93dd98a0 Thread added: 0x000002ac95cdb6f0
Event: 10.612 Thread 0x000002ac93dd98a0 Thread added: 0x000002ac95cdd7c0
Event: 11.305 Thread 0x000002ac93dd98a0 Thread added: 0x000002ac95cd8270


Dynamic libraries:
0x00007ff625f10000 - 0x00007ff625f1a000 	C:\Program Files\Android\Android Studio\jbr\bin\java.exe
0x00007ff989750000 - 0x00007ff989967000 	C:\Windows\SYSTEM32\ntdll.dll
0x00007ff988710000 - 0x00007ff9887d4000 	C:\Windows\System32\KERNEL32.DLL
0x00007ff986f40000 - 0x00007ff9872e6000 	C:\Windows\System32\KERNELBASE.dll
0x00007ff983a20000 - 0x00007ff983ab7000 	C:\Windows\SYSTEM32\apphelp.dll
0x00007ff986b90000 - 0x00007ff986ca1000 	C:\Windows\System32\ucrtbase.dll
0x00007ff960340000 - 0x00007ff960358000 	C:\Program Files\Android\Android Studio\jbr\bin\jli.dll
0x00007ff988100000 - 0x00007ff9882ae000 	C:\Windows\System32\USER32.dll
0x00007ff986b60000 - 0x00007ff986b86000 	C:\Windows\System32\win32u.dll
0x00007ff956490000 - 0x00007ff9564ab000 	C:\Program Files\Android\Android Studio\jbr\bin\VCRUNTIME140.dll
0x00007ff971c10000 - 0x00007ff971ea3000 	C:\Windows\WinSxS\amd64_microsoft.windows.common-controls_6595b64144ccf1df_6.0.22621.2506_none_270c5ae97388e100\COMCTL32.dll
0x00007ff987520000 - 0x00007ff987549000 	C:\Windows\System32\GDI32.dll
0x00007ff988d50000 - 0x00007ff988df7000 	C:\Windows\System32\msvcrt.dll
0x00007ff986e20000 - 0x00007ff986f38000 	C:\Windows\System32\gdi32full.dll
0x00007ff986ac0000 - 0x00007ff986b5a000 	C:\Windows\System32\msvcp_win.dll
0x00007ff988000000 - 0x00007ff988031000 	C:\Windows\System32\IMM32.DLL
0x00007ff960590000 - 0x00007ff96059c000 	C:\Program Files\Android\Android Studio\jbr\bin\vcruntime140_1.dll
0x00007ff947b20000 - 0x00007ff947bad000 	C:\Program Files\Android\Android Studio\jbr\bin\msvcp140.dll
0x00007ff910f30000 - 0x00007ff911bb3000 	C:\Program Files\Android\Android Studio\jbr\bin\server\jvm.dll
0x00007ff988040000 - 0x00007ff9880f1000 	C:\Windows\System32\ADVAPI32.dll
0x00007ff988f00000 - 0x00007ff988fa5000 	C:\Windows\System32\sechost.dll
0x00007ff987ee0000 - 0x00007ff987ff7000 	C:\Windows\System32\RPCRT4.dll
0x00007ff987e60000 - 0x00007ff987ed1000 	C:\Windows\System32\WS2_32.dll
0x00007ff986990000 - 0x00007ff9869dd000 	C:\Windows\SYSTEM32\POWRPROF.dll
0x00007ff97cf70000 - 0x00007ff97cfa4000 	C:\Windows\SYSTEM32\WINMM.dll
0x00007ff97b780000 - 0x00007ff97b78a000 	C:\Windows\SYSTEM32\VERSION.dll
0x00007ff986970000 - 0x00007ff986983000 	C:\Windows\SYSTEM32\UMPDC.dll
0x00007ff985aa0000 - 0x00007ff985ab8000 	C:\Windows\SYSTEM32\kernel.appcore.dll
0x00007ff960490000 - 0x00007ff96049a000 	C:\Program Files\Android\Android Studio\jbr\bin\jimage.dll
0x00007ff984370000 - 0x00007ff9845a3000 	C:\Windows\SYSTEM32\DBGHELP.DLL
0x00007ff989230000 - 0x00007ff9895b9000 	C:\Windows\System32\combase.dll
0x00007ff9887f0000 - 0x00007ff9888c7000 	C:\Windows\System32\OLEAUT32.dll
0x00007ff972a40000 - 0x00007ff972a72000 	C:\Windows\SYSTEM32\dbgcore.DLL
0x00007ff987420000 - 0x00007ff98749a000 	C:\Windows\System32\bcryptPrimitives.dll
0x00007ff9832f0000 - 0x00007ff9832fe000 	C:\Program Files\Android\Android Studio\jbr\bin\instrument.dll
0x00007ff934fb0000 - 0x00007ff934fd0000 	C:\Program Files\Android\Android Studio\jbr\bin\java.dll
0x00007ff921c70000 - 0x00007ff921c88000 	C:\Program Files\Android\Android Studio\jbr\bin\zip.dll
0x00007ff987550000 - 0x00007ff987daa000 	C:\Windows\System32\SHELL32.dll
0x00007ff9849c0000 - 0x00007ff9852b6000 	C:\Windows\SYSTEM32\windows.storage.dll
0x00007ff984880000 - 0x00007ff9849be000 	C:\Windows\SYSTEM32\wintypes.dll
0x00007ff988340000 - 0x00007ff988433000 	C:\Windows\System32\SHCORE.dll
0x00007ff9882c0000 - 0x00007ff98831e000 	C:\Windows\System32\shlwapi.dll
0x00007ff9869f0000 - 0x00007ff986a16000 	C:\Windows\SYSTEM32\profapi.dll
0x00007ff95f480000 - 0x00007ff95f490000 	C:\Program Files\Android\Android Studio\jbr\bin\net.dll
0x00007ff97f650000 - 0x00007ff97f787000 	C:\Windows\SYSTEM32\WINHTTP.dll
0x00007ff985f40000 - 0x00007ff985fa9000 	C:\Windows\system32\mswsock.dll
0x00007ff920450000 - 0x00007ff920466000 	C:\Program Files\Android\Android Studio\jbr\bin\nio.dll
0x00007ff94c650000 - 0x00007ff94c660000 	C:\Program Files\Android\Android Studio\jbr\bin\verify.dll
0x00007ff97a880000 - 0x00007ff97a8a7000 	C:\Users\asus\.gradle\native\c067742578af261105cb4f569cf0c3c89f3d7b1fecec35dd04571415982c5e48\windows-amd64\native-platform.dll
0x00007ff933e00000 - 0x00007ff933f44000 	C:\Users\asus\.gradle\native\38dada09dfb8b06ba9b0570ebf7e218e3eb74d4ef43ca46872605cf95ebc2f47\windows-amd64\native-platform-file-events.dll
0x00007ff955c00000 - 0x00007ff955c09000 	C:\Program Files\Android\Android Studio\jbr\bin\management.dll
0x00007ff9541a0000 - 0x00007ff9541ab000 	C:\Program Files\Android\Android Studio\jbr\bin\management_ext.dll
0x00007ff9886e0000 - 0x00007ff9886e8000 	C:\Windows\System32\PSAPI.DLL
0x00007ff9861a0000 - 0x00007ff9861bb000 	C:\Windows\SYSTEM32\CRYPTSP.dll
0x00007ff985a00000 - 0x00007ff985a35000 	C:\Windows\system32\rsaenh.dll
0x00007ff986030000 - 0x00007ff98605c000 	C:\Windows\SYSTEM32\USERENV.dll
0x00007ff986380000 - 0x00007ff9863a8000 	C:\Windows\SYSTEM32\bcrypt.dll
0x00007ff986190000 - 0x00007ff98619c000 	C:\Windows\SYSTEM32\CRYPTBASE.dll
0x00007ff985520000 - 0x00007ff98554d000 	C:\Windows\SYSTEM32\IPHLPAPI.DLL
0x00007ff9886d0000 - 0x00007ff9886d9000 	C:\Windows\System32\NSI.dll
0x00007ff955fd0000 - 0x00007ff955fd9000 	C:\Program Files\Android\Android Studio\jbr\bin\extnet.dll
0x00007ff981a60000 - 0x00007ff981a68000 	C:\Windows\system32\wshunix.dll

dbghelp: loaded successfully - version: 4.0.5 - missing functions: none
symbol engine: initialized successfully - sym options: 0x614 - pdb path: .;C:\Program Files\Android\Android Studio\jbr\bin;C:\Windows\SYSTEM32;C:\Windows\WinSxS\amd64_microsoft.windows.common-controls_6595b64144ccf1df_6.0.22621.2506_none_270c5ae97388e100;C:\Program Files\Android\Android Studio\jbr\bin\server;C:\Users\asus\.gradle\native\c067742578af261105cb4f569cf0c3c89f3d7b1fecec35dd04571415982c5e48\windows-amd64;C:\Users\asus\.gradle\native\38dada09dfb8b06ba9b0570ebf7e218e3eb74d4ef43ca46872605cf95ebc2f47\windows-amd64

VM Arguments:
jvm_args: --add-opens=java.base/java.util=ALL-UNNAMED --add-opens=java.base/java.lang=ALL-UNNAMED --add-opens=java.base/java.lang.invoke=ALL-UNNAMED --add-opens=java.prefs/java.util.prefs=ALL-UNNAMED --add-opens=java.base/java.nio.charset=ALL-UNNAMED --add-opens=java.base/java.net=ALL-UNNAMED --add-opens=java.base/java.util.concurrent.atomic=ALL-UNNAMED -Xmx2048m -Dfile.encoding=UTF-8 -Duser.country=IN -Duser.language=en -Duser.variant -javaagent:C:\Users\asus\.gradle\wrapper\dists\gradle-8.7-bin\bhs2wmbdwecv87pi65oeuq5iu\gradle-8.7\lib\agents\gradle-instrumentation-agent-8.7.jar 
java_command: org.gradle.launcher.daemon.bootstrap.GradleDaemon 8.7
java_class_path (initial): C:\Users\asus\.gradle\wrapper\dists\gradle-8.7-bin\bhs2wmbdwecv87pi65oeuq5iu\gradle-8.7\lib\gradle-launcher-8.7.jar
Launcher Type: SUN_STANDARD

[Global flags]
     intx CICompilerCount                          = 4                                         {product} {ergonomic}
     uint ConcGCThreads                            = 2                                         {product} {ergonomic}
     uint G1ConcRefinementThreads                  = 8                                         {product} {ergonomic}
   size_t G1HeapRegionSize                         = 1048576                                   {product} {ergonomic}
    uintx GCDrainStackTargetSize                   = 64                                        {product} {ergonomic}
   size_t InitialHeapSize                          = 130023424                                 {product} {ergonomic}
   size_t MarkStackSize                            = 4194304                                   {product} {ergonomic}
   size_t MaxHeapSize                              = 2147483648                                {product} {command line}
   size_t MaxNewSize                               = 1287651328                                {product} {ergonomic}
   size_t MinHeapDeltaBytes                        = 1048576                                   {product} {ergonomic}
   size_t MinHeapSize                              = 8388608                                   {product} {ergonomic}
    uintx NonNMethodCodeHeapSize                   = 5839372                                {pd product} {ergonomic}
    uintx NonProfiledCodeHeapSize                  = 122909434                              {pd product} {ergonomic}
    uintx ProfiledCodeHeapSize                     = 122909434                              {pd product} {ergonomic}
    uintx ReservedCodeCacheSize                    = 251658240                              {pd product} {ergonomic}
     bool SegmentedCodeCache                       = true                                      {product} {ergonomic}
   size_t SoftMaxHeapSize                          = 2147483648                             {manageable} {ergonomic}
     bool UseCompressedOops                        = true                           {product lp64_product} {ergonomic}
     bool UseG1GC                                  = true                                      {product} {ergonomic}
     bool UseLargePagesIndividualAllocation        = false                                  {pd product} {ergonomic}

Logging:
Log output configuration:
 #0: stdout all=warning uptime,level,tags foldmultilines=false
 #1: stderr all=off uptime,level,tags foldmultilines=false

Environment Variables:
PATH=C:\Windows\system32;C:\Windows;C:\Windows\System32\Wbem;C:\Windows\System32\WindowsPowerShell\v1.0\;C:\Windows\System32\OpenSSH\;C:\Program Files\Git\cmd;C:\Users\asus\AppData\Local\Microsoft\WindowsApps;
USERNAME=asus
OS=Windows_NT
PROCESSOR_IDENTIFIER=Intel64 Family 6 Model 140 Stepping 1, GenuineIntel
TMP=C:\Users\asus\AppData\Local\Temp
TEMP=C:\Users\asus\AppData\Local\Temp




Periodic native trim disabled

JNI global refs:
JNI global refs: 26, weak refs: 1

JNI global refs memory usage: 835, weak refs: 833

Process memory usage:
Resident Set Size: 348292K (4% of 8074028K total physical memory with 256776K free physical memory)

OOME stack traces (most recent first):
Classloader memory used:
Loader org.gradle.internal.classloader.VisitableURLClassLoader                         : 33799K
Loader bootstrap                                                                       : 25850K
Loader org.gradle.initialization.MixInLegacyTypesClassLoader                           : 10066K
Loader org.gradle.internal.classloader.VisitableURLClassLoader$InstrumentingVisitableURLClassLoader: 9972K
Loader jdk.internal.loader.ClassLoaders$PlatformClassLoader                            : 518K
Loader jdk.internal.loader.ClassLoaders$AppClassLoader                                 : 230K
Loader jdk.internal.reflect.DelegatingClassLoader                                      : 191K
Loader org.gradle.internal.classloader.VisitableURLClassLoader                         : 165K

Classes loaded by more than one classloader:
Class Program                                                                         : loaded 4 times (x 70B)
Class com.google.common.base.PairwiseEquivalence                                      : loaded 2 times (x 79B)
Class com.google.common.collect.RegularImmutableMap$KeySet                            : loaded 2 times (x 146B)
Class org.gradle.internal.classloader.FilteringClassLoader                            : loaded 2 times (x 101B)
Class [Lcom.google.common.base.AbstractIterator$State;                                : loaded 2 times (x 65B)
Class com.google.common.base.CharMatcher$IsEither                                     : loaded 2 times (x 107B)
Class org.gradle.internal.classloader.ClassLoaderHierarchy                            : loaded 2 times (x 66B)
Class com.google.common.collect.ImmutableEnumSet                                      : loaded 2 times (x 142B)
Class com.google.common.util.concurrent.ExecutionError                                : loaded 2 times (x 78B)
Class com.google.common.collect.ImmutableList$1                                       : loaded 2 times (x 93B)
Class org.gradle.api.internal.classpath.ManifestUtil                                  : loaded 2 times (x 67B)
Class com.google.common.collect.RegularImmutableMap                                   : loaded 2 times (x 117B)
Class com.google.common.collect.ImmutableMap$MapViewOfValuesAsSingletonSets           : loaded 2 times (x 121B)
Class [Lorg.objectweb.asm.Symbol;                                                     : loaded 2 times (x 65B)
Class org.objectweb.asm.ClassVisitor                                                  : loaded 2 times (x 84B)
Class com.google.common.collect.UnmodifiableListIterator                              : loaded 2 times (x 91B)
Class org.objectweb.asm.MethodTooLargeException                                       : loaded 2 times (x 79B)
Class [Lcom.google.common.cache.CacheBuilder$OneWeigher;                              : loaded 2 times (x 65B)
Class com.google.common.base.Suppliers                                                : loaded 2 times (x 67B)
Class com.google.common.base.Platform$JdkPatternCompiler                              : loaded 2 times (x 71B)
Class org.gradle.internal.classloader.DefaultClassLoaderFactory                       : loaded 2 times (x 78B)
Class com.google.common.base.CharMatcher$None                                         : loaded 2 times (x 108B)
Class org.gradle.internal.classloader.ClassLoaderVisitor                              : loaded 2 times (x 72B)
Class [Lcom.google.common.collect.ImmutableMapEntry;                                  : loaded 2 times (x 65B)
Class org.gradle.api.internal.classpath.EffectiveClassPath                            : loaded 2 times (x 86B)
Class com.google.common.collect.ImmutableEnumMap                                      : loaded 2 times (x 121B)
Class com.google.common.collect.ListMultimap                                          : loaded 2 times (x 66B)
Class com.google.common.collect.Sets$1                                                : loaded 2 times (x 135B)
Class org.objectweb.asm.AnnotationVisitor                                             : loaded 2 times (x 74B)
Class com.google.common.base.Splitter                                                 : loaded 2 times (x 68B)
Class org.gradle.api.internal.DefaultClassPathProvider                                : loaded 2 times (x 72B)
Class com.google.common.collect.Sets$2                                                : loaded 2 times (x 135B)
Class [Lorg.gradle.api.internal.ClassPathProvider;                                    : loaded 2 times (x 65B)
Class org.gradle.api.internal.ClassPathProvider                                       : loaded 2 times (x 66B)
Class [Lorg.objectweb.asm.AnnotationVisitor;                                          : loaded 2 times (x 65B)
Class com.google.common.collect.Sets$3                                                : loaded 2 times (x 135B)
Class com.google.common.util.concurrent.AbstractFuture$SafeAtomicHelper               : loaded 2 times (x 75B)
Class com.google.common.cache.LocalCache$LocalLoadingCache                            : loaded 2 times (x 130B)
Class com.google.common.base.AbstractIterator$State                                   : loaded 2 times (x 75B)
Class org.gradle.internal.service.UnknownServiceException                             : loaded 2 times (x 79B)
Class com.google.common.collect.Sets$4                                                : loaded 2 times (x 135B)
Class org.objectweb.asm.ModuleVisitor                                                 : loaded 2 times (x 77B)
Class com.google.common.cache.LocalCache$Strength$1                                   : loaded 2 times (x 77B)
Class com.google.common.util.concurrent.SettableFuture                                : loaded 2 times (x 110B)
Class com.google.common.cache.LocalCache$Strength$2                                   : loaded 2 times (x 77B)
Class com.google.common.cache.LocalCache$Strength$3                                   : loaded 2 times (x 77B)
Class com.google.common.collect.MapDifference                                         : loaded 2 times (x 66B)
Class com.google.common.base.Splitter$1                                               : loaded 2 times (x 73B)
Class org.objectweb.asm.FieldWriter                                                   : loaded 2 times (x 74B)
Class com.google.common.cache.CacheBuilder$NullListener                               : loaded 2 times (x 78B)
Class org.gradle.internal.classpath.TransformedClassPath                              : loaded 2 times (x 92B)
Class com.google.common.cache.CacheLoader$FunctionToCacheLoader                       : loaded 2 times (x 71B)
Class com.google.common.collect.Iterators$ArrayItr                                    : loaded 2 times (x 93B)
Class com.google.common.collect.ImmutableCollection$Builder                           : loaded 2 times (x 72B)
Class com.google.common.base.Joiner                                                   : loaded 2 times (x 75B)
Class com.google.common.base.MoreObjects                                              : loaded 2 times (x 67B)
Class [Lorg.objectweb.asm.Type;                                                       : loaded 2 times (x 65B)
Class com.google.common.collect.Platform                                              : loaded 2 times (x 67B)
Class com.google.common.collect.UnmodifiableIterator                                  : loaded 2 times (x 76B)
Class org.gradle.internal.service.ServiceLocator                                      : loaded 2 times (x 66B)
Class com.google.common.base.Ascii                                                    : loaded 2 times (x 67B)
Class com.google.common.collect.SingletonImmutableBiMap                               : loaded 2 times (x 139B)
Class com.google.common.cache.LocalCache$1                                            : loaded 2 times (x 85B)
Class com.google.common.collect.AbstractMapEntry                                      : loaded 2 times (x 77B)
Class com.google.common.cache.LocalCache$2                                            : loaded 2 times (x 138B)
Class com.google.common.collect.AbstractMultimap                                      : loaded 2 times (x 119B)
Class com.google.common.util.concurrent.AbstractFuture$UnsafeAtomicHelper$1           : loaded 2 times (x 72B)
Class com.google.common.collect.RegularImmutableAsList                                : loaded 2 times (x 212B)
Class com.google.common.util.concurrent.AbstractFuture$Trusted                        : loaded 2 times (x 66B)
Class com.google.common.collect.Iterators                                             : loaded 2 times (x 67B)
Class com.google.common.base.CharMatcher$RangesMatcher                                : loaded 2 times (x 108B)
Class com.google.common.util.concurrent.UncheckedExecutionException                   : loaded 2 times (x 78B)
Class com.google.common.collect.Lists$StringAsImmutableList                           : loaded 2 times (x 203B)
Class org.gradle.kotlin.dsl.VersionCatalogAccessorsKt                                 : loaded 2 times (x 67B)
Class com.google.common.base.CharMatcher$JavaLetterOrDigit                            : loaded 2 times (x 107B)
Class org.gradle.internal.InternalTransformer                                         : loaded 2 times (x 66B)
Class org.objectweb.asm.ClassWriter                                                   : loaded 2 times (x 102B)
Class com.google.common.cache.CacheLoader$UnsupportedLoadingOperationException        : loaded 2 times (x 78B)
Class com.google.common.base.CharMatcher$And                                          : loaded 2 times (x 108B)
Class org.gradle.internal.classloader.ClasspathUtil$1                                 : loaded 2 times (x 72B)
Class org.objectweb.asm.FieldVisitor                                                  : loaded 2 times (x 73B)
Class com.google.common.collect.IndexedImmutableSet                                   : loaded 2 times (x 146B)
Class com.google.common.collect.ImmutableMap$1                                        : loaded 2 times (x 77B)
Class com.google.common.collect.BiMap                                                 : loaded 2 times (x 66B)
Class org.gradle.api.internal.classpath.DefaultModuleRegistry$DefaultModule           : loaded 2 times (x 82B)
Class com.google.common.primitives.Ints                                               : loaded 2 times (x 67B)
Class com.google.common.collect.AbstractIterator                                      : loaded 2 times (x 78B)
Class com.google.common.math.MathPreconditions                                        : loaded 2 times (x 67B)
Class com.google.common.collect.Multiset                                              : loaded 2 times (x 66B)
Class com.google.common.collect.ArrayListMultimapGwtSerializationDependencies         : loaded 2 times (x 168B)
Class com.google.common.collect.ObjectArrays                                          : loaded 2 times (x 67B)
Class com.google.common.collect.AbstractIndexedListIterator                           : loaded 2 times (x 92B)
Class com.google.common.collect.ImmutableMapEntrySet                                  : loaded 2 times (x 147B)
Class org.gradle.api.internal.classpath.Module                                        : loaded 2 times (x 66B)
Class com.google.common.cache.Weigher                                                 : loaded 2 times (x 66B)
Class org.gradle.api.internal.classpath.UnknownModuleException                        : loaded 2 times (x 78B)
Class org.gradle.cache.GlobalCache                                                    : loaded 2 times (x 66B)
Class com.google.common.base.Stopwatch                                                : loaded 2 times (x 68B)
Class com.google.common.cache.LocalCache$Strength                                     : loaded 2 times (x 77B)
Class com.google.common.cache.Cache                                                   : loaded 2 times (x 66B)
Class com.google.common.util.concurrent.AbstractFuture$Cancellation                   : loaded 2 times (x 68B)
Class com.google.common.collect.ImmutableMap$Builder                                  : loaded 2 times (x 78B)
Class com.google.common.base.NullnessCasts                                            : loaded 2 times (x 67B)
Class com.google.common.cache.RemovalListener                                         : loaded 2 times (x 66B)
Class org.gradle.api.internal.DefaultClassPathRegistry                                : loaded 2 times (x 72B)
Class com.google.common.primitives.IntsMethodsForWeb                                  : loaded 2 times (x 67B)
Class com.google.common.collect.Multimap                                              : loaded 2 times (x 66B)
Class org.gradle.api.internal.ClassPathRegistry                                       : loaded 2 times (x 66B)
Class org.gradle.internal.classpath.DefaultClassPath$ImmutableUniqueList              : loaded 2 times (x 195B)
Class com.google.common.cache.CacheBuilder                                            : loaded 2 times (x 68B)
Class com.google.common.collect.SingletonImmutableList                                : loaded 2 times (x 203B)
Class com.google.common.base.Equivalence$Identity                                     : loaded 2 times (x 78B)
Class Settings_gradle$1                                                               : loaded 2 times (x 70B)
Class org.gradle.internal.classpath.ClassPath                                         : loaded 2 times (x 66B)
Class org.gradle.api.UncheckedIOException                                             : loaded 2 times (x 78B)
Class com.google.common.collect.ImmutableList$ReverseImmutableList                    : loaded 2 times (x 204B)
Class com.google.common.base.JdkPattern                                               : loaded 2 times (x 71B)
Class org.objectweb.asm.SymbolTable$Entry                                             : loaded 2 times (x 70B)
Class com.google.common.util.concurrent.AbstractFuture$AtomicHelper                   : loaded 2 times (x 74B)
Class org.objectweb.asm.Edge                                                          : loaded 2 times (x 68B)
Class com.google.common.base.Suppliers$SupplierOfInstance                             : loaded 2 times (x 75B)
Class com.google.common.collect.Iterators$1                                           : loaded 2 times (x 77B)
Class com.google.common.cache.LocalCache$ComputingValueReference                      : loaded 2 times (x 92B)
Class com.google.common.collect.SingletonImmutableSet                                 : loaded 2 times (x 142B)
Class com.google.common.collect.ImmutableMap$IteratorBasedImmutableMap                : loaded 2 times (x 121B)
Class com.google.common.cache.LocalCache$Segment                                      : loaded 2 times (x 150B)
Class [Lorg.objectweb.asm.SymbolTable$Entry;                                          : loaded 2 times (x 65B)
Class com.google.common.cache.CacheLoader                                             : loaded 2 times (x 70B)
Class com.google.common.collect.Iterators$4                                           : loaded 2 times (x 78B)
Class com.google.common.collect.ImmutableBiMap                                        : loaded 2 times (x 139B)
Class com.google.common.collect.AbstractListMultimap                                  : loaded 2 times (x 168B)
Class org.gradle.internal.installation.GradleInstallation$1                           : loaded 2 times (x 71B)
Class org.gradle.api.internal.classpath.ModuleRegistry                                : loaded 2 times (x 66B)
Class com.google.common.util.concurrent.internal.InternalFutureFailureAccess          : loaded 2 times (x 68B)
Class com.google.common.collect.Iterators$5                                           : loaded 2 times (x 78B)
Class com.google.common.collect.ImmutableSet$JdkBackedSetBuilderImpl                  : loaded 2 times (x 72B)
Class com.google.common.base.Splitter$SplittingIterator                               : loaded 2 times (x 80B)
Class com.google.common.util.concurrent.AbstractFuture$UnsafeAtomicHelper             : loaded 2 times (x 74B)
Class com.google.common.cache.LocalCache$LocalManualCache$1                           : loaded 2 times (x 71B)
Class com.google.common.base.CharMatcher$ForPredicate                                 : loaded 2 times (x 108B)
Class com.google.common.collect.ImmutableCollection                                   : loaded 2 times (x 121B)
Class com.google.common.base.CharMatcher$AnyOf                                        : loaded 2 times (x 108B)
Class org.gradle.api.internal.classpath.DefaultModuleRegistry                         : loaded 2 times (x 82B)
Class com.google.common.util.concurrent.ListenableFuture                              : loaded 2 times (x 66B)
Class com.google.common.cache.ReferenceEntry                                          : loaded 2 times (x 66B)
Class com.google.common.collect.ImmutableSet$CachingAsList                            : loaded 2 times (x 143B)
Class com.google.common.base.Converter                                                : loaded 2 times (x 86B)
Class com.google.common.collect.Lists                                                 : loaded 2 times (x 67B)
Class com.google.common.base.CharMatcher$Any                                          : loaded 2 times (x 108B)
Class com.google.common.util.concurrent.AbstractFuture                                : loaded 2 times (x 102B)
Class com.google.common.base.FunctionalEquivalence                                    : loaded 2 times (x 79B)
Class com.google.common.collect.Iterators$9                                           : loaded 2 times (x 77B)
Class com.google.common.collect.AbstractMapBasedMultimap                              : loaded 2 times (x 135B)
Class com.google.common.collect.ImmutableAsList                                       : loaded 2 times (x 205B)
Class org.objectweb.asm.RecordComponentVisitor                                        : loaded 2 times (x 73B)
Class com.google.common.cache.CacheLoader$SupplierToCacheLoader                       : loaded 2 times (x 71B)
Class com.google.common.collect.Maps$EntryTransformer                                 : loaded 2 times (x 66B)
Class org.gradle.internal.service.ServiceLookupException                              : loaded 2 times (x 78B)
Class [Lcom.google.common.cache.LocalCache$EntryFactory;                              : loaded 2 times (x 65B)
Class com.google.common.base.CharMatcher$JavaLetter                                   : loaded 2 times (x 107B)
Class org.gradle.internal.classloader.ClassLoaderFactory                              : loaded 2 times (x 66B)
Class com.google.common.cache.LocalCache$LocalManualCache                             : loaded 2 times (x 95B)
Class com.google.common.base.CharMatcher$IsNot                                        : loaded 2 times (x 107B)
Class com.google.common.base.CommonPattern                                            : loaded 2 times (x 70B)
Class org.gradle.internal.service.CachingServiceLocator                               : loaded 2 times (x 78B)
Class com.google.common.math.IntMath                                                  : loaded 2 times (x 67B)
Class com.google.common.collect.Iterators$10                                          : loaded 2 times (x 77B)
Class com.google.common.collect.ImmutableMapEntry                                     : loaded 2 times (x 81B)
Class com.google.common.base.CharMatcher$JavaDigit                                    : loaded 2 times (x 107B)
Class com.google.common.base.Equivalence                                              : loaded 2 times (x 78B)
Class com.google.common.collect.ImmutableMapEntry$NonTerminalImmutableMapEntry        : loaded 2 times (x 81B)
Class com.google.common.base.Function                                                 : loaded 2 times (x 66B)
Class com.google.common.cache.CacheBuilder$OneWeigher                                 : loaded 2 times (x 78B)
Class com.google.common.collect.RegularImmutableList                                  : loaded 2 times (x 208B)
Class com.google.common.collect.ImmutableBiMapFauxverideShim                          : loaded 2 times (x 116B)
Class org.gradle.internal.classloader.ClasspathUtil                                   : loaded 2 times (x 67B)
Class com.google.common.base.Charsets                                                 : loaded 2 times (x 67B)
Class com.google.common.util.concurrent.Uninterruptibles                              : loaded 2 times (x 67B)
Class com.google.common.collect.Maps                                                  : loaded 2 times (x 67B)
Class com.google.common.base.CharMatcher$JavaUpperCase                                : loaded 2 times (x 107B)
Class org.gradle.api.specs.Spec                                                       : loaded 2 times (x 66B)
Class [Lcom.google.common.collect.ImmutableEntry;                                     : loaded 2 times (x 65B)
Class com.google.common.cache.LocalCache$LoadingValueReference                        : loaded 2 times (x 92B)
Class com.google.common.base.Platform                                                 : loaded 2 times (x 67B)
Class Build_gradle$1                                                                  : loaded 2 times (x 74B)
Class [Lorg.objectweb.asm.AnnotationWriter;                                           : loaded 2 times (x 65B)
Class com.google.common.primitives.Ints$IntConverter                                  : loaded 2 times (x 86B)
Class com.google.common.collect.Maps$8                                                : loaded 2 times (x 78B)
Class com.google.common.collect.Sets$SetView                                          : loaded 2 times (x 134B)
Class com.google.common.cache.LocalCache$StrongValueReference                         : loaded 2 times (x 86B)
Class com.google.common.util.concurrent.AbstractFuture$SynchronizedHelper             : loaded 2 times (x 74B)
Class com.google.common.base.CharMatcher$Invisible                                    : loaded 2 times (x 108B)
Class org.objectweb.asm.Type                                                          : loaded 2 times (x 68B)
Class org.gradle.internal.classloader.VisitableURLClassLoader$InstrumentingVisitableURLClassLoader: loaded 2 times (x 119B)
Class org.objectweb.asm.ByteVector                                                    : loaded 2 times (x 75B)
Class [Lcom.google.common.cache.CacheBuilder$NullListener;                            : loaded 2 times (x 65B)
Class com.google.common.math.IntMath$1                                                : loaded 2 times (x 67B)
Class org.gradle.internal.classloader.VisitableURLClassLoader$Spec                    : loaded 2 times (x 70B)
Class org.gradle.internal.classpath.DefaultClassPath                                  : loaded 2 times (x 86B)
Class org.objectweb.asm.Symbol                                                        : loaded 2 times (x 69B)
Class com.google.common.base.AbstractIterator                                         : loaded 2 times (x 76B)
Class com.google.common.collect.ImmutableSet                                          : loaded 2 times (x 141B)
Class com.google.common.collect.RegularImmutableMap$Values                            : loaded 2 times (x 203B)
Class com.google.common.base.CharMatcher$Ascii                                        : loaded 2 times (x 108B)
Class com.google.common.base.CharMatcher$BitSetMatcher                                : loaded 2 times (x 108B)
Class org.gradle.internal.classloader.ClassLoaderSpec                                 : loaded 2 times (x 67B)
Class org.objectweb.asm.AnnotationWriter                                              : loaded 2 times (x 75B)
Class com.google.common.cache.CacheStats                                              : loaded 2 times (x 67B)
Class org.objectweb.asm.RecordComponentWriter                                         : loaded 2 times (x 74B)
Class com.google.common.util.concurrent.AbstractFuture$Listener                       : loaded 2 times (x 68B)
Class com.google.common.base.CharMatcher$Or                                           : loaded 2 times (x 108B)
Class Settings_gradle$1$1                                                             : loaded 2 times (x 70B)
Class org.objectweb.asm.Attribute                                                     : loaded 2 times (x 73B)
Class com.google.common.base.Supplier                                                 : loaded 2 times (x 66B)
Class org.gradle.internal.classloader.VisitableURLClassLoader                         : loaded 2 times (x 113B)
Class com.google.common.util.concurrent.AbstractFuture$Waiter                         : loaded 2 times (x 68B)
Class Settings_gradle                                                                 : loaded 2 times (x 124B)
Class org.gradle.internal.Cast                                                        : loaded 2 times (x 67B)
Class org.gradle.api.Action                                                           : loaded 2 times (x 66B)
Class com.google.common.collect.Sets                                                  : loaded 2 times (x 67B)
Class org.objectweb.asm.Handler                                                       : loaded 2 times (x 68B)
Class com.google.common.base.Ticker                                                   : loaded 2 times (x 68B)
Class com.google.common.base.Strings                                                  : loaded 2 times (x 67B)
Class com.google.common.base.CharMatcher$FastMatcher                                  : loaded 2 times (x 107B)
Class org.gradle.internal.agents.InstrumentingClassLoader                             : loaded 2 times (x 66B)
Class [Lcom.google.common.cache.LocalCache$Segment;                                   : loaded 2 times (x 65B)
Class [Lcom.google.common.cache.LocalCache$Strength;                                  : loaded 2 times (x 65B)
Class com.google.common.cache.CacheBuilder$1                                          : loaded 2 times (x 81B)
Class com.google.common.collect.ImmutableMap                                          : loaded 2 times (x 116B)
Class com.google.common.base.Predicate                                                : loaded 2 times (x 66B)
Class org.gradle.internal.classpath.DefaultClassPath$ImmutableUniqueList$Builder      : loaded 2 times (x 71B)
Class com.google.common.cache.LocalCache                                              : loaded 2 times (x 183B)
Class com.google.common.cache.CacheBuilder$2                                          : loaded 2 times (x 68B)
Class com.google.common.base.CharMatcher$NegatedFastMatcher                           : loaded 2 times (x 109B)
Class [Lcom.google.common.collect.AbstractMapEntry;                                   : loaded 2 times (x 65B)
Class com.google.common.collect.ImmutableEntry                                        : loaded 2 times (x 78B)
Class com.google.common.collect.ArrayListMultimap                                     : loaded 2 times (x 168B)
Class com.google.common.base.AbstractIterator$1                                       : loaded 2 times (x 67B)
Class com.google.common.base.CharMatcher$Digit                                        : loaded 2 times (x 108B)
Class org.gradle.api.GradleException                                                  : loaded 2 times (x 78B)
Class com.google.common.collect.CollectPreconditions                                  : loaded 2 times (x 67B)
Class com.google.common.base.CharMatcher$JavaIsoControl                               : loaded 2 times (x 108B)
Class com.google.common.collect.SortedMapDifference                                   : loaded 2 times (x 66B)
Class com.google.common.base.CharMatcher$JavaLowerCase                                : loaded 2 times (x 107B)
Class com.google.common.cache.LocalCache$EntryFactory                                 : loaded 2 times (x 79B)
Class com.google.common.cache.LocalCache$AbstractReferenceEntry                       : loaded 2 times (x 103B)
Class com.google.common.base.Splitter$1$1                                             : loaded 2 times (x 82B)
Class com.google.common.base.CharMatcher$Whitespace                                   : loaded 2 times (x 108B)
Class org.gradle.internal.IoActions                                                   : loaded 2 times (x 67B)
Class org.objectweb.asm.SymbolTable                                                   : loaded 2 times (x 68B)
Class com.google.common.cache.CacheLoader$InvalidCacheLoadException                   : loaded 2 times (x 78B)
Class com.google.common.collect.ImmutableSet$RegularSetBuilderImpl                    : loaded 2 times (x 73B)
Class com.google.common.base.CharMatcher$SingleWidth                                  : loaded 2 times (x 108B)
Class org.gradle.internal.classloader.SystemClassLoaderSpec                           : loaded 2 times (x 67B)
Class com.google.common.cache.LocalCache$StrongEntry                                  : loaded 2 times (x 104B)
Class com.google.common.util.concurrent.AbstractFuture$TrustedFuture                  : loaded 2 times (x 110B)
Class com.google.common.cache.LoadingCache                                            : loaded 2 times (x 66B)
Class org.objectweb.asm.MethodWriter                                                  : loaded 2 times (x 102B)
Class [Lcom.google.common.cache.Weigher;                                              : loaded 2 times (x 65B)
Class com.google.common.collect.RegularImmutableMap$BucketOverflowException           : loaded 2 times (x 78B)
Class com.google.common.collect.RegularImmutableBiMap                                 : loaded 2 times (x 144B)
Class com.google.common.cache.LocalCache$ValueReference                               : loaded 2 times (x 66B)
Class com.google.common.base.CharMatcher$Is                                           : loaded 2 times (x 107B)
Class com.google.common.base.CharMatcher$Negated                                      : loaded 2 times (x 109B)
Class com.google.common.util.concurrent.AbstractFuture$Failure                        : loaded 2 times (x 68B)
Class com.google.common.base.Equivalence$Equals                                       : loaded 2 times (x 78B)
Class com.google.common.collect.Hashing                                               : loaded 2 times (x 67B)
Class com.google.common.base.PatternCompiler                                          : loaded 2 times (x 66B)
Class com.google.common.base.Preconditions                                            : loaded 2 times (x 67B)
Class com.google.common.base.Joiner$1                                                 : loaded 2 times (x 76B)
Class org.objectweb.asm.Label                                                         : loaded 2 times (x 69B)
Class org.objectweb.asm.CurrentFrame                                                  : loaded 2 times (x 69B)
Class org.objectweb.asm.ClassTooLargeException                                        : loaded 2 times (x 79B)
Class com.google.common.collect.PeekingIterator                                       : loaded 2 times (x 66B)
Class com.google.common.base.CharMatcher                                              : loaded 2 times (x 107B)
Class com.google.common.base.Joiner$2                                                 : loaded 2 times (x 75B)
Class org.objectweb.asm.Frame                                                         : loaded 2 times (x 69B)
Class org.objectweb.asm.MethodVisitor                                                 : loaded 2 times (x 101B)
Class com.google.common.cache.LocalCache$EntryFactory$1                               : loaded 2 times (x 79B)
Class [Lcom.google.common.cache.RemovalListener;                                      : loaded 2 times (x 65B)
Class com.google.common.base.CharMatcher$1                                            : loaded 2 times (x 109B)
Class com.google.common.base.CharMatcher$NamedFastMatcher                             : loaded 2 times (x 108B)
Class com.google.common.cache.LocalCache$EntryFactory$2                               : loaded 2 times (x 79B)
Class org.objectweb.asm.ModuleWriter                                                  : loaded 2 times (x 78B)
Class com.google.common.cache.LocalCache$EntryFactory$3                               : loaded 2 times (x 79B)
Class com.google.common.base.Ticker$1                                                 : loaded 2 times (x 68B)
Class com.google.common.collect.ImmutableMapEntrySet$RegularEntrySet                  : loaded 2 times (x 147B)
Class com.google.common.collect.Maps$BiMapConverter                                   : loaded 2 times (x 86B)
Class com.google.common.cache.LocalCache$EntryFactory$4                               : loaded 2 times (x 79B)
Class com.google.common.collect.ImmutableSet$Builder                                  : loaded 2 times (x 81B)
Class com.google.common.base.CharMatcher$InRange                                      : loaded 2 times (x 107B)
Class com.google.common.cache.LocalCache$EntryFactory$5                               : loaded 2 times (x 79B)
Class com.google.common.cache.LocalCache$EntryFactory$6                               : loaded 2 times (x 79B)
Class Build_gradle                                                                    : loaded 2 times (x 68B)
Class org.gradle.internal.installation.CurrentGradleInstallationLocator               : loaded 2 times (x 67B)
Class com.google.common.cache.LocalCache$EntryFactory$7                               : loaded 2 times (x 79B)
Class com.google.common.collect.ImmutableSet$EmptySetBuilderImpl                      : loaded 2 times (x 72B)
Class com.google.common.collect.ImmutableList                                         : loaded 2 times (x 202B)
Class org.gradle.internal.service.DefaultServiceLocator                               : loaded 2 times (x 79B)
Class com.google.common.cache.LocalCache$EntryFactory$8                               : loaded 2 times (x 79B)
Class com.google.common.collect.ImmutableSet$SetBuilderImpl                           : loaded 2 times (x 72B)
Class org.gradle.internal.installation.CurrentGradleInstallation                      : loaded 2 times (x 69B)
Class com.google.common.cache.CacheLoader$1                                           : loaded 2 times (x 71B)
Class com.google.common.collect.ImmutableList$SubList                                 : loaded 2 times (x 204B)
Class org.gradle.util.internal.GUtil                                                  : loaded 2 times (x 67B)
Class com.google.common.util.concurrent.AbstractFuture$SetFuture                      : loaded 2 times (x 71B)
Class com.google.common.cache.AbstractCache$StatsCounter                              : loaded 2 times (x 66B)
Class com.google.common.collect.Iterators$MergingIterator                             : loaded 2 times (x 77B)
Class com.google.common.collect.RegularImmutableSet                                   : loaded 2 times (x 144B)
Class org.gradle.internal.installation.GradleInstallation                             : loaded 2 times (x 71B)
Class com.google.common.collect.Iterables                                             : loaded 2 times (x 67B)
Class com.google.common.base.Splitter$Strategy                                        : loaded 2 times (x 66B)

---------------  S Y S T E M  ---------------

OS:
 Windows 11 , 64 bit Build 22621 (10.0.22621.2506)
OS uptime: 1 days 20:51 hours

CPU: total 8 (initial active 8) (4 cores per cpu, 2 threads per core) family 6 model 140 stepping 1 microcode 0x86, cx8, cmov, fxsr, ht, mmx, 3dnowpref, sse, sse2, sse3, ssse3, sse4.1, sse4.2, popcnt, lzcnt, tsc, tscinvbit, avx, avx2, aes, erms, clmul, bmi1, bmi2, adx, avx512f, avx512dq, avx512cd, avx512bw, avx512vl, sha, fma, vzeroupper, avx512_vpopcntdq, avx512_vpclmulqdq, avx512_vaes, avx512_vnni, clflush, clflushopt, clwb, avx512_vbmi2, avx512_vbmi, rdtscp, rdpid, fsrm, gfni, avx512_bitalg, f16c, pku, cet_ibt, cet_ss, avx512_ifma
Processor Information for all 8 processors :
  Max Mhz: 2419, Current Mhz: 2419, Mhz Limit: 2419

Memory: 4k page, system-wide physical 7884M (250M free)
TotalPageFile size 20509M (AvailPageFile size 7M)
current process WorkingSet (physical memory assigned to process): 340M, peak: 340M
current process commit charge ("private bytes"): 373M, peak: 374M

vm_info: OpenJDK 64-Bit Server VM (21.0.4+-12508038-b607.1) for windows-amd64 JRE (21.0.4+-12508038-b607.1), built on 2024-10-16T17:23:34Z by "builder" with MS VC++ 16.10 / 16.11 (VS2019)

END.
