#
# There is insufficient memory for the Java Runtime Environment to continue.
# Native memory allocation (mmap) failed to map 11534336 bytes. Error detail: G1 virtual space
# Possible reasons:
#   The system is out of physical RAM or swap space
#   This process is running with CompressedOops enabled, and the Java Heap may be blocking the growth of the native heap
# Possible solutions:
#   Reduce memory load on the system
#   Increase physical memory or swap space
#   Check if swap backing store is full
#   Decrease Java heap size (-Xmx/-Xms)
#   Decrease number of Java threads
#   Decrease Java thread stack sizes (-Xss)
#   Set larger code cache with -XX:ReservedCodeCacheSize=
#   JVM is running with Unscaled Compressed Oops mode in which the Java heap is
#     placed in the first 4GB address space. The Java Heap base address is the
#     maximum limit for the native heap growth. Please use -XX:HeapBaseMinAddress
#     to set the Java Heap base and to place the Java Heap above 4GB virtual address.
# This output file may be truncated or incomplete.
#
#  Out of Memory Error (os_windows.cpp:3828), pid=19764, tid=20228
#
# JRE version: OpenJDK Runtime Environment (21.0.4) (build 21.0.4+-12508038-b607.1)
# Java VM: OpenJDK 64-Bit Server VM (21.0.4+-12508038-b607.1, mixed mode, tiered, compressed oops, compressed class ptrs, g1 gc, windows-amd64)
# No core dump will be written. Minidumps are not enabled by default on client versions of Windows
#

---------------  S U M M A R Y ------------

Command Line: --add-opens=java.base/java.util=ALL-UNNAMED --add-opens=java.base/java.lang=ALL-UNNAMED --add-opens=java.base/java.lang.invoke=ALL-UNNAMED --add-opens=java.prefs/java.util.prefs=ALL-UNNAMED --add-opens=java.base/java.nio.charset=ALL-UNNAMED --add-opens=java.base/java.net=ALL-UNNAMED --add-opens=java.base/java.util.concurrent.atomic=ALL-UNNAMED -Xmx2048m -Dfile.encoding=UTF-8 -Duser.country=IN -Duser.language=en -Duser.variant -javaagent:C:\Users\asus\.gradle\wrapper\dists\gradle-8.7-bin\bhs2wmbdwecv87pi65oeuq5iu\gradle-8.7\lib\agents\gradle-instrumentation-agent-8.7.jar org.gradle.launcher.daemon.bootstrap.GradleDaemon 8.7

Host: 11th Gen Intel(R) Core(TM) i5-1135G7 @ 2.40GHz, 8 cores, 7G,  Windows 11 , 64 bit Build 22621 (10.0.22621.2506)
Time: Thu Feb 13 00:22:12 2025 India Standard Time elapsed time: 19.910540 seconds (0d 0h 0m 19s)

---------------  T H R E A D  ---------------

Current thread (0x000001811303f600):  VMThread "VM Thread"          [id=20228, stack(0x0000002856e00000,0x0000002856f00000) (1024K)]

Stack: [0x0000002856e00000,0x0000002856f00000]
Native frames: (J=compiled Java code, j=interpreted, Vv=VM code, C=native code)
V  [jvm.dll+0x6ce539]
V  [jvm.dll+0x85bf03]
V  [jvm.dll+0x85e45e]
V  [jvm.dll+0x85eb43]
V  [jvm.dll+0x27dd06]
V  [jvm.dll+0x6cada5]
V  [jvm.dll+0x6bf27a]
V  [jvm.dll+0x3541fb]
V  [jvm.dll+0x35be36]
V  [jvm.dll+0x3adbc6]
V  [jvm.dll+0x3ade98]
V  [jvm.dll+0x32691c]
V  [jvm.dll+0x329326]
V  [jvm.dll+0x33325d]
V  [jvm.dll+0x36a865]
V  [jvm.dll+0x8648c8]
V  [jvm.dll+0x865c44]
V  [jvm.dll+0x866180]
V  [jvm.dll+0x866413]
V  [jvm.dll+0x804418]
V  [jvm.dll+0x6cce0d]
C  [ucrtbase.dll+0x29363]
C  [KERNEL32.DLL+0x1257d]
C  [ntdll.dll+0x5aa58]

VM_Operation (0x00000028569ff920): G1PauseRemark, mode: safepoint, requested by thread 0x00000181733edac0


---------------  P R O C E S S  ---------------

Threads class SMR info:
_java_thread_list=0x0000018115abb2f0, length=63, elements={
0x000001817113b090, 0x00000181130a5430, 0x00000181130a8350, 0x0000018113094440,
0x00000181130b0fd0, 0x0000018113089750, 0x0000018113089dc0, 0x0000018113092b60,
0x0000018113093730, 0x0000018113177fa0, 0x00000181133bd330, 0x0000018114d14890,
0x0000018114c6dd60, 0x0000018114c60880, 0x0000018114fc60f0, 0x0000018114fc6760,
0x0000018114f3f7a0, 0x0000018114f657c0, 0x0000018114f3b3d0, 0x0000018114f3ba60,
0x0000018114f3e1c0, 0x0000018114f3c0f0, 0x0000018114f3db30, 0x0000018114f3e850,
0x0000018114f3d4a0, 0x0000018116761b40, 0x0000018116760e20, 0x000001811675f3e0,
0x0000018116763c10, 0x0000018116760790, 0x0000018116760100, 0x0000018116764fc0,
0x0000018116763580, 0x000001811675fa70, 0x000001811728ad30, 0x000001811728c0e0,
0x000001811728ba50, 0x0000018117286b90, 0x000001811728ce00, 0x000001811728b3c0,
0x0000018117286500, 0x000001811728c770, 0x000001811728a6a0, 0x0000018117287220,
0x00000181172892f0, 0x0000018117287f40, 0x0000018117285e70, 0x000001811728a010,
0x000001811728d490, 0x000001811369daf0, 0x00000181136992c0, 0x000001811369a670,
0x0000018113698c30, 0x0000018113699950, 0x000001811369e810, 0x000001811369ad00,
0x000001811369c740, 0x000001811369c0b0, 0x000001811369cdd0, 0x000001811369d460,
0x00000181136a0250, 0x0000018113699fe0, 0x000001811369f530
}

Java Threads: ( => current thread )
  0x000001817113b090 JavaThread "main"                              [_thread_blocked, id=2924, stack(0x0000002856700000,0x0000002856800000) (1024K)]
  0x00000181130a5430 JavaThread "Reference Handler"          daemon [_thread_blocked, id=21096, stack(0x0000002856f00000,0x0000002857000000) (1024K)]
  0x00000181130a8350 JavaThread "Finalizer"                  daemon [_thread_blocked, id=8016, stack(0x0000002857000000,0x0000002857100000) (1024K)]
  0x0000018113094440 JavaThread "Signal Dispatcher"          daemon [_thread_blocked, id=19508, stack(0x0000002857100000,0x0000002857200000) (1024K)]
  0x00000181130b0fd0 JavaThread "Attach Listener"            daemon [_thread_blocked, id=21308, stack(0x0000002857200000,0x0000002857300000) (1024K)]
  0x0000018113089750 JavaThread "Service Thread"             daemon [_thread_blocked, id=14460, stack(0x0000002857300000,0x0000002857400000) (1024K)]
  0x0000018113089dc0 JavaThread "Monitor Deflation Thread"   daemon [_thread_blocked, id=21868, stack(0x0000002857400000,0x0000002857500000) (1024K)]
  0x0000018113092b60 JavaThread "C2 CompilerThread0"         daemon [_thread_blocked, id=13812, stack(0x0000002857500000,0x0000002857600000) (1024K)]
  0x0000018113093730 JavaThread "C1 CompilerThread0"         daemon [_thread_blocked, id=14808, stack(0x0000002857600000,0x0000002857700000) (1024K)]
  0x0000018113177fa0 JavaThread "Common-Cleaner"             daemon [_thread_blocked, id=21100, stack(0x0000002857700000,0x0000002857800000) (1024K)]
  0x00000181133bd330 JavaThread "Notification Thread"        daemon [_thread_blocked, id=14020, stack(0x0000002857800000,0x0000002857900000) (1024K)]
  0x0000018114d14890 JavaThread "Daemon health stats"               [_thread_blocked, id=22012, stack(0x0000002857d00000,0x0000002857e00000) (1024K)]
  0x0000018114c6dd60 JavaThread "Incoming local TCP Connector on port 58894"        [_thread_in_native, id=9648, stack(0x0000002857e00000,0x0000002857f00000) (1024K)]
  0x0000018114c60880 JavaThread "Daemon periodic checks"            [_thread_blocked, id=5972, stack(0x0000002857f00000,0x0000002858000000) (1024K)]
  0x0000018114fc60f0 JavaThread "Daemon"                            [_thread_blocked, id=10752, stack(0x0000002858000000,0x0000002858100000) (1024K)]
  0x0000018114fc6760 JavaThread "Handler for socket connection from /127.0.0.1:58894 to /127.0.0.1:58895"        [_thread_in_native, id=21276, stack(0x0000002858100000,0x0000002858200000) (1024K)]
  0x0000018114f3f7a0 JavaThread "Cancel handler"                    [_thread_blocked, id=18452, stack(0x0000002858200000,0x0000002858300000) (1024K)]
  0x0000018114f657c0 JavaThread "Daemon worker"                     [_thread_blocked, id=18612, stack(0x0000002858300000,0x0000002858400000) (1024K)]
  0x0000018114f3b3d0 JavaThread "Asynchronous log dispatcher for DefaultDaemonConnection: socket connection from /127.0.0.1:58894 to /127.0.0.1:58895"        [_thread_blocked, id=3568, stack(0x0000002858400000,0x0000002858500000) (1024K)]
  0x0000018114f3ba60 JavaThread "Stdin handler"                     [_thread_blocked, id=20148, stack(0x0000002858500000,0x0000002858600000) (1024K)]
  0x0000018114f3e1c0 JavaThread "Daemon client event forwarder"        [_thread_blocked, id=18964, stack(0x0000002858600000,0x0000002858700000) (1024K)]
  0x0000018114f3c0f0 JavaThread "Cache worker for journal cache (C:\Users\asus\.gradle\caches\journal-1)"        [_thread_blocked, id=12396, stack(0x0000002858b00000,0x0000002858c00000) (1024K)]
  0x0000018114f3db30 JavaThread "File lock request listener"        [_thread_in_native, id=20460, stack(0x0000002858c00000,0x0000002858d00000) (1024K)]
  0x0000018114f3e850 JavaThread "Cache worker for file hash cache (C:\Users\asus\.gradle\caches\8.7\fileHashes)"        [_thread_blocked, id=19760, stack(0x0000002858d00000,0x0000002858e00000) (1024K)]
  0x0000018114f3d4a0 JavaThread "Cache worker for file hash cache (E:\Users\mkjl4\AndroidStudioProjects\HaveneraOwner\.gradle\8.7\fileHashes)"        [_thread_blocked, id=6724, stack(0x0000002858e00000,0x0000002858f00000) (1024K)]
  0x0000018116761b40 JavaThread "File watcher server"        daemon [_thread_blocked, id=16164, stack(0x0000002858f00000,0x0000002859000000) (1024K)]
  0x0000018116760e20 JavaThread "File watcher consumer"      daemon [_thread_blocked, id=11356, stack(0x0000002859000000,0x0000002859100000) (1024K)]
  0x000001811675f3e0 JavaThread "Cache worker for checksums cache (E:\Users\mkjl4\AndroidStudioProjects\HaveneraOwner\.gradle\8.7\checksums)"        [_thread_blocked, id=20628, stack(0x0000002859100000,0x0000002859200000) (1024K)]
  0x0000018116763c10 JavaThread "Cache worker for cache directory md-supplier (C:\Users\asus\.gradle\caches\8.7\md-supplier)"        [_thread_blocked, id=16320, stack(0x0000002859200000,0x0000002859300000) (1024K)]
  0x0000018116760790 JavaThread "Cache worker for cache directory md-rule (C:\Users\asus\.gradle\caches\8.7\md-rule)"        [_thread_blocked, id=15128, stack(0x0000002859300000,0x0000002859400000) (1024K)]
  0x0000018116760100 JavaThread "Cache worker for file content cache (C:\Users\asus\.gradle\caches\8.7\fileContent)"        [_thread_blocked, id=9452, stack(0x0000002859400000,0x0000002859500000) (1024K)]
  0x0000018116764fc0 JavaThread "Cache worker for Build Output Cleanup Cache (E:\Users\mkjl4\AndroidStudioProjects\HaveneraOwner\.gradle\buildOutputCleanup)"        [_thread_blocked, id=13104, stack(0x0000002859500000,0x0000002859600000) (1024K)]
  0x0000018116763580 JavaThread "Unconstrained build operations"        [_thread_blocked, id=6912, stack(0x0000002859600000,0x0000002859700000) (1024K)]
  0x000001811675fa70 JavaThread "Unconstrained build operations Thread 2"        [_thread_blocked, id=20684, stack(0x0000002859700000,0x0000002859800000) (1024K)]
  0x000001811728ad30 JavaThread "Unconstrained build operations Thread 3"        [_thread_blocked, id=18656, stack(0x0000002859800000,0x0000002859900000) (1024K)]
  0x000001811728c0e0 JavaThread "Unconstrained build operations Thread 4"        [_thread_blocked, id=18640, stack(0x0000002859900000,0x0000002859a00000) (1024K)]
  0x000001811728ba50 JavaThread "Unconstrained build operations Thread 5"        [_thread_blocked, id=15800, stack(0x0000002859a00000,0x0000002859b00000) (1024K)]
  0x0000018117286b90 JavaThread "Unconstrained build operations Thread 6"        [_thread_blocked, id=21000, stack(0x0000002859b00000,0x0000002859c00000) (1024K)]
  0x000001811728ce00 JavaThread "Unconstrained build operations Thread 7"        [_thread_blocked, id=8156, stack(0x0000002859c00000,0x0000002859d00000) (1024K)]
  0x000001811728b3c0 JavaThread "Unconstrained build operations Thread 8"        [_thread_blocked, id=18896, stack(0x0000002859d00000,0x0000002859e00000) (1024K)]
  0x0000018117286500 JavaThread "Unconstrained build operations Thread 9"        [_thread_blocked, id=20780, stack(0x0000002859e00000,0x0000002859f00000) (1024K)]
  0x000001811728c770 JavaThread "Unconstrained build operations Thread 10"        [_thread_blocked, id=18544, stack(0x0000002859f00000,0x000000285a000000) (1024K)]
  0x000001811728a6a0 JavaThread "Unconstrained build operations Thread 11"        [_thread_blocked, id=21724, stack(0x000000285a000000,0x000000285a100000) (1024K)]
  0x0000018117287220 JavaThread "Unconstrained build operations Thread 12"        [_thread_blocked, id=6888, stack(0x000000285a100000,0x000000285a200000) (1024K)]
  0x00000181172892f0 JavaThread "Unconstrained build operations Thread 13"        [_thread_blocked, id=8872, stack(0x000000285a200000,0x000000285a300000) (1024K)]
  0x0000018117287f40 JavaThread "Unconstrained build operations Thread 14"        [_thread_blocked, id=17716, stack(0x000000285a300000,0x000000285a400000) (1024K)]
  0x0000018117285e70 JavaThread "Unconstrained build operations Thread 15"        [_thread_blocked, id=14900, stack(0x000000285a400000,0x000000285a500000) (1024K)]
  0x000001811728a010 JavaThread "Unconstrained build operations Thread 16"        [_thread_blocked, id=9000, stack(0x000000285a500000,0x000000285a600000) (1024K)]
  0x000001811728d490 JavaThread "Unconstrained build operations Thread 17"        [_thread_blocked, id=12684, stack(0x000000285a600000,0x000000285a700000) (1024K)]
  0x000001811369daf0 JavaThread "Unconstrained build operations Thread 18"        [_thread_blocked, id=18152, stack(0x000000285a700000,0x000000285a800000) (1024K)]
  0x00000181136992c0 JavaThread "Unconstrained build operations Thread 19"        [_thread_blocked, id=10232, stack(0x000000285a800000,0x000000285a900000) (1024K)]
  0x000001811369a670 JavaThread "Unconstrained build operations Thread 20"        [_thread_blocked, id=12664, stack(0x000000285a900000,0x000000285aa00000) (1024K)]
  0x0000018113698c30 JavaThread "Unconstrained build operations Thread 21"        [_thread_blocked, id=11064, stack(0x000000285aa00000,0x000000285ab00000) (1024K)]
  0x0000018113699950 JavaThread "Unconstrained build operations Thread 22"        [_thread_blocked, id=14196, stack(0x000000285ab00000,0x000000285ac00000) (1024K)]
  0x000001811369e810 JavaThread "Unconstrained build operations Thread 23"        [_thread_blocked, id=18356, stack(0x000000285ac00000,0x000000285ad00000) (1024K)]
  0x000001811369ad00 JavaThread "Unconstrained build operations Thread 24"        [_thread_blocked, id=22048, stack(0x000000285ad00000,0x000000285ae00000) (1024K)]
  0x000001811369c740 JavaThread "Unconstrained build operations Thread 25"        [_thread_blocked, id=6908, stack(0x000000285ae00000,0x000000285af00000) (1024K)]
  0x000001811369c0b0 JavaThread "Unconstrained build operations Thread 26"        [_thread_blocked, id=20276, stack(0x000000285af00000,0x000000285b000000) (1024K)]
  0x000001811369cdd0 JavaThread "Unconstrained build operations Thread 27"        [_thread_blocked, id=12608, stack(0x000000285b000000,0x000000285b100000) (1024K)]
  0x000001811369d460 JavaThread "Unconstrained build operations Thread 28"        [_thread_blocked, id=19564, stack(0x000000285b100000,0x000000285b200000) (1024K)]
  0x00000181136a0250 JavaThread "build event listener"              [_thread_blocked, id=4796, stack(0x000000285b200000,0x000000285b300000) (1024K)]
  0x0000018113699fe0 JavaThread "Memory manager"                    [_thread_blocked, id=16576, stack(0x000000285b300000,0x000000285b400000) (1024K)]
  0x000001811369f530 JavaThread "build event listener"              [_thread_blocked, id=3444, stack(0x000000285b400000,0x000000285b500000) (1024K)]
Total: 63

Other Threads:
=>0x000001811303f600 VMThread "VM Thread"                           [id=20228, stack(0x0000002856e00000,0x0000002856f00000) (1024K)]
  0x000001817b6f4550 WatcherThread "VM Periodic Task Thread"        [id=20128, stack(0x0000002856d00000,0x0000002856e00000) (1024K)]
  0x00000181711fdf90 WorkerThread "GC Thread#0"                     [id=13048, stack(0x0000002856800000,0x0000002856900000) (1024K)]
  0x0000018113dd6de0 WorkerThread "GC Thread#1"                     [id=11304, stack(0x0000002857900000,0x0000002857a00000) (1024K)]
  0x0000018113f76bf0 WorkerThread "GC Thread#2"                     [id=16540, stack(0x0000002857a00000,0x0000002857b00000) (1024K)]
  0x0000018113f76f90 WorkerThread "GC Thread#3"                     [id=17912, stack(0x0000002857b00000,0x0000002857c00000) (1024K)]
  0x0000018113f77330 WorkerThread "GC Thread#4"                     [id=11580, stack(0x0000002857c00000,0x0000002857d00000) (1024K)]
  0x0000018114e049f0 WorkerThread "GC Thread#5"                     [id=4048, stack(0x0000002858700000,0x0000002858800000) (1024K)]
  0x0000018114ff96c0 WorkerThread "GC Thread#6"                     [id=3100, stack(0x0000002858800000,0x0000002858900000) (1024K)]
  0x0000018114cd7fd0 WorkerThread "GC Thread#7"                     [id=10656, stack(0x0000002858900000,0x0000002858a00000) (1024K)]
  0x00000181733edac0 ConcurrentGCThread "G1 Main Marker"            [id=19500, stack(0x0000002856900000,0x0000002856a00000) (1024K)]
  0x00000181733ee3d0 WorkerThread "G1 Conc#0"                       [id=2172, stack(0x0000002856a00000,0x0000002856b00000) (1024K)]
  0x0000018114fe9ff0 WorkerThread "G1 Conc#1"                       [id=6468, stack(0x0000002858a00000,0x0000002858b00000) (1024K)]
  0x000001817b5ca760 ConcurrentGCThread "G1 Refine#0"               [id=19248, stack(0x0000002856b00000,0x0000002856c00000) (1024K)]
  0x000001817b5caf80 ConcurrentGCThread "G1 Service"                [id=20948, stack(0x0000002856c00000,0x0000002856d00000) (1024K)]
Total: 15

Threads with active compile tasks:
C2 CompilerThread0    19956 10878       4       java.util.TreeMap$EntrySet::iterator (19 bytes)
Total: 1

VM state: at safepoint (normal execution)

VM Mutex/Monitor currently owned by a thread:  ([mutex/lock_event])
[0x00007ff911ad72f8] Threads_lock - owner thread: 0x000001811303f600
[0x00007ff911ad73f8] Heap_lock - owner thread: 0x00000181733edac0

Heap address: 0x0000000080000000, size: 2048 MB, Compressed Oops mode: 32-bit

CDS archive(s) not mapped
Compressed class space mapped at: 0x0000000100000000-0x0000000140000000, reserved size: 1073741824
Narrow klass base: 0x0000000000000000, Narrow klass shift: 3, Narrow klass range: 0x140000000

GC Precious Log:
 CardTable entry size: 512
 Card Set container configuration: InlinePtr #cards 5 size 8 Array Of Cards #cards 12 size 40 Howl #buckets 4 coarsen threshold 1843 Howl Bitmap #cards 512 size 80 coarsen threshold 460 Card regions per heap region 1 cards per card region 2048
 CPUs: 8 total, 8 available
 Memory: 7884M
 Large Page Support: Disabled
 NUMA Support: Disabled
 Compressed Oops: Enabled (32-bit)
 Heap Region Size: 1M
 Heap Min Capacity: 8M
 Heap Initial Capacity: 124M
 Heap Max Capacity: 2G
 Pre-touch: Disabled
 Parallel Workers: 8
 Concurrent Workers: 2
 Concurrent Refinement Workers: 8
 Periodic GC: Disabled

Heap:
 garbage-first heap   total 152576K, used 102502K [0x0000000080000000, 0x0000000100000000)
  region size 1024K, 12 young (12288K), 6 survivors (6144K)
 Metaspace       used 104740K, committed 106816K, reserved 1179648K
  class space    used 14375K, committed 15424K, reserved 1048576K

Heap Regions: E=young(eden), S=young(survivor), O=old, HS=humongous(starts), HC=humongous(continues), CS=collection set, F=free, TAMS=top-at-mark-start, PB=parsable bottom
|   0|0x0000000080000000, 0x0000000080100000, 0x0000000080100000|100%|HS|  |TAMS 0x0000000080100000| PB 0x0000000080000000| Complete 
|   1|0x0000000080100000, 0x0000000080200000, 0x0000000080200000|100%|HC|  |TAMS 0x0000000080200000| PB 0x0000000080100000| Complete 
|   2|0x0000000080200000, 0x0000000080300000, 0x0000000080300000|100%|HC|  |TAMS 0x0000000080300000| PB 0x0000000080200000| Complete 
|   3|0x0000000080300000, 0x0000000080400000, 0x0000000080400000|100%|HC|  |TAMS 0x0000000080400000| PB 0x0000000080300000| Complete 
|   4|0x0000000080400000, 0x0000000080500000, 0x0000000080500000|100%| O|  |TAMS 0x0000000080500000| PB 0x0000000080500000| Untracked 
|   5|0x0000000080500000, 0x0000000080600000, 0x0000000080600000|100%| O|  |TAMS 0x0000000080600000| PB 0x0000000080600000| Updating 
|   6|0x0000000080600000, 0x0000000080700000, 0x0000000080700000|100%| O|  |TAMS 0x0000000080700000| PB 0x0000000080700000| Untracked 
|   7|0x0000000080700000, 0x0000000080800000, 0x0000000080800000|100%| O|  |TAMS 0x0000000080800000| PB 0x0000000080800000| Updating 
|   8|0x0000000080800000, 0x0000000080900000, 0x0000000080900000|100%| O|  |TAMS 0x0000000080900000| PB 0x0000000080900000| Untracked 
|   9|0x0000000080900000, 0x0000000080a00000, 0x0000000080a00000|100%| O|  |TAMS 0x0000000080a00000| PB 0x0000000080a00000| Untracked 
|  10|0x0000000080a00000, 0x0000000080b00000, 0x0000000080b00000|100%| O|  |TAMS 0x0000000080b00000| PB 0x0000000080b00000| Untracked 
|  11|0x0000000080b00000, 0x0000000080c00000, 0x0000000080c00000|100%| O|  |TAMS 0x0000000080c00000| PB 0x0000000080c00000| Untracked 
|  12|0x0000000080c00000, 0x0000000080d00000, 0x0000000080d00000|100%| O|  |TAMS 0x0000000080d00000| PB 0x0000000080d00000| Untracked 
|  13|0x0000000080d00000, 0x0000000080e00000, 0x0000000080e00000|100%| O|  |TAMS 0x0000000080e00000| PB 0x0000000080e00000| Untracked 
|  14|0x0000000080e00000, 0x0000000080f00000, 0x0000000080f00000|100%| O|  |TAMS 0x0000000080f00000| PB 0x0000000080f00000| Untracked 
|  15|0x0000000080f00000, 0x0000000081000000, 0x0000000081000000|100%| O|  |TAMS 0x0000000081000000| PB 0x0000000081000000| Untracked 
|  16|0x0000000081000000, 0x0000000081100000, 0x0000000081100000|100%| O|  |TAMS 0x0000000081100000| PB 0x0000000081100000| Untracked 
|  17|0x0000000081100000, 0x0000000081200000, 0x0000000081200000|100%| O|  |TAMS 0x0000000081200000| PB 0x0000000081200000| Untracked 
|  18|0x0000000081200000, 0x0000000081300000, 0x0000000081300000|100%| O|  |TAMS 0x0000000081300000| PB 0x0000000081300000| Untracked 
|  19|0x0000000081300000, 0x0000000081400000, 0x0000000081400000|100%| O|  |TAMS 0x0000000081400000| PB 0x0000000081400000| Untracked 
|  20|0x0000000081400000, 0x0000000081500000, 0x0000000081500000|100%| O|  |TAMS 0x0000000081500000| PB 0x0000000081500000| Updating 
|  21|0x0000000081500000, 0x0000000081600000, 0x0000000081600000|100%| O|  |TAMS 0x0000000081600000| PB 0x0000000081600000| Untracked 
|  22|0x0000000081600000, 0x0000000081700000, 0x0000000081700000|100%| O|  |TAMS 0x0000000081700000| PB 0x0000000081700000| Untracked 
|  23|0x0000000081700000, 0x0000000081800000, 0x0000000081800000|100%| O|  |TAMS 0x0000000081800000| PB 0x0000000081800000| Updating 
|  24|0x0000000081800000, 0x0000000081900000, 0x0000000081900000|100%| O|  |TAMS 0x0000000081900000| PB 0x0000000081900000| Untracked 
|  25|0x0000000081900000, 0x0000000081a00000, 0x0000000081a00000|100%| O|  |TAMS 0x0000000081a00000| PB 0x0000000081a00000| Untracked 
|  26|0x0000000081a00000, 0x0000000081b00000, 0x0000000081b00000|100%| O|  |TAMS 0x0000000081b00000| PB 0x0000000081b00000| Untracked 
|  27|0x0000000081b00000, 0x0000000081c00000, 0x0000000081c00000|100%| O|  |TAMS 0x0000000081c00000| PB 0x0000000081c00000| Untracked 
|  28|0x0000000081c00000, 0x0000000081d00000, 0x0000000081d00000|100%| O|  |TAMS 0x0000000081d00000| PB 0x0000000081d00000| Untracked 
|  29|0x0000000081d00000, 0x0000000081e00000, 0x0000000081e00000|100%| O|  |TAMS 0x0000000081e00000| PB 0x0000000081e00000| Untracked 
|  30|0x0000000081e00000, 0x0000000081f00000, 0x0000000081f00000|100%| O|  |TAMS 0x0000000081f00000| PB 0x0000000081f00000| Updating 
|  31|0x0000000081f00000, 0x0000000082000000, 0x0000000082000000|100%| O|  |TAMS 0x0000000082000000| PB 0x0000000082000000| Updating 
|  32|0x0000000082000000, 0x0000000082100000, 0x0000000082100000|100%| O|  |TAMS 0x0000000082100000| PB 0x0000000082100000| Untracked 
|  33|0x0000000082100000, 0x0000000082200000, 0x0000000082200000|100%| O|  |TAMS 0x0000000082200000| PB 0x0000000082200000| Updating 
|  34|0x0000000082200000, 0x0000000082300000, 0x0000000082300000|100%| O|  |TAMS 0x0000000082300000| PB 0x0000000082300000| Untracked 
|  35|0x0000000082300000, 0x0000000082400000, 0x0000000082400000|100%| O|  |TAMS 0x0000000082400000| PB 0x0000000082400000| Updating 
|  36|0x0000000082400000, 0x0000000082500000, 0x0000000082500000|100%| O|  |TAMS 0x0000000082500000| PB 0x0000000082500000| Untracked 
|  37|0x0000000082500000, 0x0000000082600000, 0x0000000082600000|100%| O|  |TAMS 0x0000000082600000| PB 0x0000000082600000| Untracked 
|  38|0x0000000082600000, 0x0000000082700000, 0x0000000082700000|100%| O|  |TAMS 0x0000000082700000| PB 0x0000000082700000| Untracked 
|  39|0x0000000082700000, 0x0000000082800000, 0x0000000082800000|100%| O|  |TAMS 0x0000000082800000| PB 0x0000000082800000| Untracked 
|  40|0x0000000082800000, 0x0000000082900000, 0x0000000082900000|100%| O|  |TAMS 0x0000000082900000| PB 0x0000000082900000| Untracked 
|  41|0x0000000082900000, 0x0000000082a00000, 0x0000000082a00000|100%| O|  |TAMS 0x0000000082a00000| PB 0x0000000082a00000| Untracked 
|  42|0x0000000082a00000, 0x0000000082b00000, 0x0000000082b00000|100%|HS|  |TAMS 0x0000000082b00000| PB 0x0000000082a00000| Complete 
|  43|0x0000000082b00000, 0x0000000082c00000, 0x0000000082c00000|100%|HS|  |TAMS 0x0000000082c00000| PB 0x0000000082b00000| Complete 
|  44|0x0000000082c00000, 0x0000000082d00000, 0x0000000082d00000|100%|HS|  |TAMS 0x0000000082d00000| PB 0x0000000082c00000| Complete 
|  45|0x0000000082d00000, 0x0000000082e00000, 0x0000000082e00000|100%|HC|  |TAMS 0x0000000082e00000| PB 0x0000000082d00000| Complete 
|  46|0x0000000082e00000, 0x0000000082f00000, 0x0000000082f00000|100%| O|  |TAMS 0x0000000082f00000| PB 0x0000000082f00000| Updating 
|  47|0x0000000082f00000, 0x0000000083000000, 0x0000000083000000|100%|HS|  |TAMS 0x0000000083000000| PB 0x0000000082f00000| Complete 
|  48|0x0000000083000000, 0x0000000083100000, 0x0000000083100000|100%|HC|  |TAMS 0x0000000083100000| PB 0x0000000083000000| Complete 
|  49|0x0000000083100000, 0x0000000083200000, 0x0000000083200000|100%|HS|  |TAMS 0x0000000083200000| PB 0x0000000083100000| Complete 
|  50|0x0000000083200000, 0x0000000083300000, 0x0000000083300000|100%|HS|  |TAMS 0x0000000083300000| PB 0x0000000083200000| Complete 
|  51|0x0000000083300000, 0x0000000083400000, 0x0000000083400000|100%|HC|  |TAMS 0x0000000083400000| PB 0x0000000083300000| Complete 
|  52|0x0000000083400000, 0x0000000083500000, 0x0000000083500000|100%|HC|  |TAMS 0x0000000083500000| PB 0x0000000083400000| Complete 
|  53|0x0000000083500000, 0x0000000083600000, 0x0000000083600000|100%|HS|  |TAMS 0x0000000083600000| PB 0x0000000083500000| Complete 
|  54|0x0000000083600000, 0x0000000083700000, 0x0000000083700000|100%|HS|  |TAMS 0x0000000083700000| PB 0x0000000083600000| Complete 
|  55|0x0000000083700000, 0x0000000083800000, 0x0000000083800000|100%|HS|  |TAMS 0x0000000083800000| PB 0x0000000083700000| Complete 
|  56|0x0000000083800000, 0x0000000083900000, 0x0000000083900000|100%| O|  |TAMS 0x0000000083900000| PB 0x0000000083900000| Untracked 
|  57|0x0000000083900000, 0x0000000083a00000, 0x0000000083a00000|100%| O|  |TAMS 0x0000000083a00000| PB 0x0000000083a00000| Untracked 
|  58|0x0000000083a00000, 0x0000000083b00000, 0x0000000083b00000|100%| O|  |TAMS 0x0000000083b00000| PB 0x0000000083b00000| Untracked 
|  59|0x0000000083b00000, 0x0000000083c00000, 0x0000000083c00000|100%| O|  |TAMS 0x0000000083c00000| PB 0x0000000083c00000| Untracked 
|  60|0x0000000083c00000, 0x0000000083d00000, 0x0000000083d00000|100%| O|  |TAMS 0x0000000083d00000| PB 0x0000000083d00000| Untracked 
|  61|0x0000000083d00000, 0x0000000083e00000, 0x0000000083e00000|100%| O|  |TAMS 0x0000000083e00000| PB 0x0000000083e00000| Untracked 
|  62|0x0000000083e00000, 0x0000000083f00000, 0x0000000083f00000|100%| O|  |TAMS 0x0000000083f00000| PB 0x0000000083f00000| Untracked 
|  63|0x0000000083f00000, 0x0000000084000000, 0x0000000084000000|100%|HS|  |TAMS 0x0000000084000000| PB 0x0000000083f00000| Complete 
|  64|0x0000000084000000, 0x0000000084100000, 0x0000000084100000|100%| O|  |TAMS 0x0000000084100000| PB 0x0000000084100000| Untracked 
|  65|0x0000000084100000, 0x0000000084200000, 0x0000000084200000|100%| O|  |TAMS 0x0000000084200000| PB 0x0000000084200000| Updating 
|  66|0x0000000084200000, 0x0000000084300000, 0x0000000084300000|100%| O|  |TAMS 0x0000000084300000| PB 0x0000000084300000| Untracked 
|  67|0x0000000084300000, 0x0000000084400000, 0x0000000084400000|100%| O|  |TAMS 0x0000000084400000| PB 0x0000000084400000| Updating 
|  68|0x0000000084400000, 0x0000000084500000, 0x0000000084500000|100%|HS|  |TAMS 0x0000000084500000| PB 0x0000000084400000| Complete 
|  69|0x0000000084500000, 0x0000000084600000, 0x0000000084600000|100%|HC|  |TAMS 0x0000000084600000| PB 0x0000000084500000| Complete 
|  70|0x0000000084600000, 0x0000000084700000, 0x0000000084700000|100%|HC|  |TAMS 0x0000000084700000| PB 0x0000000084600000| Complete 
|  71|0x0000000084700000, 0x0000000084800000, 0x0000000084800000|100%| O|  |TAMS 0x0000000084800000| PB 0x0000000084800000| Untracked 
|  72|0x0000000084800000, 0x0000000084900000, 0x0000000084900000|100%| O|  |TAMS 0x0000000084900000| PB 0x0000000084900000| Untracked 
|  73|0x0000000084900000, 0x0000000084a00000, 0x0000000084a00000|100%| O|  |TAMS 0x0000000084a00000| PB 0x0000000084a00000| Untracked 
|  74|0x0000000084a00000, 0x0000000084b00000, 0x0000000084b00000|100%| O|  |TAMS 0x0000000084a90ac0| PB 0x0000000084a90ac0| Updating 
|  75|0x0000000084b00000, 0x0000000084c00000, 0x0000000084c00000|100%| O|  |TAMS 0x0000000084b00000| PB 0x0000000084b00000| Untracked 
|  76|0x0000000084c00000, 0x0000000084d00000, 0x0000000084d00000|100%| O|  |TAMS 0x0000000084c00000| PB 0x0000000084c00000| Untracked 
|  77|0x0000000084d00000, 0x0000000084dba8b0, 0x0000000084e00000| 72%| O|  |TAMS 0x0000000084d00000| PB 0x0000000084d00000| Updating 
|  78|0x0000000084e00000, 0x0000000084e00000, 0x0000000084f00000|  0%| F|  |TAMS 0x0000000084e00000| PB 0x0000000084e00000| Untracked 
|  79|0x0000000084f00000, 0x0000000084f00000, 0x0000000085000000|  0%| F|  |TAMS 0x0000000084f00000| PB 0x0000000084f00000| Untracked 
|  80|0x0000000085000000, 0x0000000085000000, 0x0000000085100000|  0%| F|  |TAMS 0x0000000085000000| PB 0x0000000085000000| Untracked 
|  81|0x0000000085100000, 0x0000000085200000, 0x0000000085200000|100%| O|  |TAMS 0x0000000085200000| PB 0x0000000085200000| Untracked 
|  82|0x0000000085200000, 0x0000000085300000, 0x0000000085300000|100%| O|  |TAMS 0x0000000085300000| PB 0x0000000085300000| Untracked 
|  83|0x0000000085300000, 0x0000000085400000, 0x0000000085400000|100%| O|  |TAMS 0x0000000085400000| PB 0x0000000085400000| Untracked 
|  84|0x0000000085400000, 0x0000000085500000, 0x0000000085500000|100%| O|  |TAMS 0x0000000085500000| PB 0x0000000085500000| Untracked 
|  85|0x0000000085500000, 0x0000000085600000, 0x0000000085600000|100%| O|  |TAMS 0x0000000085600000| PB 0x0000000085600000| Untracked 
|  86|0x0000000085600000, 0x0000000085700000, 0x0000000085700000|100%| O|  |TAMS 0x0000000085700000| PB 0x0000000085700000| Untracked 
|  87|0x0000000085700000, 0x0000000085800000, 0x0000000085800000|100%| O|  |TAMS 0x0000000085800000| PB 0x0000000085800000| Untracked 
|  88|0x0000000085800000, 0x0000000085900000, 0x0000000085900000|100%| O|  |TAMS 0x0000000085900000| PB 0x0000000085900000| Updating 
|  89|0x0000000085900000, 0x0000000085a00000, 0x0000000085a00000|100%| O|  |TAMS 0x0000000085a00000| PB 0x0000000085a00000| Updating 
|  90|0x0000000085a00000, 0x0000000085a00000, 0x0000000085b00000|  0%| F|  |TAMS 0x0000000085a00000| PB 0x0000000085a00000| Untracked 
|  91|0x0000000085b00000, 0x0000000085b00000, 0x0000000085c00000|  0%| F|  |TAMS 0x0000000085b00000| PB 0x0000000085b00000| Untracked 
|  92|0x0000000085c00000, 0x0000000085c00000, 0x0000000085d00000|  0%| F|  |TAMS 0x0000000085c00000| PB 0x0000000085c00000| Untracked 
|  93|0x0000000085d00000, 0x0000000085d00000, 0x0000000085e00000|  0%| F|  |TAMS 0x0000000085d00000| PB 0x0000000085d00000| Untracked 
|  94|0x0000000085e00000, 0x0000000085e5f280, 0x0000000085f00000| 37%| S|CS|TAMS 0x0000000085e00000| PB 0x0000000085e00000| Complete 
|  95|0x0000000085f00000, 0x0000000086000000, 0x0000000086000000|100%| S|CS|TAMS 0x0000000085f00000| PB 0x0000000085f00000| Complete 
|  96|0x0000000086000000, 0x0000000086100000, 0x0000000086100000|100%| S|CS|TAMS 0x0000000086000000| PB 0x0000000086000000| Complete 
|  97|0x0000000086100000, 0x0000000086100000, 0x0000000086200000|  0%| F|  |TAMS 0x0000000086100000| PB 0x0000000086100000| Untracked 
|  98|0x0000000086200000, 0x0000000086200000, 0x0000000086300000|  0%| F|  |TAMS 0x0000000086200000| PB 0x0000000086200000| Untracked 
|  99|0x0000000086300000, 0x0000000086300000, 0x0000000086400000|  0%| F|  |TAMS 0x0000000086300000| PB 0x0000000086300000| Untracked 
| 100|0x0000000086400000, 0x0000000086400000, 0x0000000086500000|  0%| F|  |TAMS 0x0000000086400000| PB 0x0000000086400000| Untracked 
| 101|0x0000000086500000, 0x0000000086600000, 0x0000000086600000|100%| S|CS|TAMS 0x0000000086500000| PB 0x0000000086500000| Complete 
| 102|0x0000000086600000, 0x0000000086700000, 0x0000000086700000|100%| S|CS|TAMS 0x0000000086600000| PB 0x0000000086600000| Complete 
| 103|0x0000000086700000, 0x0000000086800000, 0x0000000086800000|100%| S|CS|TAMS 0x0000000086700000| PB 0x0000000086700000| Complete 
| 104|0x0000000086800000, 0x0000000086800000, 0x0000000086900000|  0%| F|  |TAMS 0x0000000086800000| PB 0x0000000086800000| Untracked 
| 105|0x0000000086900000, 0x0000000086900000, 0x0000000086a00000|  0%| F|  |TAMS 0x0000000086900000| PB 0x0000000086900000| Untracked 
| 106|0x0000000086a00000, 0x0000000086a00000, 0x0000000086b00000|  0%| F|  |TAMS 0x0000000086a00000| PB 0x0000000086a00000| Untracked 
| 107|0x0000000086b00000, 0x0000000086b00000, 0x0000000086c00000|  0%| F|  |TAMS 0x0000000086b00000| PB 0x0000000086b00000| Untracked 
| 108|0x0000000086c00000, 0x0000000086c00000, 0x0000000086d00000|  0%| F|  |TAMS 0x0000000086c00000| PB 0x0000000086c00000| Untracked 
| 109|0x0000000086d00000, 0x0000000086d00000, 0x0000000086e00000|  0%| F|  |TAMS 0x0000000086d00000| PB 0x0000000086d00000| Untracked 
| 110|0x0000000086e00000, 0x0000000086e00000, 0x0000000086f00000|  0%| F|  |TAMS 0x0000000086e00000| PB 0x0000000086e00000| Untracked 
| 111|0x0000000086f00000, 0x0000000086f00000, 0x0000000087000000|  0%| F|  |TAMS 0x0000000086f00000| PB 0x0000000086f00000| Untracked 
| 112|0x0000000087000000, 0x0000000087000000, 0x0000000087100000|  0%| F|  |TAMS 0x0000000087000000| PB 0x0000000087000000| Untracked 
| 113|0x0000000087100000, 0x0000000087100000, 0x0000000087200000|  0%| F|  |TAMS 0x0000000087100000| PB 0x0000000087100000| Untracked 
| 114|0x0000000087200000, 0x0000000087200000, 0x0000000087300000|  0%| F|  |TAMS 0x0000000087200000| PB 0x0000000087200000| Untracked 
| 115|0x0000000087300000, 0x0000000087300000, 0x0000000087400000|  0%| F|  |TAMS 0x0000000087300000| PB 0x0000000087300000| Untracked 
| 116|0x0000000087400000, 0x0000000087400000, 0x0000000087500000|  0%| F|  |TAMS 0x0000000087400000| PB 0x0000000087400000| Untracked 
| 117|0x0000000087500000, 0x0000000087500000, 0x0000000087600000|  0%| F|  |TAMS 0x0000000087500000| PB 0x0000000087500000| Untracked 
| 118|0x0000000087600000, 0x0000000087600000, 0x0000000087700000|  0%| F|  |TAMS 0x0000000087600000| PB 0x0000000087600000| Untracked 
| 119|0x0000000087700000, 0x0000000087700000, 0x0000000087800000|  0%| F|  |TAMS 0x0000000087700000| PB 0x0000000087700000| Untracked 
| 120|0x0000000087800000, 0x0000000087800000, 0x0000000087900000|  0%| F|  |TAMS 0x0000000087800000| PB 0x0000000087800000| Untracked 
| 121|0x0000000087900000, 0x0000000087900000, 0x0000000087a00000|  0%| F|  |TAMS 0x0000000087900000| PB 0x0000000087900000| Untracked 
| 122|0x0000000087a00000, 0x0000000087a00000, 0x0000000087b00000|  0%| F|  |TAMS 0x0000000087a00000| PB 0x0000000087a00000| Untracked 
| 123|0x0000000087b00000, 0x0000000087b00000, 0x0000000087c00000|  0%| F|  |TAMS 0x0000000087b00000| PB 0x0000000087b00000| Untracked 
| 124|0x0000000087c00000, 0x0000000087c00000, 0x0000000087d00000|  0%| F|  |TAMS 0x0000000087c00000| PB 0x0000000087c00000| Untracked 
| 125|0x0000000087d00000, 0x0000000087d00000, 0x0000000087e00000|  0%| F|  |TAMS 0x0000000087d00000| PB 0x0000000087d00000| Untracked 
| 126|0x0000000087e00000, 0x0000000087e00000, 0x0000000087f00000|  0%| F|  |TAMS 0x0000000087e00000| PB 0x0000000087e00000| Untracked 
| 127|0x0000000087f00000, 0x0000000087f00000, 0x0000000088000000|  0%| F|  |TAMS 0x0000000087f00000| PB 0x0000000087f00000| Untracked 
| 128|0x0000000088000000, 0x0000000088000000, 0x0000000088100000|  0%| F|  |TAMS 0x0000000088000000| PB 0x0000000088000000| Untracked 
| 129|0x0000000088100000, 0x0000000088100000, 0x0000000088200000|  0%| F|  |TAMS 0x0000000088100000| PB 0x0000000088100000| Untracked 
| 130|0x0000000088200000, 0x0000000088200000, 0x0000000088300000|  0%| F|  |TAMS 0x0000000088200000| PB 0x0000000088200000| Untracked 
| 131|0x0000000088300000, 0x0000000088300000, 0x0000000088400000|  0%| F|  |TAMS 0x0000000088300000| PB 0x0000000088300000| Untracked 
| 132|0x0000000088400000, 0x0000000088400000, 0x0000000088500000|  0%| F|  |TAMS 0x0000000088400000| PB 0x0000000088400000| Untracked 
| 133|0x0000000088500000, 0x0000000088500000, 0x0000000088600000|  0%| F|  |TAMS 0x0000000088500000| PB 0x0000000088500000| Untracked 
| 134|0x0000000088600000, 0x0000000088600000, 0x0000000088700000|  0%| F|  |TAMS 0x0000000088600000| PB 0x0000000088600000| Untracked 
| 135|0x0000000088700000, 0x0000000088700000, 0x0000000088800000|  0%| F|  |TAMS 0x0000000088700000| PB 0x0000000088700000| Untracked 
| 136|0x0000000088800000, 0x0000000088800000, 0x0000000088900000|  0%| F|  |TAMS 0x0000000088800000| PB 0x0000000088800000| Untracked 
| 137|0x0000000088900000, 0x0000000088900000, 0x0000000088a00000|  0%| F|  |TAMS 0x0000000088900000| PB 0x0000000088900000| Untracked 
| 138|0x0000000088a00000, 0x0000000088a00000, 0x0000000088b00000|  0%| F|  |TAMS 0x0000000088a00000| PB 0x0000000088a00000| Untracked 
| 139|0x0000000088b00000, 0x0000000088b00000, 0x0000000088c00000|  0%| F|  |TAMS 0x0000000088b00000| PB 0x0000000088b00000| Untracked 
| 140|0x0000000088c00000, 0x0000000088c80800, 0x0000000088d00000| 50%| E|  |TAMS 0x0000000088c00000| PB 0x0000000088c00000| Complete 
| 141|0x0000000088d00000, 0x0000000088e00000, 0x0000000088e00000|100%| E|CS|TAMS 0x0000000088d00000| PB 0x0000000088d00000| Complete 
| 142|0x0000000088e00000, 0x0000000088f00000, 0x0000000088f00000|100%| E|CS|TAMS 0x0000000088e00000| PB 0x0000000088e00000| Complete 
|2042|0x00000000ffa00000, 0x00000000ffb00000, 0x00000000ffb00000|100%| E|CS|TAMS 0x00000000ffa00000| PB 0x00000000ffa00000| Complete 
|2043|0x00000000ffb00000, 0x00000000ffc00000, 0x00000000ffc00000|100%| O|  |TAMS 0x00000000ffc00000| PB 0x00000000ffc00000| Updating 
|2044|0x00000000ffc00000, 0x00000000ffd00000, 0x00000000ffd00000|100%| E|CS|TAMS 0x00000000ffc00000| PB 0x00000000ffc00000| Complete 
|2045|0x00000000ffd00000, 0x00000000ffe00000, 0x00000000ffe00000|100%| O|  |TAMS 0x00000000ffe00000| PB 0x00000000ffe00000| Updating 
|2046|0x00000000ffe00000, 0x00000000fff00000, 0x00000000fff00000|100%| E|CS|TAMS 0x00000000ffe00000| PB 0x00000000ffe00000| Complete 
|2047|0x00000000fff00000, 0x0000000100000000, 0x0000000100000000|100%| O|  |TAMS 0x0000000100000000| PB 0x0000000100000000| Updating 

Card table byte_map: [0x0000018176c00000,0x0000018177000000] _byte_map_base: 0x0000018176800000

Marking Bits: (CMBitMap*) 0x00000181711fe340
 Bits: [0x0000018177000000, 0x0000018179000000)

Polling page: 0x0000018172b40000

Metaspace:

Usage:
  Non-class:     88.25 MB used.
      Class:     14.04 MB used.
       Both:    102.29 MB used.

Virtual space:
  Non-class space:      128.00 MB reserved,      89.25 MB ( 70%) committed,  2 nodes.
      Class space:        1.00 GB reserved,      15.06 MB (  1%) committed,  1 nodes.
             Both:        1.12 GB reserved,     104.31 MB (  9%) committed. 

Chunk freelists:
   Non-Class:  6.75 MB
       Class:  935.00 KB
        Both:  7.66 MB

MaxMetaspaceSize: unlimited
CompressedClassSpaceSize: 1.00 GB
Initial GC threshold: 21.00 MB
Current GC threshold: 157.31 MB
CDS: off
 - commit_granule_bytes: 65536.
 - commit_granule_words: 8192.
 - virtual_space_node_default_size: 8388608.
 - enlarge_chunks_in_place: 1.
 - use_allocation_guard: 0.


Internal statistics:

num_allocs_failed_limit: 6.
num_arena_births: 3936.
num_arena_deaths: 0.
num_vsnodes_births: 3.
num_vsnodes_deaths: 0.
num_space_committed: 1669.
num_space_uncommitted: 0.
num_chunks_returned_to_freelist: 6.
num_chunks_taken_from_freelist: 8299.
num_chunk_merges: 6.
num_chunk_splits: 5441.
num_chunks_enlarged: 3403.
num_inconsistent_stats: 0.

CodeHeap 'non-profiled nmethods': size=120000Kb used=4687Kb max_used=4787Kb free=115312Kb
 bounds [0x0000018107ad0000, 0x0000018107f80000, 0x000001810f000000]
CodeHeap 'profiled nmethods': size=120000Kb used=17485Kb max_used=18226Kb free=102514Kb
 bounds [0x0000018100000000, 0x00000181011d0000, 0x0000018107530000]
CodeHeap 'non-nmethods': size=5760Kb used=2324Kb max_used=2387Kb free=3435Kb
 bounds [0x0000018107530000, 0x00000181077a0000, 0x0000018107ad0000]
 total_blobs=10183 nmethods=9342 adapters=745
 compilation: enabled
              stopped_count=0, restarted_count=0
 full_count=0

Compilation events (20 events):
Event: 19.891 Thread 0x0000018113093730 10872   !   3       org.gradle.api.internal.provider.AbstractProperty::getProducer (66 bytes)
Event: 19.892 Thread 0x0000018113093730 nmethod 10872 0x00000181011c9410 code [0x00000181011c9680, 0x00000181011ca120]
Event: 19.892 Thread 0x0000018113092b60 nmethod 10862 0x0000018107f7b690 code [0x0000018107f7b840, 0x0000018107f7baf8]
Event: 19.892 Thread 0x0000018113092b60 10871       4       java.util.Arrays::copyOfRange (90 bytes)
Event: 19.892 Thread 0x0000018113093730 10873       3       org.gradle.internal.reflect.validation.ReplayingTypeValidationContext::<init> (16 bytes)
Event: 19.892 Thread 0x0000018113093730 nmethod 10873 0x00000181011ca590 code [0x00000181011ca760, 0x00000181011cab60]
Event: 19.893 Thread 0x0000018113093730 10874       3       java.util.TimSort::reverseRange (32 bytes)
Event: 19.893 Thread 0x0000018113093730 nmethod 10874 0x00000181011cad10 code [0x00000181011caee0, 0x00000181011cb3a0]
Event: 19.894 Thread 0x0000018113093730 10876       3       com.google.common.collect.RegularImmutableSortedSet::iterator (8 bytes)
Event: 19.895 Thread 0x0000018113093730 nmethod 10876 0x00000181011cb510 code [0x00000181011cb6c0, 0x00000181011cb890]
Event: 19.895 Thread 0x0000018113093730 10877       3       java.util.TimSort::mergeCollapse (134 bytes)
Event: 19.896 Thread 0x0000018113093730 nmethod 10877 0x00000181011cb990 code [0x00000181011cbb80, 0x00000181011cc080]
Event: 19.896 Thread 0x0000018113093730 10879       1       org.gradle.internal.properties.annotations.DefaultTypeMetadataStore$DefaultTypeMetadata::getPropertiesMetadata (5 bytes)
Event: 19.896 Thread 0x0000018113093730 nmethod 10879 0x0000018107f7bd90 code [0x0000018107f7bf20, 0x0000018107f7bfe8]
Event: 19.897 Thread 0x0000018113092b60 nmethod 10871 0x0000018107f7c090 code [0x0000018107f7c240, 0x0000018107f7c758]
Event: 19.897 Thread 0x0000018113092b60 10875       4       java.util.TreeMap::entrySet (27 bytes)
Event: 19.897 Thread 0x0000018113093730 10880   !   3       jdk.proxy1.$Proxy51::annotationType (29 bytes)
Event: 19.898 Thread 0x0000018113093730 nmethod 10880 0x00000181011cc310 code [0x00000181011cc4e0, 0x00000181011cc8c0]
Event: 19.899 Thread 0x0000018113092b60 nmethod 10875 0x0000018107f7ca10 code [0x0000018107f7cba0, 0x0000018107f7cd70]
Event: 19.899 Thread 0x0000018113092b60 10878       4       java.util.TreeMap$EntrySet::iterator (19 bytes)

GC Heap History (20 events):
Event: 12.956 GC heap before
{Heap before GC invocations=26 (full 0):
 garbage-first heap   total 124928K, used 107012K [0x0000000080000000, 0x0000000100000000)
  region size 1024K, 35 young (35840K), 4 survivors (4096K)
 Metaspace       used 73174K, committed 74944K, reserved 1114112K
  class space    used 9890K, committed 10752K, reserved 1048576K
}
Event: 12.962 GC heap after
{Heap after GC invocations=27 (full 0):
 garbage-first heap   total 124928K, used 74381K [0x0000000080000000, 0x0000000100000000)
  region size 1024K, 5 young (5120K), 5 survivors (5120K)
 Metaspace       used 73174K, committed 74944K, reserved 1114112K
  class space    used 9890K, committed 10752K, reserved 1048576K
}
Event: 13.518 GC heap before
{Heap before GC invocations=27 (full 0):
 garbage-first heap   total 124928K, used 109197K [0x0000000080000000, 0x0000000100000000)
  region size 1024K, 39 young (39936K), 5 survivors (5120K)
 Metaspace       used 75769K, committed 77568K, reserved 1179648K
  class space    used 10225K, committed 11136K, reserved 1048576K
}
Event: 13.525 GC heap after
{Heap after GC invocations=28 (full 0):
 garbage-first heap   total 150528K, used 75587K [0x0000000080000000, 0x0000000100000000)
  region size 1024K, 3 young (3072K), 3 survivors (3072K)
 Metaspace       used 75769K, committed 77568K, reserved 1179648K
  class space    used 10225K, committed 11136K, reserved 1048576K
}
Event: 14.560 GC heap before
{Heap before GC invocations=28 (full 0):
 garbage-first heap   total 150528K, used 123715K [0x0000000080000000, 0x0000000100000000)
  region size 1024K, 50 young (51200K), 3 survivors (3072K)
 Metaspace       used 82077K, committed 83904K, reserved 1179648K
  class space    used 11060K, committed 11968K, reserved 1048576K
}
Event: 14.565 GC heap after
{Heap after GC invocations=29 (full 0):
 garbage-first heap   total 150528K, used 77088K [0x0000000080000000, 0x0000000100000000)
  region size 1024K, 4 young (4096K), 4 survivors (4096K)
 Metaspace       used 82077K, committed 83904K, reserved 1179648K
  class space    used 11060K, committed 11968K, reserved 1048576K
}
Event: 15.153 GC heap before
{Heap before GC invocations=29 (full 0):
 garbage-first heap   total 150528K, used 111904K [0x0000000080000000, 0x0000000100000000)
  region size 1024K, 39 young (39936K), 4 survivors (4096K)
 Metaspace       used 84765K, committed 86656K, reserved 1179648K
  class space    used 11407K, committed 12352K, reserved 1048576K
}
Event: 15.158 GC heap after
{Heap after GC invocations=30 (full 0):
 garbage-first heap   total 150528K, used 78468K [0x0000000080000000, 0x0000000100000000)
  region size 1024K, 5 young (5120K), 5 survivors (5120K)
 Metaspace       used 84765K, committed 86656K, reserved 1179648K
  class space    used 11407K, committed 12352K, reserved 1048576K
}
Event: 16.268 GC heap before
{Heap before GC invocations=31 (full 0):
 garbage-first heap   total 150528K, used 137860K [0x0000000080000000, 0x0000000100000000)
  region size 1024K, 60 young (61440K), 5 survivors (5120K)
 Metaspace       used 87346K, committed 89152K, reserved 1179648K
  class space    used 11757K, committed 12672K, reserved 1048576K
}
Event: 16.277 GC heap after
{Heap after GC invocations=32 (full 0):
 garbage-first heap   total 150528K, used 87099K [0x0000000080000000, 0x0000000100000000)
  region size 1024K, 8 young (8192K), 8 survivors (8192K)
 Metaspace       used 87346K, committed 89152K, reserved 1179648K
  class space    used 11757K, committed 12672K, reserved 1048576K
}
Event: 17.086 GC heap before
{Heap before GC invocations=32 (full 0):
 garbage-first heap   total 150528K, used 133179K [0x0000000080000000, 0x0000000100000000)
  region size 1024K, 53 young (54272K), 8 survivors (8192K)
 Metaspace       used 90727K, committed 92608K, reserved 1179648K
  class space    used 12281K, committed 13248K, reserved 1048576K
}
Event: 17.095 GC heap after
{Heap after GC invocations=33 (full 0):
 garbage-first heap   total 150528K, used 88693K [0x0000000080000000, 0x0000000100000000)
  region size 1024K, 3 young (3072K), 3 survivors (3072K)
 Metaspace       used 90727K, committed 92608K, reserved 1179648K
  class space    used 12281K, committed 13248K, reserved 1048576K
}
Event: 17.776 GC heap before
{Heap before GC invocations=33 (full 0):
 garbage-first heap   total 150528K, used 135797K [0x0000000080000000, 0x0000000100000000)
  region size 1024K, 49 young (50176K), 3 survivors (3072K)
 Metaspace       used 94303K, committed 96320K, reserved 1179648K
  class space    used 12915K, committed 13888K, reserved 1048576K
}
Event: 17.780 GC heap after
{Heap after GC invocations=34 (full 0):
 garbage-first heap   total 150528K, used 90277K [0x0000000080000000, 0x0000000100000000)
  region size 1024K, 4 young (4096K), 4 survivors (4096K)
 Metaspace       used 94303K, committed 96320K, reserved 1179648K
  class space    used 12915K, committed 13888K, reserved 1048576K
}
Event: 18.513 GC heap before
{Heap before GC invocations=35 (full 0):
 garbage-first heap   total 152576K, used 137381K [0x0000000080000000, 0x0000000100000000)
  region size 1024K, 50 young (51200K), 4 survivors (4096K)
 Metaspace       used 97519K, committed 99520K, reserved 1179648K
  class space    used 13386K, committed 14400K, reserved 1048576K
}
Event: 18.518 GC heap after
{Heap after GC invocations=36 (full 0):
 garbage-first heap   total 152576K, used 93285K [0x0000000080000000, 0x0000000100000000)
  region size 1024K, 7 young (7168K), 7 survivors (7168K)
 Metaspace       used 97519K, committed 99520K, reserved 1179648K
  class space    used 13386K, committed 14400K, reserved 1048576K
}
Event: 19.083 GC heap before
{Heap before GC invocations=36 (full 0):
 garbage-first heap   total 152576K, used 136293K [0x0000000080000000, 0x0000000100000000)
  region size 1024K, 49 young (50176K), 7 survivors (7168K)
 Metaspace       used 100834K, committed 102848K, reserved 1179648K
  class space    used 13870K, committed 14848K, reserved 1048576K
}
Event: 19.091 GC heap after
{Heap after GC invocations=37 (full 0):
 garbage-first heap   total 152576K, used 94168K [0x0000000080000000, 0x0000000100000000)
  region size 1024K, 6 young (6144K), 6 survivors (6144K)
 Metaspace       used 100834K, committed 102848K, reserved 1179648K
  class space    used 13870K, committed 14848K, reserved 1048576K
}
Event: 19.810 GC heap before
{Heap before GC invocations=37 (full 0):
 garbage-first heap   total 152576K, used 137176K [0x0000000080000000, 0x0000000100000000)
  region size 1024K, 48 young (49152K), 6 survivors (6144K)
 Metaspace       used 104524K, committed 106496K, reserved 1179648K
  class space    used 14347K, committed 15360K, reserved 1048576K
}
Event: 19.817 GC heap after
{Heap after GC invocations=38 (full 0):
 garbage-first heap   total 152576K, used 97382K [0x0000000080000000, 0x0000000100000000)
  region size 1024K, 6 young (6144K), 6 survivors (6144K)
 Metaspace       used 104524K, committed 106496K, reserved 1179648K
  class space    used 14347K, committed 15360K, reserved 1048576K
}

Dll operation events (3 events):
Event: 0.022 Loaded shared library C:\Program Files\Android\Android Studio\jbr\bin\java.dll
Event: 0.029 Loaded shared library C:\Program Files\Android\Android Studio\jbr\bin\zip.dll
Event: 0.774 Loaded shared library C:\Program Files\Android\Android Studio\jbr\bin\verify.dll

Deoptimization events (20 events):
Event: 19.424 Thread 0x0000018114f657c0 Uncommon trap: trap_request=0xffffff45 fr.pc=0x0000018107ecb1dc relative=0x000000000000035c
Event: 19.424 Thread 0x0000018114f657c0 Uncommon trap: reason=unstable_if action=reinterpret pc=0x0000018107ecb1dc method=com.google.gson.stream.JsonReader.doPeek()I @ 525 c2
Event: 19.424 Thread 0x0000018114f657c0 DEOPT PACKING pc=0x0000018107ecb1dc sp=0x00000028583f8620
Event: 19.424 Thread 0x0000018114f657c0 DEOPT UNPACKING pc=0x0000018107587da2 sp=0x00000028583f85a0 mode 2
Event: 19.449 Thread 0x0000018114f657c0 Uncommon trap: trap_request=0xffffffc6 fr.pc=0x0000018107d68110 relative=0x00000000000001b0
Event: 19.449 Thread 0x0000018114f657c0 Uncommon trap: reason=bimorphic_or_optimized_type_check action=maybe_recompile pc=0x0000018107d68110 method=com.google.common.collect.ImmutableList.copyOf(Ljava/util/Collection;)Lcom/google/common/collect/ImmutableList; @ 16 c2
Event: 19.449 Thread 0x0000018114f657c0 DEOPT PACKING pc=0x0000018107d68110 sp=0x00000028583f9c70
Event: 19.449 Thread 0x0000018114f657c0 DEOPT UNPACKING pc=0x0000018107587da2 sp=0x00000028583f9c18 mode 2
Event: 19.474 Thread 0x0000018114f657c0 DEOPT PACKING pc=0x000001810085736e sp=0x00000028583f6030
Event: 19.474 Thread 0x0000018114f657c0 DEOPT UNPACKING pc=0x00000181075888e2 sp=0x00000028583f5518 mode 0
Event: 19.624 Thread 0x0000018114f657c0 DEOPT PACKING pc=0x00000181010a72bf sp=0x00000028583f8e30
Event: 19.624 Thread 0x0000018114f657c0 DEOPT UNPACKING pc=0x00000181075888e2 sp=0x00000028583f8308 mode 0
Event: 19.817 Thread 0x00000181130a8350 Uncommon trap: trap_request=0xffffff45 fr.pc=0x0000018107ec3cd0 relative=0x0000000000000750
Event: 19.817 Thread 0x00000181130a8350 Uncommon trap: reason=unstable_if action=reinterpret pc=0x0000018107ec3cd0 method=java.lang.ThreadLocal.remove(Ljava/lang/Thread;)V @ 7 c2
Event: 19.817 Thread 0x00000181130a8350 DEOPT PACKING pc=0x0000018107ec3cd0 sp=0x00000028570ff2f0
Event: 19.817 Thread 0x00000181130a8350 DEOPT UNPACKING pc=0x0000018107587da2 sp=0x00000028570ff250 mode 2
Event: 19.888 Thread 0x0000018114f657c0 Uncommon trap: trap_request=0xffffffc6 fr.pc=0x0000018107d68110 relative=0x00000000000001b0
Event: 19.888 Thread 0x0000018114f657c0 Uncommon trap: reason=bimorphic_or_optimized_type_check action=maybe_recompile pc=0x0000018107d68110 method=com.google.common.collect.ImmutableList.copyOf(Ljava/util/Collection;)Lcom/google/common/collect/ImmutableList; @ 16 c2
Event: 19.888 Thread 0x0000018114f657c0 DEOPT PACKING pc=0x0000018107d68110 sp=0x00000028583f9bc0
Event: 19.888 Thread 0x0000018114f657c0 DEOPT UNPACKING pc=0x0000018107587da2 sp=0x00000028583f9b68 mode 2

Classes loaded (20 events):
Event: 19.494 Loading class java/lang/foreign/MemorySegment
Event: 19.495 Loading class java/lang/foreign/MemorySegment done
Event: 19.547 Loading class java/util/concurrent/ConcurrentSkipListMap$KeySet
Event: 19.548 Loading class java/util/concurrent/ConcurrentSkipListMap$KeySet done
Event: 19.548 Loading class java/util/concurrent/ConcurrentSkipListMap$KeyIterator
Event: 19.548 Loading class java/util/concurrent/ConcurrentSkipListMap$KeyIterator done
Event: 19.548 Loading class java/net/InetAddress$NameServiceAddresses
Event: 19.548 Loading class java/net/InetAddress$Addresses
Event: 19.548 Loading class java/net/InetAddress$Addresses done
Event: 19.548 Loading class java/net/InetAddress$NameServiceAddresses done
Event: 19.548 Loading class java/net/spi/InetAddressResolverProvider
Event: 19.548 Loading class java/net/spi/InetAddressResolverProvider done
Event: 19.556 Loading class sun/net/InetAddressCachePolicy
Event: 19.556 Loading class sun/net/InetAddressCachePolicy done
Event: 19.556 Loading class sun/net/InetAddressCachePolicy$1
Event: 19.556 Loading class sun/net/InetAddressCachePolicy$1 done
Event: 19.556 Loading class java/net/InetAddress$CachedLookup
Event: 19.556 Loading class java/net/InetAddress$CachedLookup done
Event: 19.556 Loading class java/net/InetAddress$CachedLocalHost
Event: 19.556 Loading class java/net/InetAddress$CachedLocalHost done

Classes unloaded (0 events):
No events

Classes redefined (0 events):
No events

Internal exceptions (20 events):
Event: 18.246 Thread 0x0000018114f657c0 Exception <a 'java/lang/ClassNotFoundException'{0x0000000086e2e848}: org/gradle/api/plugins/JavaPluginConventionBeanInfo> (0x0000000086e2e848) 
thrown [s\src\hotspot\share\classfile\systemDictionary.cpp, line 312]
Event: 18.247 Thread 0x0000018114f657c0 Exception <a 'java/lang/ClassNotFoundException'{0x0000000086e3bef8}: org/gradle/api/plugins/JavaPluginConventionCustomizer> (0x0000000086e3bef8) 
thrown [s\src\hotspot\share\classfile\systemDictionary.cpp, line 312]
Event: 18.248 Thread 0x0000018114f657c0 Exception <a 'java/lang/ClassNotFoundException'{0x0000000086e5f470}: org/gradle/api/plugins/internal/NaggingJavaPluginConventionCustomizer> (0x0000000086e5f470) 
thrown [s\src\hotspot\share\classfile\systemDictionary.cpp, line 312]
Event: 18.317 Thread 0x0000018114f657c0 Implicit null exception at 0x0000018107ea3976 to 0x0000018107ea42a0
Event: 18.317 Thread 0x0000018114f657c0 Implicit null exception at 0x0000018107ea3976 to 0x0000018107ea42a0
Event: 18.317 Thread 0x0000018114f657c0 Implicit null exception at 0x0000018107ea3976 to 0x0000018107ea42a0
Event: 18.318 Thread 0x0000018114f657c0 Implicit null exception at 0x0000018107ea3976 to 0x0000018107ea42a0
Event: 18.405 Thread 0x0000018114f657c0 Implicit null exception at 0x0000018107decd9a to 0x0000018107ded67c
Event: 18.552 Thread 0x0000018114f657c0 Exception <a 'java/lang/NoSuchMethodError'{0x0000000088c9cba0}: 'java.lang.Object java.lang.invoke.DirectMethodHandle$Holder.newInvokeSpecial(java.lang.Object, java.lang.Object, java.lang.Object, java.lang.Object, java.lang.Object, java.lang.Object, int)'> (0x0000000088c9cba0) 
thrown [s\src\hotspot\share\interpreter\linkResolver.cpp, line 784]
Event: 18.553 Thread 0x0000018114f657c0 Exception <a 'java/lang/NoSuchMethodError'{0x0000000088ca1908}: 'java.lang.Object java.lang.invoke.DirectMethodHandle$Holder.invokeSpecial(java.lang.Object, java.lang.Object, java.lang.Object, java.lang.Object, java.lang.Object, java.lang.Object, java.lang.Object, int)'> (0x0000000088ca1908) 
thrown [s\src\hotspot\share\interpreter\linkResolver.cpp, line 784]
Event: 18.553 Thread 0x0000018114f657c0 Exception <a 'java/lang/NoSuchMethodError'{0x0000000088ca6210}: 'java.lang.Object java.lang.invoke.Invokers$Holder.linkToTargetMethod(java.lang.Object, java.lang.Object, java.lang.Object, java.lang.Object, java.lang.Object, int, java.lang.Object)'> (0x0000000088ca6210) 
thrown [s\src\hotspot\share\interpreter\linkResolver.cpp, line 784]
Event: 18.657 Thread 0x0000018114f657c0 Implicit null exception at 0x0000018107b762ba to 0x0000018107b77ca4
Event: 18.871 Thread 0x0000018114f657c0 Exception <a 'sun/nio/fs/WindowsException'{0x00000000874c7790}> (0x00000000874c7790) 
thrown [s\src\hotspot\share\prims\jni.cpp, line 535]
Event: 18.872 Thread 0x0000018114f657c0 Exception <a 'sun/nio/fs/WindowsException'{0x00000000874c8df8}> (0x00000000874c8df8) 
thrown [s\src\hotspot\share\prims\jni.cpp, line 535]
Event: 18.872 Thread 0x0000018114f657c0 Exception <a 'sun/nio/fs/WindowsException'{0x00000000874ca4b0}> (0x00000000874ca4b0) 
thrown [s\src\hotspot\share\prims\jni.cpp, line 535]
Event: 18.872 Thread 0x0000018114f657c0 Exception <a 'sun/nio/fs/WindowsException'{0x00000000874cbb68}> (0x00000000874cbb68) 
thrown [s\src\hotspot\share\prims\jni.cpp, line 535]
Event: 19.033 Thread 0x0000018114f657c0 Exception <a 'java/lang/NullPointerException'{0x0000000086895828}> (0x0000000086895828) 
thrown [s\src\hotspot\share\interpreter\linkResolver.cpp, line 1471]
Event: 19.410 Thread 0x0000018114f657c0 Exception <a 'java/lang/NoSuchMethodError'{0x0000000087e05238}: 'void java.lang.invoke.DelegatingMethodHandle$Holder.reinvoke_L(java.lang.Object, java.lang.Object, int)'> (0x0000000087e05238) 
thrown [s\src\hotspot\share\interpreter\linkResolver.cpp, line 784]
Event: 19.411 Thread 0x0000018114f657c0 Exception <a 'java/lang/NoSuchMethodError'{0x0000000087e0c8c0}: 'void java.lang.invoke.Invokers$Holder.invokeExact_MT(java.lang.Object, java.lang.Object, int, java.lang.Object)'> (0x0000000087e0c8c0) 
thrown [s\src\hotspot\share\interpreter\linkResolver.cpp, line 784]
Event: 19.817 Thread 0x00000181130a8350 Implicit null exception at 0x0000018107ec35c8 to 0x0000018107ec3cc0

ZGC Phase Switch (0 events):
No events

VM Operations (20 events):
Event: 18.518 Executing VM operation: G1CollectForAllocation (G1 Evacuation Pause) done
Event: 18.793 Executing VM operation: ICBufferFull
Event: 18.793 Executing VM operation: ICBufferFull done
Event: 18.977 Executing VM operation: HandshakeAllThreads (Deoptimize)
Event: 18.977 Executing VM operation: HandshakeAllThreads (Deoptimize) done
Event: 19.083 Executing VM operation: G1CollectForAllocation (G1 Evacuation Pause)
Event: 19.092 Executing VM operation: G1CollectForAllocation (G1 Evacuation Pause) done
Event: 19.356 Executing VM operation: HandshakeAllThreads (Deoptimize)
Event: 19.356 Executing VM operation: HandshakeAllThreads (Deoptimize) done
Event: 19.420 Executing VM operation: HandshakeAllThreads (Deoptimize)
Event: 19.420 Executing VM operation: HandshakeAllThreads (Deoptimize) done
Event: 19.463 Executing VM operation: HandshakeAllThreads (Deoptimize)
Event: 19.464 Executing VM operation: HandshakeAllThreads (Deoptimize) done
Event: 19.689 Executing VM operation: HandshakeAllThreads (Deoptimize)
Event: 19.689 Executing VM operation: HandshakeAllThreads (Deoptimize) done
Event: 19.807 Executing VM operation: ICBufferFull
Event: 19.808 Executing VM operation: ICBufferFull done
Event: 19.810 Executing VM operation: G1CollectForAllocation (G1 Evacuation Pause)
Event: 19.817 Executing VM operation: G1CollectForAllocation (G1 Evacuation Pause) done
Event: 19.900 Executing VM operation: G1PauseRemark

Memory protections (0 events):
No events

Nmethod flushes (20 events):
Event: 19.904 Thread 0x000001811303f600 flushing  nmethod 0x0000018100728110
Event: 19.904 Thread 0x000001811303f600 flushing  nmethod 0x0000018100728a10
Event: 19.904 Thread 0x000001811303f600 flushing  nmethod 0x00000181007f2710
Event: 19.904 Thread 0x000001811303f600 flushing  nmethod 0x00000181007f3810
Event: 19.904 Thread 0x000001811303f600 flushing  nmethod 0x0000018100827b10
Event: 19.904 Thread 0x000001811303f600 flushing  nmethod 0x0000018100881f10
Event: 19.904 Thread 0x000001811303f600 flushing  nmethod 0x0000018100882710
Event: 19.904 Thread 0x000001811303f600 flushing  nmethod 0x00000181008cc290
Event: 19.904 Thread 0x000001811303f600 flushing  nmethod 0x0000018100981790
Event: 19.904 Thread 0x000001811303f600 flushing  nmethod 0x00000181009c1610
Event: 19.904 Thread 0x000001811303f600 flushing  nmethod 0x00000181009ef010
Event: 19.904 Thread 0x000001811303f600 flushing  nmethod 0x0000018100a6d690
Event: 19.904 Thread 0x000001811303f600 flushing  nmethod 0x0000018100a6eb90
Event: 19.904 Thread 0x000001811303f600 flushing  nmethod 0x0000018100a9a710
Event: 19.904 Thread 0x000001811303f600 flushing  nmethod 0x0000018100aa6790
Event: 19.904 Thread 0x000001811303f600 flushing  nmethod 0x0000018100bb8d90
Event: 19.904 Thread 0x000001811303f600 flushing  nmethod 0x0000018100bbb990
Event: 19.904 Thread 0x000001811303f600 flushing  nmethod 0x0000018100bbbc90
Event: 19.904 Thread 0x000001811303f600 flushing  nmethod 0x0000018100bbf910
Event: 19.904 Thread 0x000001811303f600 flushing  nmethod 0x0000018100cc8610

Events (20 events):
Event: 9.649 Thread 0x0000018114f657c0 Thread added: 0x0000018117287220
Event: 9.652 Thread 0x0000018114f657c0 Thread added: 0x00000181172892f0
Event: 9.654 Thread 0x0000018114f657c0 Thread added: 0x0000018117287f40
Event: 10.393 Thread 0x0000018114f657c0 Thread added: 0x0000018117285e70
Event: 10.393 Thread 0x0000018114f657c0 Thread added: 0x000001811728a010
Event: 10.393 Thread 0x0000018114f657c0 Thread added: 0x000001811728d490
Event: 10.393 Thread 0x0000018114f657c0 Thread added: 0x000001811369daf0
Event: 10.394 Thread 0x0000018114f657c0 Thread added: 0x00000181136992c0
Event: 10.394 Thread 0x0000018114f657c0 Thread added: 0x000001811369a670
Event: 10.394 Thread 0x0000018114f657c0 Thread added: 0x0000018113698c30
Event: 10.403 Thread 0x0000018114f657c0 Thread added: 0x0000018113699950
Event: 10.404 Thread 0x0000018114f657c0 Thread added: 0x000001811369e810
Event: 10.406 Thread 0x0000018114f657c0 Thread added: 0x000001811369ad00
Event: 10.407 Thread 0x0000018114f657c0 Thread added: 0x000001811369c740
Event: 10.407 Thread 0x0000018114f657c0 Thread added: 0x000001811369c0b0
Event: 10.408 Thread 0x0000018114f657c0 Thread added: 0x000001811369cdd0
Event: 10.411 Thread 0x0000018114f657c0 Thread added: 0x000001811369d460
Event: 11.378 Thread 0x0000018114f657c0 Thread added: 0x00000181136a0250
Event: 12.111 Thread 0x0000018114f657c0 Thread added: 0x0000018113699fe0
Event: 14.502 Thread 0x0000018114f657c0 Thread added: 0x000001811369f530


Dynamic libraries:
0x00007ff625f10000 - 0x00007ff625f1a000 	C:\Program Files\Android\Android Studio\jbr\bin\java.exe
0x00007ff989750000 - 0x00007ff989967000 	C:\Windows\SYSTEM32\ntdll.dll
0x00007ff988710000 - 0x00007ff9887d4000 	C:\Windows\System32\KERNEL32.DLL
0x00007ff986f40000 - 0x00007ff9872e6000 	C:\Windows\System32\KERNELBASE.dll
0x00007ff983a20000 - 0x00007ff983ab7000 	C:\Windows\SYSTEM32\apphelp.dll
0x00007ff986b90000 - 0x00007ff986ca1000 	C:\Windows\System32\ucrtbase.dll
0x00007ff956490000 - 0x00007ff9564ab000 	C:\Program Files\Android\Android Studio\jbr\bin\VCRUNTIME140.dll
0x00007ff960340000 - 0x00007ff960358000 	C:\Program Files\Android\Android Studio\jbr\bin\jli.dll
0x00007ff988100000 - 0x00007ff9882ae000 	C:\Windows\System32\USER32.dll
0x00007ff986b60000 - 0x00007ff986b86000 	C:\Windows\System32\win32u.dll
0x00007ff987520000 - 0x00007ff987549000 	C:\Windows\System32\GDI32.dll
0x00007ff986e20000 - 0x00007ff986f38000 	C:\Windows\System32\gdi32full.dll
0x00007ff986ac0000 - 0x00007ff986b5a000 	C:\Windows\System32\msvcp_win.dll
0x00007ff971c10000 - 0x00007ff971ea3000 	C:\Windows\WinSxS\amd64_microsoft.windows.common-controls_6595b64144ccf1df_6.0.22621.2506_none_270c5ae97388e100\COMCTL32.dll
0x00007ff988d50000 - 0x00007ff988df7000 	C:\Windows\System32\msvcrt.dll
0x00007ff988000000 - 0x00007ff988031000 	C:\Windows\System32\IMM32.DLL
0x00007ff960590000 - 0x00007ff96059c000 	C:\Program Files\Android\Android Studio\jbr\bin\vcruntime140_1.dll
0x00007ff947b20000 - 0x00007ff947bad000 	C:\Program Files\Android\Android Studio\jbr\bin\msvcp140.dll
0x00007ff910f30000 - 0x00007ff911bb3000 	C:\Program Files\Android\Android Studio\jbr\bin\server\jvm.dll
0x00007ff988040000 - 0x00007ff9880f1000 	C:\Windows\System32\ADVAPI32.dll
0x00007ff988f00000 - 0x00007ff988fa5000 	C:\Windows\System32\sechost.dll
0x00007ff987ee0000 - 0x00007ff987ff7000 	C:\Windows\System32\RPCRT4.dll
0x00007ff987e60000 - 0x00007ff987ed1000 	C:\Windows\System32\WS2_32.dll
0x00007ff97b780000 - 0x00007ff97b78a000 	C:\Windows\SYSTEM32\VERSION.dll
0x00007ff97cf70000 - 0x00007ff97cfa4000 	C:\Windows\SYSTEM32\WINMM.dll
0x00007ff986990000 - 0x00007ff9869dd000 	C:\Windows\SYSTEM32\POWRPROF.dll
0x00007ff986970000 - 0x00007ff986983000 	C:\Windows\SYSTEM32\UMPDC.dll
0x00007ff985aa0000 - 0x00007ff985ab8000 	C:\Windows\SYSTEM32\kernel.appcore.dll
0x00007ff960490000 - 0x00007ff96049a000 	C:\Program Files\Android\Android Studio\jbr\bin\jimage.dll
0x00007ff984370000 - 0x00007ff9845a3000 	C:\Windows\SYSTEM32\DBGHELP.DLL
0x00007ff989230000 - 0x00007ff9895b9000 	C:\Windows\System32\combase.dll
0x00007ff9887f0000 - 0x00007ff9888c7000 	C:\Windows\System32\OLEAUT32.dll
0x00007ff972a40000 - 0x00007ff972a72000 	C:\Windows\SYSTEM32\dbgcore.DLL
0x00007ff987420000 - 0x00007ff98749a000 	C:\Windows\System32\bcryptPrimitives.dll
0x00007ff9832f0000 - 0x00007ff9832fe000 	C:\Program Files\Android\Android Studio\jbr\bin\instrument.dll
0x00007ff934fb0000 - 0x00007ff934fd0000 	C:\Program Files\Android\Android Studio\jbr\bin\java.dll
0x00007ff921c70000 - 0x00007ff921c88000 	C:\Program Files\Android\Android Studio\jbr\bin\zip.dll
0x00007ff987550000 - 0x00007ff987daa000 	C:\Windows\System32\SHELL32.dll
0x00007ff9849c0000 - 0x00007ff9852b6000 	C:\Windows\SYSTEM32\windows.storage.dll
0x00007ff984880000 - 0x00007ff9849be000 	C:\Windows\SYSTEM32\wintypes.dll
0x00007ff988340000 - 0x00007ff988433000 	C:\Windows\System32\SHCORE.dll
0x00007ff9882c0000 - 0x00007ff98831e000 	C:\Windows\System32\shlwapi.dll
0x00007ff9869f0000 - 0x00007ff986a16000 	C:\Windows\SYSTEM32\profapi.dll
0x00007ff95f480000 - 0x00007ff95f490000 	C:\Program Files\Android\Android Studio\jbr\bin\net.dll
0x00007ff97f650000 - 0x00007ff97f787000 	C:\Windows\SYSTEM32\WINHTTP.dll
0x00007ff985f40000 - 0x00007ff985fa9000 	C:\Windows\system32\mswsock.dll
0x00007ff920450000 - 0x00007ff920466000 	C:\Program Files\Android\Android Studio\jbr\bin\nio.dll
0x00007ff94c650000 - 0x00007ff94c660000 	C:\Program Files\Android\Android Studio\jbr\bin\verify.dll
0x00007ff97a880000 - 0x00007ff97a8a7000 	C:\Users\asus\.gradle\native\c067742578af261105cb4f569cf0c3c89f3d7b1fecec35dd04571415982c5e48\windows-amd64\native-platform.dll
0x00007ff9475e0000 - 0x00007ff947724000 	C:\Users\asus\.gradle\native\38dada09dfb8b06ba9b0570ebf7e218e3eb74d4ef43ca46872605cf95ebc2f47\windows-amd64\native-platform-file-events.dll
0x00007ff955c00000 - 0x00007ff955c09000 	C:\Program Files\Android\Android Studio\jbr\bin\management.dll
0x00007ff9541a0000 - 0x00007ff9541ab000 	C:\Program Files\Android\Android Studio\jbr\bin\management_ext.dll
0x00007ff9886e0000 - 0x00007ff9886e8000 	C:\Windows\System32\PSAPI.DLL
0x00007ff9861a0000 - 0x00007ff9861bb000 	C:\Windows\SYSTEM32\CRYPTSP.dll
0x00007ff985a00000 - 0x00007ff985a35000 	C:\Windows\system32\rsaenh.dll
0x00007ff986030000 - 0x00007ff98605c000 	C:\Windows\SYSTEM32\USERENV.dll
0x00007ff986380000 - 0x00007ff9863a8000 	C:\Windows\SYSTEM32\bcrypt.dll
0x00007ff986190000 - 0x00007ff98619c000 	C:\Windows\SYSTEM32\CRYPTBASE.dll
0x00007ff985520000 - 0x00007ff98554d000 	C:\Windows\SYSTEM32\IPHLPAPI.DLL
0x00007ff9886d0000 - 0x00007ff9886d9000 	C:\Windows\System32\NSI.dll
0x00007ff955fd0000 - 0x00007ff955fd9000 	C:\Program Files\Android\Android Studio\jbr\bin\extnet.dll
0x00007ff981a60000 - 0x00007ff981a68000 	C:\Windows\system32\wshunix.dll
0x00007ff9701b0000 - 0x00007ff9701c7000 	C:\Windows\system32\napinsp.dll
0x00007ff96fbc0000 - 0x00007ff96fbdb000 	C:\Windows\system32\pnrpnsp.dll
0x00007ff985590000 - 0x00007ff985689000 	C:\Windows\SYSTEM32\DNSAPI.dll
0x00007ff9701d0000 - 0x00007ff9701e1000 	C:\Windows\System32\winrnr.dll
0x00007ff97d2b0000 - 0x00007ff97d2c5000 	C:\Windows\system32\wshbth.dll
0x00007ff96f600000 - 0x00007ff96f621000 	C:\Windows\system32\nlansp_c.dll
0x00007ff97ce30000 - 0x00007ff97ce3a000 	C:\Windows\System32\rasadhlp.dll
0x00007ff97cfb0000 - 0x00007ff97d033000 	C:\Windows\System32\fwpuclnt.dll

dbghelp: loaded successfully - version: 4.0.5 - missing functions: none
symbol engine: initialized successfully - sym options: 0x614 - pdb path: .;C:\Program Files\Android\Android Studio\jbr\bin;C:\Windows\SYSTEM32;C:\Windows\WinSxS\amd64_microsoft.windows.common-controls_6595b64144ccf1df_6.0.22621.2506_none_270c5ae97388e100;C:\Program Files\Android\Android Studio\jbr\bin\server;C:\Users\asus\.gradle\native\c067742578af261105cb4f569cf0c3c89f3d7b1fecec35dd04571415982c5e48\windows-amd64;C:\Users\asus\.gradle\native\38dada09dfb8b06ba9b0570ebf7e218e3eb74d4ef43ca46872605cf95ebc2f47\windows-amd64

VM Arguments:
jvm_args: --add-opens=java.base/java.util=ALL-UNNAMED --add-opens=java.base/java.lang=ALL-UNNAMED --add-opens=java.base/java.lang.invoke=ALL-UNNAMED --add-opens=java.prefs/java.util.prefs=ALL-UNNAMED --add-opens=java.base/java.nio.charset=ALL-UNNAMED --add-opens=java.base/java.net=ALL-UNNAMED --add-opens=java.base/java.util.concurrent.atomic=ALL-UNNAMED -Xmx2048m -Dfile.encoding=UTF-8 -Duser.country=IN -Duser.language=en -Duser.variant -javaagent:C:\Users\asus\.gradle\wrapper\dists\gradle-8.7-bin\bhs2wmbdwecv87pi65oeuq5iu\gradle-8.7\lib\agents\gradle-instrumentation-agent-8.7.jar 
java_command: org.gradle.launcher.daemon.bootstrap.GradleDaemon 8.7
java_class_path (initial): C:\Users\asus\.gradle\wrapper\dists\gradle-8.7-bin\bhs2wmbdwecv87pi65oeuq5iu\gradle-8.7\lib\gradle-launcher-8.7.jar
Launcher Type: SUN_STANDARD

[Global flags]
     intx CICompilerCount                          = 4                                         {product} {ergonomic}
     uint ConcGCThreads                            = 2                                         {product} {ergonomic}
     uint G1ConcRefinementThreads                  = 8                                         {product} {ergonomic}
   size_t G1HeapRegionSize                         = 1048576                                   {product} {ergonomic}
    uintx GCDrainStackTargetSize                   = 64                                        {product} {ergonomic}
   size_t InitialHeapSize                          = 130023424                                 {product} {ergonomic}
   size_t MarkStackSize                            = 4194304                                   {product} {ergonomic}
   size_t MaxHeapSize                              = 2147483648                                {product} {command line}
   size_t MaxNewSize                               = 1287651328                                {product} {ergonomic}
   size_t MinHeapDeltaBytes                        = 1048576                                   {product} {ergonomic}
   size_t MinHeapSize                              = 8388608                                   {product} {ergonomic}
    uintx NonNMethodCodeHeapSize                   = 5839372                                {pd product} {ergonomic}
    uintx NonProfiledCodeHeapSize                  = 122909434                              {pd product} {ergonomic}
    uintx ProfiledCodeHeapSize                     = 122909434                              {pd product} {ergonomic}
    uintx ReservedCodeCacheSize                    = 251658240                              {pd product} {ergonomic}
     bool SegmentedCodeCache                       = true                                      {product} {ergonomic}
   size_t SoftMaxHeapSize                          = 2147483648                             {manageable} {ergonomic}
     bool UseCompressedOops                        = true                           {product lp64_product} {ergonomic}
     bool UseG1GC                                  = true                                      {product} {ergonomic}
     bool UseLargePagesIndividualAllocation        = false                                  {pd product} {ergonomic}

Logging:
Log output configuration:
 #0: stdout all=warning uptime,level,tags foldmultilines=false
 #1: stderr all=off uptime,level,tags foldmultilines=false

Environment Variables:
PATH=C:\Windows\system32;C:\Windows;C:\Windows\System32\Wbem;C:\Windows\System32\WindowsPowerShell\v1.0\;C:\Windows\System32\OpenSSH\;C:\Program Files\Git\cmd;C:\Users\asus\AppData\Local\Microsoft\WindowsApps;
USERNAME=asus
OS=Windows_NT
PROCESSOR_IDENTIFIER=Intel64 Family 6 Model 140 Stepping 1, GenuineIntel
TMP=C:\Users\asus\AppData\Local\Temp
TEMP=C:\Users\asus\AppData\Local\Temp




Periodic native trim disabled

JNI global refs:
JNI global refs: 27, weak refs: 3

JNI global refs memory usage: 835, weak refs: 833

Process memory usage:
Resident Set Size: 433996K (5% of 8074028K total physical memory with 247624K free physical memory)

OOME stack traces (most recent first):
Classloader memory used:
Loader org.gradle.internal.classloader.VisitableURLClassLoader                         : 37079K
Loader bootstrap                                                                       : 28379K
Loader org.gradle.internal.classloader.VisitableURLClassLoader$InstrumentingVisitableURLClassLoader: 27078K
Loader org.gradle.initialization.MixInLegacyTypesClassLoader                           : 10973K
Loader jdk.internal.loader.ClassLoaders$PlatformClassLoader                            : 535K
Loader org.gradle.internal.classloader.VisitableURLClassLoader                         : 235K
Loader jdk.internal.loader.ClassLoaders$AppClassLoader                                 : 230K
Loader jdk.internal.reflect.DelegatingClassLoader                                      : 228K

Classes loaded by more than one classloader:
Class Program                                                                         : loaded 5 times (x 68B)
Class Build_gradle                                                                    : loaded 3 times (x 126B)
Class Build_gradle$1                                                                  : loaded 3 times (x 70B)
Class org.gradle.internal.classloader.FilteringClassLoader                            : loaded 2 times (x 101B)
Class [Lcom.google.common.base.AbstractIterator$State;                                : loaded 2 times (x 65B)
Class com.google.common.base.CharMatcher$IsEither                                     : loaded 2 times (x 107B)
Class org.gradle.internal.classloader.ClassLoaderHierarchy                            : loaded 2 times (x 66B)
Class com.google.common.collect.ImmutableEnumSet                                      : loaded 2 times (x 142B)
Class com.google.common.util.concurrent.ExecutionError                                : loaded 2 times (x 78B)
Class com.google.common.collect.ImmutableList$1                                       : loaded 2 times (x 93B)
Class org.gradle.api.internal.classpath.ManifestUtil                                  : loaded 2 times (x 67B)
Class com.google.common.collect.RegularImmutableMap                                   : loaded 2 times (x 117B)
Class com.google.common.collect.ImmutableMap$MapViewOfValuesAsSingletonSets           : loaded 2 times (x 121B)
Class [Lorg.objectweb.asm.Symbol;                                                     : loaded 2 times (x 65B)
Class org.objectweb.asm.ClassVisitor                                                  : loaded 2 times (x 84B)
Class com.google.common.collect.UnmodifiableListIterator                              : loaded 2 times (x 91B)
Class org.objectweb.asm.MethodTooLargeException                                       : loaded 2 times (x 79B)
Class [Lcom.google.common.cache.CacheBuilder$OneWeigher;                              : loaded 2 times (x 65B)
Class com.google.common.base.Suppliers                                                : loaded 2 times (x 67B)
Class com.google.common.base.Platform$JdkPatternCompiler                              : loaded 2 times (x 71B)
Class org.gradle.internal.classloader.DefaultClassLoaderFactory                       : loaded 2 times (x 78B)
Class com.google.common.base.CharMatcher$None                                         : loaded 2 times (x 108B)
Class org.gradle.internal.classloader.ClassLoaderVisitor                              : loaded 2 times (x 72B)
Class [Lcom.google.common.collect.ImmutableMapEntry;                                  : loaded 2 times (x 65B)
Class org.gradle.api.internal.classpath.EffectiveClassPath                            : loaded 2 times (x 86B)
Class com.google.common.collect.ImmutableRangeSet                                     : loaded 2 times (x 111B)
Class com.google.common.collect.ImmutableEnumMap                                      : loaded 2 times (x 121B)
Class com.google.common.collect.ListMultimap                                          : loaded 2 times (x 66B)
Class com.google.common.collect.Sets$1                                                : loaded 2 times (x 135B)
Class org.objectweb.asm.AnnotationVisitor                                             : loaded 2 times (x 74B)
Class com.google.common.base.Splitter                                                 : loaded 2 times (x 68B)
Class org.gradle.api.internal.DefaultClassPathProvider                                : loaded 2 times (x 72B)
Class com.google.common.collect.Sets$2                                                : loaded 2 times (x 135B)
Class [Lorg.gradle.api.internal.ClassPathProvider;                                    : loaded 2 times (x 65B)
Class org.gradle.api.internal.ClassPathProvider                                       : loaded 2 times (x 66B)
Class [Lorg.objectweb.asm.AnnotationVisitor;                                          : loaded 2 times (x 65B)
Class com.google.common.collect.Sets$3                                                : loaded 2 times (x 135B)
Class com.google.common.util.concurrent.AbstractFuture$SafeAtomicHelper               : loaded 2 times (x 75B)
Class com.google.common.cache.LocalCache$LocalLoadingCache                            : loaded 2 times (x 130B)
Class com.google.common.base.AbstractIterator$State                                   : loaded 2 times (x 75B)
Class org.gradle.internal.service.UnknownServiceException                             : loaded 2 times (x 79B)
Class com.google.common.collect.Sets$4                                                : loaded 2 times (x 135B)
Class org.objectweb.asm.ModuleVisitor                                                 : loaded 2 times (x 77B)
Class com.google.common.cache.LocalCache$Strength$1                                   : loaded 2 times (x 77B)
Class com.google.common.util.concurrent.SettableFuture                                : loaded 2 times (x 110B)
Class com.google.common.cache.LocalCache$Strength$2                                   : loaded 2 times (x 77B)
Class com.google.common.cache.LocalCache$Strength$3                                   : loaded 2 times (x 77B)
Class com.google.common.collect.MapDifference                                         : loaded 2 times (x 66B)
Class com.google.common.base.Splitter$1                                               : loaded 2 times (x 73B)
Class org.objectweb.asm.FieldWriter                                                   : loaded 2 times (x 74B)
Class com.google.common.cache.CacheBuilder$NullListener                               : loaded 2 times (x 78B)
Class org.gradle.internal.classpath.TransformedClassPath                              : loaded 2 times (x 92B)
Class com.google.common.collect.ImmutableRangeSet$AsSet                               : loaded 2 times (x 295B)
Class com.google.common.cache.CacheLoader$FunctionToCacheLoader                       : loaded 2 times (x 71B)
Class com.google.common.collect.Iterators$ArrayItr                                    : loaded 2 times (x 93B)
Class com.google.common.collect.ImmutableCollection$Builder                           : loaded 2 times (x 72B)
Class com.google.common.base.Joiner                                                   : loaded 2 times (x 75B)
Class com.google.common.base.MoreObjects                                              : loaded 2 times (x 67B)
Class [Lorg.objectweb.asm.Type;                                                       : loaded 2 times (x 65B)
Class com.google.common.collect.Platform                                              : loaded 2 times (x 67B)
Class com.google.common.collect.UnmodifiableIterator                                  : loaded 2 times (x 76B)
Class org.gradle.internal.service.ServiceLocator                                      : loaded 2 times (x 66B)
Class com.google.common.base.Ascii                                                    : loaded 2 times (x 67B)
Class com.google.common.collect.SingletonImmutableBiMap                               : loaded 2 times (x 139B)
Class com.google.common.cache.LocalCache$1                                            : loaded 2 times (x 85B)
Class com.google.common.collect.AbstractMapEntry                                      : loaded 2 times (x 77B)
Class com.google.common.collect.Sets$ImprovedAbstractSet                              : loaded 2 times (x 131B)
Class com.google.common.collect.ImmutableList$Builder                                 : loaded 2 times (x 73B)
Class com.google.common.cache.LocalCache$2                                            : loaded 2 times (x 138B)
Class com.google.common.collect.AbstractMultimap                                      : loaded 2 times (x 119B)
Class com.google.common.collect.ImmutableRangeSet$1                                   : loaded 2 times (x 205B)
Class com.google.common.util.concurrent.AbstractFuture$UnsafeAtomicHelper$1           : loaded 2 times (x 72B)
Class com.google.common.collect.RegularImmutableAsList                                : loaded 2 times (x 212B)
Class com.google.common.collect.Range                                                 : loaded 2 times (x 83B)
Class com.google.common.util.concurrent.AbstractFuture$Trusted                        : loaded 2 times (x 66B)
Class com.google.common.collect.Iterators                                             : loaded 2 times (x 67B)
Class com.google.common.base.CharMatcher$RangesMatcher                                : loaded 2 times (x 108B)
Class com.google.common.util.concurrent.UncheckedExecutionException                   : loaded 2 times (x 78B)
Class com.google.common.collect.Lists$StringAsImmutableList                           : loaded 2 times (x 203B)
Class org.gradle.kotlin.dsl.VersionCatalogAccessorsKt                                 : loaded 2 times (x 67B)
Class com.google.common.collect.ImmutableSortedSetFauxverideShim                      : loaded 2 times (x 143B)
Class com.google.common.base.CharMatcher$JavaLetterOrDigit                            : loaded 2 times (x 107B)
Class org.gradle.internal.InternalTransformer                                         : loaded 2 times (x 66B)
Class com.google.common.collect.AbstractMapBasedMultimap$KeySet$1                     : loaded 2 times (x 78B)
Class org.objectweb.asm.ClassWriter                                                   : loaded 2 times (x 102B)
Class com.google.common.cache.CacheLoader$UnsupportedLoadingOperationException        : loaded 2 times (x 78B)
Class com.google.common.base.CharMatcher$And                                          : loaded 2 times (x 108B)
Class org.gradle.internal.classloader.ClasspathUtil$1                                 : loaded 2 times (x 72B)
Class com.google.common.base.Objects                                                  : loaded 2 times (x 67B)
Class org.objectweb.asm.FieldVisitor                                                  : loaded 2 times (x 73B)
Class com.google.common.collect.IndexedImmutableSet                                   : loaded 2 times (x 146B)
Class com.google.common.collect.ImmutableMap$1                                        : loaded 2 times (x 77B)
Class com.google.common.collect.BiMap                                                 : loaded 2 times (x 66B)
Class org.gradle.api.internal.classpath.DefaultModuleRegistry$DefaultModule           : loaded 2 times (x 82B)
Class com.google.common.primitives.Ints                                               : loaded 2 times (x 67B)
Class com.google.common.collect.AbstractIterator                                      : loaded 2 times (x 78B)
Class com.google.common.math.MathPreconditions                                        : loaded 2 times (x 67B)
Class com.google.common.collect.Multiset                                              : loaded 2 times (x 66B)
Class com.google.common.collect.ArrayListMultimapGwtSerializationDependencies         : loaded 2 times (x 168B)
Class com.google.common.collect.RegularImmutableMap$KeySet                            : loaded 2 times (x 146B)
Class com.google.common.collect.AbstractIndexedListIterator                           : loaded 2 times (x 92B)
Class com.google.common.collect.ImmutableMapEntrySet                                  : loaded 2 times (x 147B)
Class org.gradle.api.internal.classpath.Module                                        : loaded 2 times (x 66B)
Class com.google.common.cache.Weigher                                                 : loaded 2 times (x 66B)
Class org.gradle.api.internal.classpath.UnknownModuleException                        : loaded 2 times (x 78B)
Class org.gradle.cache.GlobalCache                                                    : loaded 2 times (x 66B)
Class com.google.common.base.Stopwatch                                                : loaded 2 times (x 68B)
Class com.google.common.cache.LocalCache$Strength                                     : loaded 2 times (x 77B)
Class com.google.common.cache.Cache                                                   : loaded 2 times (x 66B)
Class com.google.common.util.concurrent.AbstractFuture$Cancellation                   : loaded 2 times (x 68B)
Class com.google.common.collect.ImmutableMap$Builder                                  : loaded 2 times (x 78B)
Class com.google.common.base.NullnessCasts                                            : loaded 2 times (x 67B)
Class com.google.common.cache.RemovalListener                                         : loaded 2 times (x 66B)
Class org.gradle.api.internal.DefaultClassPathRegistry                                : loaded 2 times (x 72B)
Class com.google.common.primitives.IntsMethodsForWeb                                  : loaded 2 times (x 67B)
Class com.google.common.collect.Multimap                                              : loaded 2 times (x 66B)
Class org.gradle.api.internal.ClassPathRegistry                                       : loaded 2 times (x 66B)
Class org.gradle.internal.classpath.DefaultClassPath$ImmutableUniqueList              : loaded 2 times (x 195B)
Class com.google.common.base.ExtraObjectsMethodsForWeb                                : loaded 2 times (x 67B)
Class com.google.common.base.PairwiseEquivalence                                      : loaded 2 times (x 79B)
Class com.google.common.cache.CacheBuilder                                            : loaded 2 times (x 68B)
Class com.google.common.collect.SingletonImmutableList                                : loaded 2 times (x 203B)
Class Settings_gradle$1                                                               : loaded 2 times (x 70B)
Class org.gradle.internal.classpath.ClassPath                                         : loaded 2 times (x 66B)
Class org.gradle.api.UncheckedIOException                                             : loaded 2 times (x 78B)
Class com.google.common.collect.ImmutableList$ReverseImmutableList                    : loaded 2 times (x 204B)
Class com.google.common.base.JdkPattern                                               : loaded 2 times (x 71B)
Class org.objectweb.asm.SymbolTable$Entry                                             : loaded 2 times (x 70B)
Class com.google.common.util.concurrent.AbstractFuture$AtomicHelper                   : loaded 2 times (x 74B)
Class org.objectweb.asm.Edge                                                          : loaded 2 times (x 68B)
Class com.google.common.base.Suppliers$SupplierOfInstance                             : loaded 2 times (x 75B)
Class com.google.common.collect.Iterators$1                                           : loaded 2 times (x 77B)
Class com.google.common.cache.LocalCache$ComputingValueReference                      : loaded 2 times (x 92B)
Class com.google.common.collect.SingletonImmutableSet                                 : loaded 2 times (x 142B)
Class com.google.common.collect.ImmutableMap$IteratorBasedImmutableMap                : loaded 2 times (x 121B)
Class com.google.common.cache.LocalCache$Segment                                      : loaded 2 times (x 150B)
Class com.google.common.collect.SortedIterable                                        : loaded 2 times (x 66B)
Class [Lorg.objectweb.asm.SymbolTable$Entry;                                          : loaded 2 times (x 65B)
Class com.google.common.cache.CacheLoader                                             : loaded 2 times (x 70B)
Class com.google.common.collect.Iterators$4                                           : loaded 2 times (x 78B)
Class com.google.common.collect.ImmutableBiMap                                        : loaded 2 times (x 139B)
Class com.google.common.collect.AbstractListMultimap                                  : loaded 2 times (x 168B)
Class org.gradle.internal.installation.GradleInstallation$1                           : loaded 2 times (x 71B)
Class org.gradle.api.internal.classpath.ModuleRegistry                                : loaded 2 times (x 66B)
Class com.google.common.util.concurrent.internal.InternalFutureFailureAccess          : loaded 2 times (x 68B)
Class com.google.common.collect.Iterators$5                                           : loaded 2 times (x 78B)
Class com.google.common.collect.ImmutableSet$JdkBackedSetBuilderImpl                  : loaded 2 times (x 72B)
Class com.google.common.base.Splitter$SplittingIterator                               : loaded 2 times (x 80B)
Class com.google.common.util.concurrent.AbstractFuture$UnsafeAtomicHelper             : loaded 2 times (x 74B)
Class com.google.common.cache.LocalCache$LocalManualCache$1                           : loaded 2 times (x 71B)
Class com.google.common.base.CharMatcher$ForPredicate                                 : loaded 2 times (x 108B)
Class com.google.common.collect.ImmutableCollection                                   : loaded 2 times (x 121B)
Class com.google.common.base.CharMatcher$AnyOf                                        : loaded 2 times (x 108B)
Class org.gradle.api.internal.classpath.DefaultModuleRegistry                         : loaded 2 times (x 82B)
Class com.google.common.util.concurrent.ListenableFuture                              : loaded 2 times (x 66B)
Class com.google.common.cache.ReferenceEntry                                          : loaded 2 times (x 66B)
Class com.google.common.collect.ImmutableSet$CachingAsList                            : loaded 2 times (x 143B)
Class com.google.common.base.Converter                                                : loaded 2 times (x 86B)
Class com.google.common.collect.Lists                                                 : loaded 2 times (x 67B)
Class com.google.common.base.CharMatcher$Any                                          : loaded 2 times (x 108B)
Class com.google.common.util.concurrent.AbstractFuture                                : loaded 2 times (x 102B)
Class com.google.common.base.FunctionalEquivalence                                    : loaded 2 times (x 79B)
Class com.google.common.collect.Iterators$9                                           : loaded 2 times (x 77B)
Class com.google.common.collect.AbstractMapBasedMultimap                              : loaded 2 times (x 135B)
Class com.google.common.collect.ImmutableAsList                                       : loaded 2 times (x 205B)
Class org.objectweb.asm.RecordComponentVisitor                                        : loaded 2 times (x 73B)
Class com.google.common.cache.CacheLoader$SupplierToCacheLoader                       : loaded 2 times (x 71B)
Class com.google.common.collect.Maps$EntryTransformer                                 : loaded 2 times (x 66B)
Class org.gradle.internal.service.ServiceLookupException                              : loaded 2 times (x 78B)
Class com.google.common.collect.ImmutableSortedSet                                    : loaded 2 times (x 295B)
Class [Lcom.google.common.cache.LocalCache$EntryFactory;                              : loaded 2 times (x 65B)
Class com.google.common.base.CharMatcher$JavaLetter                                   : loaded 2 times (x 107B)
Class org.gradle.internal.classloader.ClassLoaderFactory                              : loaded 2 times (x 66B)
Class com.google.common.cache.LocalCache$LocalManualCache                             : loaded 2 times (x 95B)
Class com.google.common.base.CharMatcher$IsNot                                        : loaded 2 times (x 107B)
Class com.google.common.base.CommonPattern                                            : loaded 2 times (x 70B)
Class org.gradle.internal.service.CachingServiceLocator                               : loaded 2 times (x 78B)
Class com.google.common.collect.AbstractMapBasedMultimap$KeySet                       : loaded 2 times (x 133B)
Class com.google.common.collect.RegularImmutableSortedSet                             : loaded 2 times (x 295B)
Class com.google.common.math.IntMath                                                  : loaded 2 times (x 67B)
Class com.google.common.collect.Iterators$10                                          : loaded 2 times (x 77B)
Class com.google.common.collect.ImmutableMapEntry                                     : loaded 2 times (x 81B)
Class com.google.common.base.CharMatcher$JavaDigit                                    : loaded 2 times (x 107B)
Class com.google.common.base.Equivalence                                              : loaded 2 times (x 78B)
Class com.google.common.collect.ImmutableMapEntry$NonTerminalImmutableMapEntry        : loaded 2 times (x 81B)
Class com.google.common.base.Function                                                 : loaded 2 times (x 66B)
Class com.google.common.cache.CacheBuilder$OneWeigher                                 : loaded 2 times (x 78B)
Class com.google.common.collect.RegularImmutableList                                  : loaded 2 times (x 208B)
Class com.google.common.collect.ImmutableBiMapFauxverideShim                          : loaded 2 times (x 116B)
Class org.gradle.internal.classloader.ClasspathUtil                                   : loaded 2 times (x 67B)
Class com.google.common.base.Charsets                                                 : loaded 2 times (x 67B)
Class com.google.common.util.concurrent.Uninterruptibles                              : loaded 2 times (x 67B)
Class com.google.common.collect.Maps                                                  : loaded 2 times (x 67B)
Class com.google.common.base.CharMatcher$JavaUpperCase                                : loaded 2 times (x 107B)
Class org.gradle.api.specs.Spec                                                       : loaded 2 times (x 66B)
Class [Lcom.google.common.collect.ImmutableEntry;                                     : loaded 2 times (x 65B)
Class com.google.common.cache.LocalCache$LoadingValueReference                        : loaded 2 times (x 92B)
Class com.google.common.collect.ObjectArrays                                          : loaded 2 times (x 67B)
Class com.google.common.base.Platform                                                 : loaded 2 times (x 67B)
Class [Lorg.objectweb.asm.AnnotationWriter;                                           : loaded 2 times (x 65B)
Class com.google.common.primitives.Ints$IntConverter                                  : loaded 2 times (x 86B)
Class com.google.common.collect.Maps$8                                                : loaded 2 times (x 78B)
Class com.google.common.collect.ImmutableRangeSet$Builder                             : loaded 2 times (x 73B)
Class com.google.common.collect.Sets$SetView                                          : loaded 2 times (x 134B)
Class com.google.common.cache.LocalCache$StrongValueReference                         : loaded 2 times (x 86B)
Class com.google.common.util.concurrent.AbstractFuture$SynchronizedHelper             : loaded 2 times (x 74B)
Class com.google.common.base.CharMatcher$Invisible                                    : loaded 2 times (x 108B)
Class org.objectweb.asm.Type                                                          : loaded 2 times (x 68B)
Class org.gradle.internal.classloader.VisitableURLClassLoader$InstrumentingVisitableURLClassLoader: loaded 2 times (x 119B)
Class org.objectweb.asm.ByteVector                                                    : loaded 2 times (x 75B)
Class [Lcom.google.common.cache.CacheBuilder$NullListener;                            : loaded 2 times (x 65B)
Class com.google.common.math.IntMath$1                                                : loaded 2 times (x 67B)
Class org.gradle.internal.classloader.VisitableURLClassLoader$Spec                    : loaded 2 times (x 70B)
Class org.gradle.internal.classpath.DefaultClassPath                                  : loaded 2 times (x 86B)
Class org.objectweb.asm.Symbol                                                        : loaded 2 times (x 69B)
Class com.google.common.base.AbstractIterator                                         : loaded 2 times (x 76B)
Class com.google.common.collect.RegularImmutableMap$Values                            : loaded 2 times (x 203B)
Class com.google.common.collect.ImmutableSet                                          : loaded 2 times (x 141B)
Class com.google.common.base.CharMatcher$Ascii                                        : loaded 2 times (x 108B)
Class com.google.common.base.CharMatcher$BitSetMatcher                                : loaded 2 times (x 108B)
Class org.gradle.internal.classloader.ClassLoaderSpec                                 : loaded 2 times (x 67B)
Class org.objectweb.asm.AnnotationWriter                                              : loaded 2 times (x 75B)
Class com.google.common.cache.CacheStats                                              : loaded 2 times (x 67B)
Class org.objectweb.asm.RecordComponentWriter                                         : loaded 2 times (x 74B)
Class com.google.common.util.concurrent.AbstractFuture$Listener                       : loaded 2 times (x 68B)
Class com.google.common.base.CharMatcher$Or                                           : loaded 2 times (x 108B)
Class Settings_gradle$1$1                                                             : loaded 2 times (x 70B)
Class org.objectweb.asm.Attribute                                                     : loaded 2 times (x 73B)
Class com.google.common.base.Supplier                                                 : loaded 2 times (x 66B)
Class org.gradle.internal.classloader.VisitableURLClassLoader                         : loaded 2 times (x 113B)
Class com.google.common.util.concurrent.AbstractFuture$Waiter                         : loaded 2 times (x 68B)
Class Settings_gradle                                                                 : loaded 2 times (x 124B)
Class org.gradle.internal.Cast                                                        : loaded 2 times (x 67B)
Class org.gradle.api.Action                                                           : loaded 2 times (x 66B)
Class com.google.common.collect.Sets                                                  : loaded 2 times (x 67B)
Class org.objectweb.asm.Handler                                                       : loaded 2 times (x 68B)
Class com.google.common.base.Ticker                                                   : loaded 2 times (x 68B)
Class com.google.common.base.Strings                                                  : loaded 2 times (x 67B)
Class com.google.common.base.CharMatcher$FastMatcher                                  : loaded 2 times (x 107B)
Class org.gradle.internal.agents.InstrumentingClassLoader                             : loaded 2 times (x 66B)
Class [Lcom.google.common.cache.LocalCache$Segment;                                   : loaded 2 times (x 65B)
Class [Lcom.google.common.cache.LocalCache$Strength;                                  : loaded 2 times (x 65B)
Class com.google.common.cache.CacheBuilder$1                                          : loaded 2 times (x 81B)
Class com.google.common.collect.ImmutableMap                                          : loaded 2 times (x 116B)
Class com.google.common.base.Predicate                                                : loaded 2 times (x 66B)
Class org.gradle.internal.classpath.DefaultClassPath$ImmutableUniqueList$Builder      : loaded 2 times (x 71B)
Class com.google.common.collect.AbstractRangeSet                                      : loaded 2 times (x 110B)
Class com.google.common.cache.LocalCache                                              : loaded 2 times (x 183B)
Class com.google.common.cache.CacheBuilder$2                                          : loaded 2 times (x 68B)
Class com.google.common.base.CharMatcher$NegatedFastMatcher                           : loaded 2 times (x 109B)
Class [Lcom.google.common.collect.AbstractMapEntry;                                   : loaded 2 times (x 65B)
Class com.google.common.collect.ImmutableEntry                                        : loaded 2 times (x 78B)
Class com.google.common.collect.ArrayListMultimap                                     : loaded 2 times (x 168B)
Class com.google.common.base.AbstractIterator$1                                       : loaded 2 times (x 67B)
Class com.google.common.base.CharMatcher$Digit                                        : loaded 2 times (x 108B)
Class org.gradle.api.GradleException                                                  : loaded 2 times (x 78B)
Class com.google.common.collect.CollectPreconditions                                  : loaded 2 times (x 67B)
Class com.google.common.base.CharMatcher$JavaIsoControl                               : loaded 2 times (x 108B)
Class com.google.common.collect.SortedMapDifference                                   : loaded 2 times (x 66B)
Class com.google.common.base.CharMatcher$JavaLowerCase                                : loaded 2 times (x 107B)
Class com.google.common.cache.LocalCache$EntryFactory                                 : loaded 2 times (x 79B)
Class com.google.common.cache.LocalCache$AbstractReferenceEntry                       : loaded 2 times (x 103B)
Class com.google.common.base.Splitter$1$1                                             : loaded 2 times (x 82B)
Class com.google.common.base.CharMatcher$Whitespace                                   : loaded 2 times (x 108B)
Class org.gradle.internal.IoActions                                                   : loaded 2 times (x 67B)
Class com.google.common.collect.ImmutableRangeSet$ComplementRanges                    : loaded 2 times (x 203B)
Class org.objectweb.asm.SymbolTable                                                   : loaded 2 times (x 68B)
Class com.google.common.cache.CacheLoader$InvalidCacheLoadException                   : loaded 2 times (x 78B)
Class com.google.common.collect.ImmutableSet$RegularSetBuilderImpl                    : loaded 2 times (x 73B)
Class com.google.common.base.CharMatcher$SingleWidth                                  : loaded 2 times (x 108B)
Class org.gradle.internal.classloader.SystemClassLoaderSpec                           : loaded 2 times (x 67B)
Class com.google.common.cache.LocalCache$StrongEntry                                  : loaded 2 times (x 104B)
Class com.google.common.util.concurrent.AbstractFuture$TrustedFuture                  : loaded 2 times (x 110B)
Class com.google.common.cache.LoadingCache                                            : loaded 2 times (x 66B)
Class org.objectweb.asm.MethodWriter                                                  : loaded 2 times (x 102B)
Class [Lcom.google.common.cache.Weigher;                                              : loaded 2 times (x 65B)
Class com.google.common.collect.RegularImmutableMap$BucketOverflowException           : loaded 2 times (x 78B)
Class com.google.common.collect.RegularImmutableBiMap                                 : loaded 2 times (x 144B)
Class com.google.common.cache.LocalCache$ValueReference                               : loaded 2 times (x 66B)
Class com.google.common.base.CharMatcher$Is                                           : loaded 2 times (x 107B)
Class com.google.common.base.CharMatcher$Negated                                      : loaded 2 times (x 109B)
Class com.google.common.util.concurrent.AbstractFuture$Failure                        : loaded 2 times (x 68B)
Class com.google.common.base.Equivalence$Equals                                       : loaded 2 times (x 78B)
Class com.google.common.collect.Hashing                                               : loaded 2 times (x 67B)
Class com.google.common.base.PatternCompiler                                          : loaded 2 times (x 66B)
Class com.google.common.base.Preconditions                                            : loaded 2 times (x 67B)
Class com.google.common.base.Joiner$1                                                 : loaded 2 times (x 76B)
Class org.objectweb.asm.Label                                                         : loaded 2 times (x 69B)
Class org.objectweb.asm.CurrentFrame                                                  : loaded 2 times (x 69B)
Class org.objectweb.asm.ClassTooLargeException                                        : loaded 2 times (x 79B)
Class com.google.common.collect.PeekingIterator                                       : loaded 2 times (x 66B)
Class com.google.common.base.CharMatcher                                              : loaded 2 times (x 107B)
Class com.google.common.collect.RangeGwtSerializationDependencies                     : loaded 2 times (x 67B)
Class com.google.common.base.Joiner$2                                                 : loaded 2 times (x 75B)
Class org.objectweb.asm.Frame                                                         : loaded 2 times (x 69B)
Class org.objectweb.asm.MethodVisitor                                                 : loaded 2 times (x 101B)
Class com.google.common.cache.LocalCache$EntryFactory$1                               : loaded 2 times (x 79B)
Class [Lcom.google.common.cache.RemovalListener;                                      : loaded 2 times (x 65B)
Class com.google.common.base.CharMatcher$1                                            : loaded 2 times (x 109B)
Class com.google.common.base.CharMatcher$NamedFastMatcher                             : loaded 2 times (x 108B)
Class com.google.common.collect.RangeSet                                              : loaded 2 times (x 66B)
Class com.google.common.cache.LocalCache$EntryFactory$2                               : loaded 2 times (x 79B)
Class com.google.common.collect.CollectCollectors                                     : loaded 2 times (x 67B)
Class org.objectweb.asm.ModuleWriter                                                  : loaded 2 times (x 78B)
Class com.google.common.cache.LocalCache$EntryFactory$3                               : loaded 2 times (x 79B)
Class com.google.common.base.Ticker$1                                                 : loaded 2 times (x 68B)
Class com.google.common.collect.ImmutableMapEntrySet$RegularEntrySet                  : loaded 2 times (x 147B)
Class com.google.common.collect.Maps$BiMapConverter                                   : loaded 2 times (x 86B)
Class com.google.common.cache.LocalCache$EntryFactory$4                               : loaded 2 times (x 79B)
Class com.google.common.collect.ImmutableSet$Builder                                  : loaded 2 times (x 81B)
Class com.google.common.base.CharMatcher$InRange                                      : loaded 2 times (x 107B)
Class com.google.common.cache.LocalCache$EntryFactory$5                               : loaded 2 times (x 79B)
Class com.google.common.base.Equivalence$Identity                                     : loaded 2 times (x 78B)
Class com.google.common.cache.LocalCache$EntryFactory$6                               : loaded 2 times (x 79B)
Class org.gradle.internal.installation.CurrentGradleInstallationLocator               : loaded 2 times (x 67B)
Class com.google.common.collect.Maps$KeySet                                           : loaded 2 times (x 133B)
Class com.google.common.cache.LocalCache$EntryFactory$7                               : loaded 2 times (x 79B)
Class com.google.common.collect.ImmutableSet$EmptySetBuilderImpl                      : loaded 2 times (x 72B)
Class com.google.common.collect.ImmutableList                                         : loaded 2 times (x 202B)
Class org.gradle.internal.service.DefaultServiceLocator                               : loaded 2 times (x 79B)
Class com.google.common.cache.LocalCache$EntryFactory$8                               : loaded 2 times (x 79B)
Class com.google.common.collect.ImmutableSet$SetBuilderImpl                           : loaded 2 times (x 72B)
Class org.gradle.internal.installation.CurrentGradleInstallation                      : loaded 2 times (x 69B)
Class com.google.common.cache.CacheLoader$1                                           : loaded 2 times (x 71B)
Class com.google.common.collect.ImmutableList$SubList                                 : loaded 2 times (x 204B)
Class org.gradle.util.internal.GUtil                                                  : loaded 2 times (x 67B)
Class com.google.common.util.concurrent.AbstractFuture$SetFuture                      : loaded 2 times (x 71B)
Class com.google.common.cache.AbstractCache$StatsCounter                              : loaded 2 times (x 66B)
Class com.google.common.collect.Iterators$MergingIterator                             : loaded 2 times (x 77B)
Class com.google.common.collect.RegularImmutableSet                                   : loaded 2 times (x 144B)
Class org.gradle.internal.installation.GradleInstallation                             : loaded 2 times (x 71B)
Class com.google.common.collect.Iterables                                             : loaded 2 times (x 67B)
Class com.google.common.base.Splitter$Strategy                                        : loaded 2 times (x 66B)

---------------  S Y S T E M  ---------------

OS:
 Windows 11 , 64 bit Build 22621 (10.0.22621.2506)
OS uptime: 1 days 20:49 hours

CPU: total 8 (initial active 8) (4 cores per cpu, 2 threads per core) family 6 model 140 stepping 1 microcode 0x86, cx8, cmov, fxsr, ht, mmx, 3dnowpref, sse, sse2, sse3, ssse3, sse4.1, sse4.2, popcnt, lzcnt, tsc, tscinvbit, avx, avx2, aes, erms, clmul, bmi1, bmi2, adx, avx512f, avx512dq, avx512cd, avx512bw, avx512vl, sha, fma, vzeroupper, avx512_vpopcntdq, avx512_vpclmulqdq, avx512_vaes, avx512_vnni, clflush, clflushopt, clwb, avx512_vbmi2, avx512_vbmi, rdtscp, rdpid, fsrm, gfni, avx512_bitalg, f16c, pku, cet_ibt, cet_ss, avx512_ifma
Processor Information for all 8 processors :
  Max Mhz: 2419, Current Mhz: 2419, Mhz Limit: 2419

Memory: 4k page, system-wide physical 7884M (241M free)
TotalPageFile size 20509M (AvailPageFile size 7M)
current process WorkingSet (physical memory assigned to process): 423M, peak: 423M
current process commit charge ("private bytes"): 454M, peak: 466M

vm_info: OpenJDK 64-Bit Server VM (21.0.4+-12508038-b607.1) for windows-amd64 JRE (21.0.4+-12508038-b607.1), built on 2024-10-16T17:23:34Z by "builder" with MS VC++ 16.10 / 16.11 (VS2019)

END.
